kind,h,origin,last_label,n
EJR,12,2005-11,2005-10,366
EJR,12,2005-12,2005-11,372
EJR,12,2006-01,2005-12,378
EJR,12,2006-02,2006-01,384
EJR,12,2006-03,2006-02,390
EJR,12,2006-04,2006-03,396
EJR,12,2006-05,2006-04,402
EJR,12,2006-06,2006-05,408
EJR,12,2006-07,2006-06,414
EJR,12,2006-08,2006-07,420
EJR,12,2006-09,2006-08,426
EJR,12,2006-10,2006-09,432
EJR,12,2006-11,2006-10,438
EJR,12,2006-12,2006-11,444
EJR,12,2007-01,2006-12,450
EJR,12,2007-02,2007-01,456
EJR,12,2007-03,2007-02,462
EJR,12,2007-04,2007-03,468
EJR,12,2007-05,2007-04,474
EJR,12,2007-06,2007-05,480
EJR,12,2007-07,2007-06,486
EJR,12,2007-08,2007-07,492
EJR,12,2007-09,2007-08,498
EJR,12,2007-10,2007-09,504
EJR,12,2007-11,2007-10,510
EJR,12,2007-12,2007-11,516
EJR,12,2008-01,2007-12,522
EJR,12,2008-02,2008-01,528
EJR,12,2008-03,2008-02,534
EJR,12,2008-04,2008-03,540
EJR,12,2008-05,2008-04,546
EJR,12,2008-06,2008-05,552
EJR,12,2008-07,2008-06,558
EJR,12,2008-08,2008-07,564
EJR,12,2008-09,2008-08,570
EJR,12,2008-10,2008-09,576
EJR,12,2008-11,2008-10,582
EJR,12,2008-12,2008-11,588
EJR,12,2009-01,2008-12,594
EJR,12,2009-02,2009-01,600
EJR,12,2009-03,2009-02,606
EJR,12,2009-04,2009-03,612
EJR,12,2009-05,2009-04,618
EJR,12,2009-06,2009-05,624
EJR,12,2009-07,2009-06,630
EJR,12,2009-08,2009-07,636
EJR,12,2009-09,2009-08,642
EJR,12,2009-10,2009-09,648
EJR,12,2009-11,2009-10,654
EJR,12,2009-12,2009-11,660
EJR,12,2010-01,2009-12,666
EJR,12,2010-02,2010-01,672
EJR,12,2010-03,2010-02,678
EJR,12,2010-04,2010-03,684
EJR,12,2010-05,2010-04,690
EJR,12,2010-06,2010-05,696
EJR,12,2010-07,2010-06,702
EJR,12,2010-08,2010-07,708
EJR,12,2010-09,2010-08,714
EJR,12,2010-10,2010-09,720
EJR,12,2010-11,2010-10,726
EJR,12,2010-12,2010-11,732
EJR,12,2011-01,2010-12,738
EJR,12,2011-02,2011-01,744
EJR,12,2011-03,2011-02,750
EJR,12,2011-04,2011-03,756
EJR,12,2011-05,2011-04,762
EJR,12,2011-06,2011-05,768
EJR,12,2011-07,2011-06,774
EJR,12,2011-08,2011-07,780
EJR,12,2011-09,2011-08,786
EJR,12,2011-10,2011-09,792
EJR,12,2011-11,2011-10,798
EJR,12,2011-12,2011-11,804
EJR,12,2012-01,2011-12,810
EJR,12,2012-02,2012-01,816
EJR,12,2012-03,2012-02,822
EJR,12,2012-04,2012-03,828
EJR,12,2012-05,2012-04,834
EJR,12,2012-06,2012-05,840
EJR,12,2012-07,2012-06,846
EJR,12,2012-08,2012-07,852
EJR,12,2012-09,2012-08,858
EJR,12,2012-10,2012-09,864
EJR,12,2012-11,2012-10,870
EJR,12,2012-12,2012-11,876
EJR,12,2013-01,2012-12,882
EJR,12,2013-02,2013-01,888
EJR,12,2013-03,2013-02,894
EJR,12,2013-04,2013-03,900
EJR,12,2013-05,2013-04,906
EJR,12,2013-06,2013-05,912
EJR,12,2013-07,2013-06,918
EJR,12,2013-08,2013-07,924
EJR,12,2013-09,2013-08,930
EJR,12,2013-10,2013-09,936
EJR,12,2013-11,2013-10,942
EJR,12,2013-12,2013-11,948
EJR,12,2014-01,2013-12,954
EJR,12,2014-02,2014-01,960
EJR,12,2014-03,2014-02,966
EJR,12,2014-04,2014-03,972
EJR,12,2014-05,2014-04,978
EJR,12,2014-06,2014-05,984
EJR,12,2014-07,2014-06,990
EJR,12,2014-08,2014-07,996
EJR,12,2014-09,2014-08,1002
EJR,12,2014-10,2014-09,1008
EJR,12,2014-11,2014-10,1014
EJR,12,2014-12,2014-11,1020
EJR,12,2015-01,2014-12,1026
EJR,12,2015-02,2015-01,1032
EJR,12,2015-03,2015-02,1038
EJR,12,2015-04,2015-03,1044
EJR,12,2015-05,2015-04,1050
EJR,12,2015-06,2015-05,1056
EJR,12,2015-07,2015-06,1062
EJR,12,2015-08,2015-07,1068
EJR,12,2015-09,2015-08,1074
EJR,12,2015-10,2015-09,1080
EJR,12,2015-11,2015-10,1086
EJR,12,2015-12,2015-11,1092
EJR,12,2016-01,2015-12,1098
EJR,12,2016-02,2016-01,1104
EJR,12,2016-03,2016-02,1110
EJR,12,2016-04,2016-03,1116
EJR,12,2016-05,2016-04,1122
EJR,12,2016-06,2016-05,1128
EJR,12,2016-07,2016-06,1134
EJR,12,2016-08,2016-07,1140
EJR,12,2016-09,2016-08,1146
EJR,12,2016-10,2016-09,1152
EJR,12,2016-11,2016-10,1158
EJR,12,2016-12,2016-11,1164
EJR,12,2017-01,2016-12,1170
EJR,12,2017-02,2017-01,1176
EJR,12,2017-03,2017-02,1182
EJR,12,2017-04,2017-03,1188
EJR,12,2017-05,2017-04,1194
EJR,12,2017-06,2017-05,1200
EJR,12,2017-07,2017-06,1206
EJR,12,2017-08,2017-07,1212
EJR,12,2017-09,2017-08,1218
EJR,12,2017-10,2017-09,1224
EJR,12,2017-11,2017-10,1230
EJR,12,2017-12,2017-11,1236
EJR,12,2018-01,2017-12,1242
EJR,12,2018-02,2018-01,1248
EJR,12,2018-03,2018-02,1254
EJR,12,2018-04,2018-03,1260
EJR,12,2018-05,2018-04,1266
EJR,12,2018-06,2018-05,1272
EJR,12,2018-07,2018-06,1278
EJR,12,2018-08,2018-07,1284
EJR,12,2018-09,2018-08,1290
EJR,12,2018-10,2018-09,1296
EJR,12,2018-11,2018-10,1302
EJR,12,2018-12,2018-11,1308
EJR,12,2019-01,2018-12,1314
EJR,12,2019-02,2019-01,1320
EJR,12,2019-03,2019-02,1326
EJR,12,2019-04,2019-03,1332
EJR,12,2019-05,2019-04,1338
EJR,12,2019-06,2019-05,1344
EJR,12,2019-07,2019-06,1350
EJR,12,2019-08,2019-07,1356
EJR,12,2019-09,2019-08,1362
EJR,12,2019-10,2019-09,1368
EJR,12,2019-11,2019-10,1374
EJR,12,2019-12,2019-11,1380
EJR,12,2020-01,2019-12,1386
EJR,12,2020-02,2020-01,1392
EJR,12,2020-03,2020-02,1398
EJR,12,2020-04,2020-03,1404
EJR,12,2020-05,2020-04,1410
EJR,12,2020-06,2020-05,1416
EJR,12,2020-07,2020-06,1422
EJR,12,2020-08,2020-07,1428
EJR,12,2020-09,2020-08,1434
EJR,12,2020-10,2020-09,1440
EJR,12,2020-11,2020-10,1446
EJR,12,2020-12,2020-11,1452
EJR,12,2021-01,2020-12,1458
EJR,12,2021-02,2021-01,1464
EJR,12,2021-03,2021-02,1470
EJR,12,2021-04,2021-03,1476
EJR,12,2021-05,2021-04,1482
EJR,12,2021-06,2021-05,1488
EJR,12,2021-07,2021-06,1494
EJR,12,2021-08,2021-07,1500
EJR,12,2021-09,2021-08,1506
EJR,12,2021-10,2021-09,1512
EJR,12,2021-11,2021-10,1518
EJR,12,2021-12,2021-11,1524
EJR,12,2022-01,2021-12,1530
EJR,12,2022-02,2022-01,1536
EJR,12,2022-03,2022-02,1542
EJR,12,2022-04,2022-03,1548
EJR,12,2022-05,2022-04,1554
EJR,12,2022-06,2022-05,1560
EJR,12,2022-07,2022-06,1566
EJR,12,2022-08,2022-07,1572
EJR,12,2022-09,2022-08,1578
EJR,12,2022-10,2022-09,1584
EJR,12,2022-11,2022-10,1590
EJR,12,2022-12,2022-11,1596
EJR,12,2023-01,2022-12,1602
EJR,12,2023-02,2023-01,1608
EJR,12,2023-03,2023-02,1614
EJR,12,2023-04,2023-03,1620
EJR,12,2023-05,2023-04,1626
EJR,12,2023-06,2023-05,1632
EJR,12,2023-07,2023-06,1638
EJR,12,2023-08,2023-07,1644
EJR,12,2023-09,2023-08,1650
EJR,12,2023-10,2023-09,1656
EJR,12,2023-11,2023-10,1662
EJR,12,2023-12,2023-11,1668
EJR,12,2024-01,2023-12,1674
EJR,12,2024-02,2024-01,1680
EJR,12,2024-03,2024-02,1686
EJR,12,2024-04,2024-03,1692
EJR,12,2024-05,2024-04,1698
EJR,12,2024-06,2024-05,1704
EJR,12,2024-07,2024-06,1710
EJR,12,2024-08,2024-07,1716
EJR,12,2024-09,2024-08,1722
EJR,12,2024-10,2024-09,1728
EJR,12,2024-11,2024-10,1734
EJR,12,2024-12,2024-11,1740
EJR,12,2025-01,2024-12,1746
EJR,12,2025-02,2025-01,1752
EJR,12,2025-03,2025-02,1758
EJR,12,2025-04,2025-03,1764
EJR,12,2025-05,2025-04,1770
EJR,12,2025-06,2025-05,1776
EJR,12,2025-07,2025-06,1782
EJR,12,2025-08,2025-07,1788
EJR,12,2025-09,2025-08,1794
EJR,12,2025-10,2025-09,1800
EJR,12,2025-11,2025-10,1806
EJR,12,2025-12,2025-11,1812
EJR,12,2026-01,2025-12,1818
EJR,12,2026-02,2026-01,1824
EJR,12,2026-03,2026-02,1830
EJR,12,2026-04,2026-03,1836
EJR,12,2026-05,2026-04,1842
EJR,12,2026-06,2026-05,1848
EJR,12,2026-07,2026-06,1854
EJR,12,2026-08,2026-07,1860
EJR,36,2007-11,2007-10,366
EJR,36,2007-12,2007-11,372
EJR,36,2008-01,2007-12,378
EJR,36,2008-02,2008-01,384
EJR,36,2008-03,2008-02,390
EJR,36,2008-04,2008-03,396
EJR,36,2008-05,2008-04,402
EJR,36,2008-06,2008-05,408
EJR,36,2008-07,2008-06,414
EJR,36,2008-08,2008-07,420
EJR,36,2008-09,2008-08,426
EJR,36,2008-10,2008-09,432
EJR,36,2008-11,2008-10,438
EJR,36,2008-12,2008-11,444
EJR,36,2009-01,2008-12,450
EJR,36,2009-02,2009-01,456
EJR,36,2009-03,2009-02,462
EJR,36,2009-04,2009-03,468
EJR,36,2009-05,2009-04,474
EJR,36,2009-06,2009-05,480
EJR,36,2009-07,2009-06,486
EJR,36,2009-08,2009-07,492
EJR,36,2009-09,2009-08,498
EJR,36,2009-10,2009-09,504
EJR,36,2009-11,2009-10,510
EJR,36,2009-12,2009-11,516
EJR,36,2010-01,2009-12,522
EJR,36,2010-02,2010-01,528
EJR,36,2010-03,2010-02,534
EJR,36,2010-04,2010-03,540
EJR,36,2010-05,2010-04,546
EJR,36,2010-06,2010-05,552
EJR,36,2010-07,2010-06,558
EJR,36,2010-08,2010-07,564
EJR,36,2010-09,2010-08,570
EJR,36,2010-10,2010-09,576
EJR,36,2010-11,2010-10,582
EJR,36,2010-12,2010-11,588
EJR,36,2011-01,2010-12,594
EJR,36,2011-02,2011-01,600
EJR,36,2011-03,2011-02,606
EJR,36,2011-04,2011-03,612
EJR,36,2011-05,2011-04,618
EJR,36,2011-06,2011-05,624
EJR,36,2011-07,2011-06,630
EJR,36,2011-08,2011-07,636
EJR,36,2011-09,2011-08,642
EJR,36,2011-10,2011-09,648
EJR,36,2011-11,2011-10,654
EJR,36,2011-12,2011-11,660
EJR,36,2012-01,2011-12,666
EJR,36,2012-02,2012-01,672
EJR,36,2012-03,2012-02,678
EJR,36,2012-04,2012-03,684
EJR,36,2012-05,2012-04,690
EJR,36,2012-06,2012-05,696
EJR,36,2012-07,2012-06,702
EJR,36,2012-08,2012-07,708
EJR,36,2012-09,2012-08,714
EJR,36,2012-10,2012-09,720
EJR,36,2012-11,2012-10,726
EJR,36,2012-12,2012-11,732
EJR,36,2013-01,2012-12,738
EJR,36,2013-02,2013-01,744
EJR,36,2013-03,2013-02,750
EJR,36,2013-04,2013-03,756
EJR,36,2013-05,2013-04,762
EJR,36,2013-06,2013-05,768
EJR,36,2013-07,2013-06,774
EJR,36,2013-08,2013-07,780
EJR,36,2013-09,2013-08,786
EJR,36,2013-10,2013-09,792
EJR,36,2013-11,2013-10,798
EJR,36,2013-12,2013-11,804
EJR,36,2014-01,2013-12,810
EJR,36,2014-02,2014-01,816
EJR,36,2014-03,2014-02,822
EJR,36,2014-04,2014-03,828
EJR,36,2014-05,2014-04,834
EJR,36,2014-06,2014-05,840
EJR,36,2014-07,2014-06,846
EJR,36,2014-08,2014-07,852
EJR,36,2014-09,2014-08,858
EJR,36,2014-10,2014-09,864
EJR,36,2014-11,2014-10,870
EJR,36,2014-12,2014-11,876
EJR,36,2015-01,2014-12,882
EJR,36,2015-02,2015-01,888
EJR,36,2015-03,2015-02,894
EJR,36,2015-04,2015-03,900
EJR,36,2015-05,2015-04,906
EJR,36,2015-06,2015-05,912
EJR,36,2015-07,2015-06,918
EJR,36,2015-08,2015-07,924
EJR,36,2015-09,2015-08,930
EJR,36,2015-10,2015-09,936
EJR,36,2015-11,2015-10,942
EJR,36,2015-12,2015-11,948
EJR,36,2016-01,2015-12,954
EJR,36,2016-02,2016-01,960
EJR,36,2016-03,2016-02,966
EJR,36,2016-04,2016-03,972
EJR,36,2016-05,2016-04,978
EJR,36,2016-06,2016-05,984
EJR,36,2016-07,2016-06,990
EJR,36,2016-08,2016-07,996
EJR,36,2016-09,2016-08,1002
EJR,36,2016-10,2016-09,1008
EJR,36,2016-11,2016-10,1014
EJR,36,2016-12,2016-11,1020
EJR,36,2017-01,2016-12,1026
EJR,36,2017-02,2017-01,1032
EJR,36,2017-03,2017-02,1038
EJR,36,2017-04,2017-03,1044
EJR,36,2017-05,2017-04,1050
EJR,36,2017-06,2017-05,1056
EJR,36,2017-07,2017-06,1062
EJR,36,2017-08,2017-07,1068
EJR,36,2017-09,2017-08,1074
EJR,36,2017-10,2017-09,1080
EJR,36,2017-11,2017-10,1086
EJR,36,2017-12,2017-11,1092
EJR,36,2018-01,2017-12,1098
EJR,36,2018-02,2018-01,1104
EJR,36,2018-03,2018-02,1110
EJR,36,2018-04,2018-03,1116
EJR,36,2018-05,2018-04,1122
EJR,36,2018-06,2018-05,1128
EJR,36,2018-07,2018-06,1134
EJR,36,2018-08,2018-07,1140
EJR,36,2018-09,2018-08,1146
EJR,36,2018-10,2018-09,1152
EJR,36,2018-11,2018-10,1158
EJR,36,2018-12,2018-11,1164
EJR,36,2019-01,2018-12,1170
EJR,36,2019-02,2019-01,1176
EJR,36,2019-03,2019-02,1182
EJR,36,2019-04,2019-03,1188
EJR,36,2019-05,2019-04,1194
EJR,36,2019-06,2019-05,1200
EJR,36,2019-07,2019-06,1206
EJR,36,2019-08,2019-07,1212
EJR,36,2019-09,2019-08,1218
EJR,36,2019-10,2019-09,1224
EJR,36,2019-11,2019-10,1230
EJR,36,2019-12,2019-11,1236
EJR,36,2020-01,2019-12,1242
EJR,36,2020-02,2020-01,1248
EJR,36,2020-03,2020-02,1254
EJR,36,2020-04,2020-03,1260
EJR,36,2020-05,2020-04,1266
EJR,36,2020-06,2020-05,1272
EJR,36,2020-07,2020-06,1278
EJR,36,2020-08,2020-07,1284
EJR,36,2020-09,2020-08,1290
EJR,36,2020-10,2020-09,1296
EJR,36,2020-11,2020-10,1302
EJR,36,2020-12,2020-11,1308
EJR,36,2021-01,2020-12,1314
EJR,36,2021-02,2021-01,1320
EJR,36,2021-03,2021-02,1326
EJR,36,2021-04,2021-03,1332
EJR,36,2021-05,2021-04,1338
EJR,36,2021-06,2021-05,1344
EJR,36,2021-07,2021-06,1350
EJR,36,2021-08,2021-07,1356
EJR,36,2021-09,2021-08,1362
EJR,36,2021-10,2021-09,1368
EJR,36,2021-11,2021-10,1374
EJR,36,2021-12,2021-11,1380
EJR,36,2022-01,2021-12,1386
EJR,36,2022-02,2022-01,1392
EJR,36,2022-03,2022-02,1398
EJR,36,2022-04,2022-03,1404
EJR,36,2022-05,2022-04,1410
EJR,36,2022-06,2022-05,1416
EJR,36,2022-07,2022-06,1422
EJR,36,2022-08,2022-07,1428
EJR,36,2022-09,2022-08,1434
EJR,36,2022-10,2022-09,1440
EJR,36,2022-11,2022-10,1446
EJR,36,2022-12,2022-11,1452
EJR,36,2023-01,2022-12,1458
EJR,36,2023-02,2023-01,1464
EJR,36,2023-03,2023-02,1470
EJR,36,2023-04,2023-03,1476
EJR,36,2023-05,2023-04,1482
EJR,36,2023-06,2023-05,1488
EJR,36,2023-07,2023-06,1494
EJR,36,2023-08,2023-07,1500
EJR,36,2023-09,2023-08,1506
EJR,36,2023-10,2023-09,1512
EJR,36,2023-11,2023-10,1518
EJR,36,2023-12,2023-11,1524
EJR,36,2024-01,2023-12,1530
EJR,36,2024-02,2024-01,1536
EJR,36,2024-03,2024-02,1542
EJR,36,2024-04,2024-03,1548
EJR,36,2024-05,2024-04,1554
EJR,36,2024-06,2024-05,1560
EJR,36,2024-07,2024-06,1566
EJR,36,2024-08,2024-07,1572
EJR,36,2024-09,2024-08,1578
EJR,36,2024-10,2024-09,1584
EJR,36,2024-11,2024-10,1590
EJR,36,2024-12,2024-11,1596
EJR,36,2025-01,2024-12,1602
EJR,36,2025-02,2025-01,1608
EJR,36,2025-03,2025-02,1614
EJR,36,2025-04,2025-03,1620
EJR,36,2025-05,2025-04,1626
EJR,36,2025-06,2025-05,1632
EJR,36,2025-07,2025-06,1638
EJR,36,2025-08,2025-07,1644
EJR,36,2025-09,2025-08,1650
EJR,36,2025-10,2025-09,1656
EJR,36,2025-11,2025-10,1662
EJR,36,2025-12,2025-11,1668
EJR,36,2026-01,2025-12,1674
EJR,36,2026-02,2026-01,1680
EJR,36,2026-03,2026-02,1686
EJR,36,2026-04,2026-03,1692
EJR,36,2026-05,2026-04,1698
EJR,36,2026-06,2026-05,1704
EJR,36,2026-07,2026-06,1710
EJR,36,2026-08,2026-07,1716
EJR,60,2009-11,2009-10,366
EJR,60,2009-12,2009-11,372
EJR,60,2010-01,2009-12,378
EJR,60,2010-02,2010-01,384
EJR,60,2010-03,2010-02,390
EJR,60,2010-04,2010-03,396
EJR,60,2010-05,2010-04,402
EJR,60,2010-06,2010-05,408
EJR,60,2010-07,2010-06,414
EJR,60,2010-08,2010-07,420
EJR,60,2010-09,2010-08,426
EJR,60,2010-10,2010-09,432
EJR,60,2010-11,2010-10,438
EJR,60,2010-12,2010-11,444
EJR,60,2011-01,2010-12,450
EJR,60,2011-02,2011-01,456
EJR,60,2011-03,2011-02,462
EJR,60,2011-04,2011-03,468
EJR,60,2011-05,2011-04,474
EJR,60,2011-06,2011-05,480
EJR,60,2011-07,2011-06,486
EJR,60,2011-08,2011-07,492
EJR,60,2011-09,2011-08,498
EJR,60,2011-10,2011-09,504
EJR,60,2011-11,2011-10,510
EJR,60,2011-12,2011-11,516
EJR,60,2012-01,2011-12,522
EJR,60,2012-02,2012-01,528
EJR,60,2012-03,2012-02,534
EJR,60,2012-04,2012-03,540
EJR,60,2012-05,2012-04,546
EJR,60,2012-06,2012-05,552
EJR,60,2012-07,2012-06,558
EJR,60,2012-08,2012-07,564
EJR,60,2012-09,2012-08,570
EJR,60,2012-10,2012-09,576
EJR,60,2012-11,2012-10,582
EJR,60,2012-12,2012-11,588
EJR,60,2013-01,2012-12,594
EJR,60,2013-02,2013-01,600
EJR,60,2013-03,2013-02,606
EJR,60,2013-04,2013-03,612
EJR,60,2013-05,2013-04,618
EJR,60,2013-06,2013-05,624
EJR,60,2013-07,2013-06,630
EJR,60,2013-08,2013-07,636
EJR,60,2013-09,2013-08,642
EJR,60,2013-10,2013-09,648
EJR,60,2013-11,2013-10,654
EJR,60,2013-12,2013-11,660
EJR,60,2014-01,2013-12,666
EJR,60,2014-02,2014-01,672
EJR,60,2014-03,2014-02,678
EJR,60,2014-04,2014-03,684
EJR,60,2014-05,2014-04,690
EJR,60,2014-06,2014-05,696
EJR,60,2014-07,2014-06,702
EJR,60,2014-08,2014-07,708
EJR,60,2014-09,2014-08,714
EJR,60,2014-10,2014-09,720
EJR,60,2014-11,2014-10,726
EJR,60,2014-12,2014-11,732
EJR,60,2015-01,2014-12,738
EJR,60,2015-02,2015-01,744
EJR,60,2015-03,2015-02,750
EJR,60,2015-04,2015-03,756
EJR,60,2015-05,2015-04,762
EJR,60,2015-06,2015-05,768
EJR,60,2015-07,2015-06,774
EJR,60,2015-08,2015-07,780
EJR,60,2015-09,2015-08,786
EJR,60,2015-10,2015-09,792
EJR,60,2015-11,2015-10,798
EJR,60,2015-12,2015-11,804
EJR,60,2016-01,2015-12,810
EJR,60,2016-02,2016-01,816
EJR,60,2016-03,2016-02,822
EJR,60,2016-04,2016-03,828
EJR,60,2016-05,2016-04,834
EJR,60,2016-06,2016-05,840
EJR,60,2016-07,2016-06,846
EJR,60,2016-08,2016-07,852
EJR,60,2016-09,2016-08,858
EJR,60,2016-10,2016-09,864
EJR,60,2016-11,2016-10,870
EJR,60,2016-12,2016-11,876
EJR,60,2017-01,2016-12,882
EJR,60,2017-02,2017-01,888
EJR,60,2017-03,2017-02,894
EJR,60,2017-04,2017-03,900
EJR,60,2017-05,2017-04,906
EJR,60,2017-06,2017-05,912
EJR,60,2017-07,2017-06,918
EJR,60,2017-08,2017-07,924
EJR,60,2017-09,2017-08,930
EJR,60,2017-10,2017-09,936
EJR,60,2017-11,2017-10,942
EJR,60,2017-12,2017-11,948
EJR,60,2018-01,2017-12,954
EJR,60,2018-02,2018-01,960
EJR,60,2018-03,2018-02,966
EJR,60,2018-04,2018-03,972
EJR,60,2018-05,2018-04,978
EJR,60,2018-06,2018-05,984
EJR,60,2018-07,2018-06,990
EJR,60,2018-08,2018-07,996
EJR,60,2018-09,2018-08,1002
EJR,60,2018-10,2018-09,1008
EJR,60,2018-11,2018-10,1014
EJR,60,2018-12,2018-11,1020
EJR,60,2019-01,2018-12,1026
EJR,60,2019-02,2019-01,1032
EJR,60,2019-03,2019-02,1038
EJR,60,2019-04,2019-03,1044
EJR,60,2019-05,2019-04,1050
EJR,60,2019-06,2019-05,1056
EJR,60,2019-07,2019-06,1062
EJR,60,2019-08,2019-07,1068
EJR,60,2019-09,2019-08,1074
EJR,60,2019-10,2019-09,1080
EJR,60,2019-11,2019-10,1086
EJR,60,2019-12,2019-11,1092
EJR,60,2020-01,2019-12,1098
EJR,60,2020-02,2020-01,1104
EJR,60,2020-03,2020-02,1110
EJR,60,2020-04,2020-03,1116
EJR,60,2020-05,2020-04,1122
EJR,60,2020-06,2020-05,1128
EJR,60,2020-07,2020-06,1134
EJR,60,2020-08,2020-07,1140
EJR,60,2020-09,2020-08,1146
EJR,60,2020-10,2020-09,1152
EJR,60,2020-11,2020-10,1158
EJR,60,2020-12,2020-11,1164
EJR,60,2021-01,2020-12,1170
EJR,60,2021-02,2021-01,1176
EJR,60,2021-03,2021-02,1182
EJR,60,2021-04,2021-03,1188
EJR,60,2021-05,2021-04,1194
EJR,60,2021-06,2021-05,1200
EJR,60,2021-07,2021-06,1206
EJR,60,2021-08,2021-07,1212
EJR,60,2021-09,2021-08,1218
EJR,60,2021-10,2021-09,1224
EJR,60,2021-11,2021-10,1230
EJR,60,2021-12,2021-11,1236
EJR,60,2022-01,2021-12,1242
EJR,60,2022-02,2022-01,1248
EJR,60,2022-03,2022-02,1254
EJR,60,2022-04,2022-03,1260
EJR,60,2022-05,2022-04,1266
EJR,60,2022-06,2022-05,1272
EJR,60,2022-07,2022-06,1278
EJR,60,2022-08,2022-07,1284
EJR,60,2022-09,2022-08,1290
EJR,60,2022-10,2022-09,1296
EJR,60,2022-11,2022-10,1302
EJR,60,2022-12,2022-11,1308
EJR,60,2023-01,2022-12,1314
EJR,60,2023-02,2023-01,1320
EJR,60,2023-03,2023-02,1326
EJR,60,2023-04,2023-03,1332
EJR,60,2023-05,2023-04,1338
EJR,60,2023-06,2023-05,1344
EJR,60,2023-07,2023-06,1350
EJR,60,2023-08,2023-07,1356
EJR,60,2023-09,2023-08,1362
EJR,60,2023-10,2023-09,1368
EJR,60,2023-11,2023-10,1374
EJR,60,2023-12,2023-11,1380
EJR,60,2024-01,2023-12,1386
EJR,60,2024-02,2024-01,1392
EJR,60,2024-03,2024-02,1398
EJR,60,2024-04,2024-03,1404
EJR,60,2024-05,2024-04,1410
EJR,60,2024-06,2024-05,1416
EJR,60,2024-07,2024-06,1422
EJR,60,2024-08,2024-07,1428
EJR,60,2024-09,2024-08,1434
EJR,60,2024-10,2024-09,1440
EJR,60,2024-11,2024-10,1446
EJR,60,2024-12,2024-11,1452
EJR,60,2025-01,2024-12,1458
EJR,60,2025-02,2025-01,1464
EJR,60,2025-03,2025-02,1470
EJR,60,2025-04,2025-03,1476
EJR,60,2025-05,2025-04,1482
EJR,60,2025-06,2025-05,1488
EJR,60,2025-07,2025-06,1494
EJR,60,2025-08,2025-07,1500
EJR,60,2025-09,2025-08,1506
EJR,60,2025-10,2025-09,1512
EJR,60,2025-11,2025-10,1518
EJR,60,2025-12,2025-11,1524
EJR,60,2026-01,2025-12,1530
EJR,60,2026-02,2026-01,1536
EJR,60,2026-03,2026-02,1542
EJR,60,2026-04,2026-03,1548
EJR,60,2026-05,2026-04,1554
EJR,60,2026-06,2026-05,1560
EJR,60,2026-07,2026-06,1566
EJR,60,2026-08,2026-07,1572
EJR,96,2012-11,2012-10,366
EJR,96,2012-12,2012-11,372
EJR,96,2013-01,2012-12,378
EJR,96,2013-02,2013-01,384
EJR,96,2013-03,2013-02,390
EJR,96,2013-04,2013-03,396
EJR,96,2013-05,2013-04,402
EJR,96,2013-06,2013-05,408
EJR,96,2013-07,2013-06,414
EJR,96,2013-08,2013-07,420
EJR,96,2013-09,2013-08,426
EJR,96,2013-10,2013-09,432
EJR,96,2013-11,2013-10,438
EJR,96,2013-12,2013-11,444
EJR,96,2014-01,2013-12,450
EJR,96,2014-02,2014-01,456
EJR,96,2014-03,2014-02,462
EJR,96,2014-04,2014-03,468
EJR,96,2014-05,2014-04,474
EJR,96,2014-06,2014-05,480
EJR,96,2014-07,2014-06,486
EJR,96,2014-08,2014-07,492
EJR,96,2014-09,2014-08,498
EJR,96,2014-10,2014-09,504
EJR,96,2014-11,2014-10,510
EJR,96,2014-12,2014-11,516
EJR,96,2015-01,2014-12,522
EJR,96,2015-02,2015-01,528
EJR,96,2015-03,2015-02,534
EJR,96,2015-04,2015-03,540
EJR,96,2015-05,2015-04,546
EJR,96,2015-06,2015-05,552
EJR,96,2015-07,2015-06,558
EJR,96,2015-08,2015-07,564
EJR,96,2015-09,2015-08,570
EJR,96,2015-10,2015-09,576
EJR,96,2015-11,2015-10,582
EJR,96,2015-12,2015-11,588
EJR,96,2016-01,2015-12,594
EJR,96,2016-02,2016-01,600
EJR,96,2016-03,2016-02,606
EJR,96,2016-04,2016-03,612
EJR,96,2016-05,2016-04,618
EJR,96,2016-06,2016-05,624
EJR,96,2016-07,2016-06,630
EJR,96,2016-08,2016-07,636
EJR,96,2016-09,2016-08,642
EJR,96,2016-10,2016-09,648
EJR,96,2016-11,2016-10,654
EJR,96,2016-12,2016-11,660
EJR,96,2017-01,2016-12,666
EJR,96,2017-02,2017-01,672
EJR,96,2017-03,2017-02,678
EJR,96,2017-04,2017-03,684
EJR,96,2017-05,2017-04,690
EJR,96,2017-06,2017-05,696
EJR,96,2017-07,2017-06,702
EJR,96,2017-08,2017-07,708
EJR,96,2017-09,2017-08,714
EJR,96,2017-10,2017-09,720
EJR,96,2017-11,2017-10,726
EJR,96,2017-12,2017-11,732
EJR,96,2018-01,2017-12,738
EJR,96,2018-02,2018-01,744
EJR,96,2018-03,2018-02,750
EJR,96,2018-04,2018-03,756
EJR,96,2018-05,2018-04,762
EJR,96,2018-06,2018-05,768
EJR,96,2018-07,2018-06,774
EJR,96,2018-08,2018-07,780
EJR,96,2018-09,2018-08,786
EJR,96,2018-10,2018-09,792
EJR,96,2018-11,2018-10,798
EJR,96,2018-12,2018-11,804
EJR,96,2019-01,2018-12,810
EJR,96,2019-02,2019-01,816
EJR,96,2019-03,2019-02,822
EJR,96,2019-04,2019-03,828
EJR,96,2019-05,2019-04,834
EJR,96,2019-06,2019-05,840
EJR,96,2019-07,2019-06,846
EJR,96,2019-08,2019-07,852
EJR,96,2019-09,2019-08,858
EJR,96,2019-10,2019-09,864
EJR,96,2019-11,2019-10,870
EJR,96,2019-12,2019-11,876
EJR,96,2020-01,2019-12,882
EJR,96,2020-02,2020-01,888
EJR,96,2020-03,2020-02,894
EJR,96,2020-04,2020-03,900
EJR,96,2020-05,2020-04,906
EJR,96,2020-06,2020-05,912
EJR,96,2020-07,2020-06,918
EJR,96,2020-08,2020-07,924
EJR,96,2020-09,2020-08,930
EJR,96,2020-10,2020-09,936
EJR,96,2020-11,2020-10,942
EJR,96,2020-12,2020-11,948
EJR,96,2021-01,2020-12,954
EJR,96,2021-02,2021-01,960
EJR,96,2021-03,2021-02,966
EJR,96,2021-04,2021-03,972
EJR,96,2021-05,2021-04,978
EJR,96,2021-06,2021-05,984
EJR,96,2021-07,2021-06,990
EJR,96,2021-08,2021-07,996
EJR,96,2021-09,2021-08,1002
EJR,96,2021-10,2021-09,1008
EJR,96,2021-11,2021-10,1014
EJR,96,2021-12,2021-11,1020
EJR,96,2022-01,2021-12,1026
EJR,96,2022-02,2022-01,1032
EJR,96,2022-03,2022-02,1038
EJR,96,2022-04,2022-03,1044
EJR,96,2022-05,2022-04,1050
EJR,96,2022-06,2022-05,1056
EJR,96,2022-07,2022-06,1062
EJR,96,2022-08,2022-07,1068
EJR,96,2022-09,2022-08,1074
EJR,96,2022-10,2022-09,1080
EJR,96,2022-11,2022-10,1086
EJR,96,2022-12,2022-11,1092
EJR,96,2023-01,2022-12,1098
EJR,96,2023-02,2023-01,1104
EJR,96,2023-03,2023-02,1110
EJR,96,2023-04,2023-03,1116
EJR,96,2023-05,2023-04,1122
EJR,96,2023-06,2023-05,1128
EJR,96,2023-07,2023-06,1134
EJR,96,2023-08,2023-07,1140
EJR,96,2023-09,2023-08,1146
EJR,96,2023-10,2023-09,1152
EJR,96,2023-11,2023-10,1158
EJR,96,2023-12,2023-11,1164
EJR,96,2024-01,2023-12,1170
EJR,96,2024-02,2024-01,1176
EJR,96,2024-03,2024-02,1182
EJR,96,2024-04,2024-03,1188
EJR,96,2024-05,2024-04,1194
EJR,96,2024-06,2024-05,1200
EJR,96,2024-07,2024-06,1206
EJR,96,2024-08,2024-07,1212
EJR,96,2024-09,2024-08,1218
EJR,96,2024-10,2024-09,1224
EJR,96,2024-11,2024-10,1230
EJR,96,2024-12,2024-11,1236
EJR,96,2025-01,2024-12,1242
EJR,96,2025-02,2025-01,1248
EJR,96,2025-03,2025-02,1254
EJR,96,2025-04,2025-03,1260
EJR,96,2025-05,2025-04,1266
EJR,96,2025-06,2025-05,1272
EJR,96,2025-07,2025-06,1278
EJR,96,2025-08,2025-07,1284
EJR,96,2025-09,2025-08,1290
EJR,96,2025-10,2025-09,1296
EJR,96,2025-11,2025-10,1302
EJR,96,2025-12,2025-11,1308
EJR,96,2026-01,2025-12,1314
EJR,96,2026-02,2026-01,1320
EJR,96,2026-03,2026-02,1326
EJR,96,2026-04,2026-03,1332
EJR,96,2026-05,2026-04,1338
EJR,96,2026-06,2026-05,1344
EJR,96,2026-07,2026-06,1350
EJR,96,2026-08,2026-07,1356
