asset,rule,benchmark,annual_difference,low,high
BIL,FX_ma1_b0,Fixed_0,0.01064814637,-0.06548059558,0.08250953762
BIL,FX_ma1_b0,Fixed_0.5,0.01230608461,-0.02548702222,0.04571282804
BIL,FX_ma1_b0,Fixed_1,0.01396402284,-0.01622415049,0.05058296623
BIL,FX_ma1_b0,Matched_expost,0.01295308489,-0.01417384239,0.03869632705
BIL,Smooth_FX,Fixed_0,0.01512255901,-0.05491334506,0.08250806592
BIL,Smooth_FX,Fixed_0.5,0.01678049724,-0.01829453735,0.04791284754
BIL,Smooth_FX,Fixed_1,0.01843843547,-0.01432001183,0.05830007794
BIL,Smooth_FX,Matched_smooth,0.0174886104,-0.009590299914,0.04592533877
BIL,Total_b0,Fixed_0,0.001182812556,-0.09001894908,0.08967441699
BIL,Total_b0,Fixed_0.5,0.00284075079,-0.04331179977,0.04534620228
BIL,Total_b0,Fixed_1,0.004498689025,0,0.01349606707
BIL,Total_b0,Matched_total,0.004438032748,-0.001195903269,0.01377814404
SPY,FX_ma1_b0,Fixed_0,0.01064814637,-0.06724138509,0.08343002272
SPY,FX_ma1_b0,Fixed_0.5,0.01230608461,-0.02507614013,0.0470792487
SPY,FX_ma1_b0,Fixed_1,0.01396402284,-0.01838291085,0.05067648874
SPY,FX_ma1_b0,Matched_expost,0.01295308489,-0.01553536819,0.04117464891
SPY,Smooth_FX,Fixed_0,0.01512255901,-0.05673096375,0.08077589607
SPY,Smooth_FX,Fixed_0.5,0.01678049724,-0.01918279057,0.04995182489
SPY,Smooth_FX,Fixed_1,0.01843843547,-0.01668083208,0.06216763218
SPY,Smooth_FX,Matched_smooth,0.0174886104,-0.01039416514,0.04580036871
SPY,Total_b0,Fixed_0,0.001182812556,-0.09033064162,0.08695119025
SPY,Total_b0,Fixed_0.5,0.00284075079,-0.04484806008,0.04550290631
SPY,Total_b0,Fixed_1,0.004498689025,0,0.01349606707
SPY,Total_b0,Matched_total,0.004438032748,-0.001144601378,0.01386208284
