BIL_None,BIL_Half,BIL_Full,BIL_FX,BIL_Total,SPY_None,SPY_Half,SPY_Full,SPY_FX,SPY_Total,month
,,,,,,,,,,1999-10
,,,,,,,,,,1999-11
,,,,,,,,,,1999-12
,,,,,,,,,,2000-01
,,,,,,,,,,2000-02
,,,,,,,,,,2000-03
,,,,,,,,,,2000-04
,,,,,,,,,,2000-05
,,,,,,,,,,2000-06
,,,,,,,,,,2000-07
,,,,,,,,,,2000-08
,,,,,,,,,,2000-09
,,,,,,,,,,2000-10
,,,,,,,,,,2000-11
,,,,,,,,,,2000-12
,,,,,,,,,,2001-01
,,,,,,,,,,2001-02
,,,,,,,,,,2001-03
,,,,,,,,,,2001-04
,,,,,,,,,,2001-05
,,,,,,,,,,2001-06
,,,,,,,,,,2001-07
,,,,,,,,,,2001-08
,,,,,,,,,,2001-09
,,,,,,,,,,2001-10
,,,,,,,,,,2001-11
,,,,,,,,,,2001-12
,,,,,,,,,,2002-01
,,,,,,,,,,2002-02
,,,,,,,,,,2002-03
,,,,,,,,,,2002-04
,,,,,,,,,,2002-05
,,,,,,,,,,2002-06
,,,,,,,,,,2002-07
,,,,,,,,,,2002-08
,,,,,,,,,,2002-09
,,,,,,,,,,2002-10
,,,,,,,,,,2002-11
,,,,,,,,,,2002-12
,,,,,,,,,,2003-01
,,,,,,,,,,2003-02
,,,,,,,,,,2003-03
,,,,,,,,,,2003-04
,,,,,,,,,,2003-05
,,,,,,,,,,2003-06
,,,,,,,,,,2003-07
,,,,,,,,,,2003-08
,,,,,,,,,,2003-09
,,,,,,,,,,2003-10
,,,,,,,,,,2003-11
,,,,,,,,,,2003-12
,,,,,,,,,,2004-01
,,,,,,,,,,2004-02
,,,,,,,,,,2004-03
,,,,,,,,,,2004-04
,,,,,,,,,,2004-05
,,,,,,,,,,2004-06
,,,,,,,,,,2004-07
,,,,,,,,,,2004-08
,,,,,,,,,,2004-09
,,,,,,,,,,2004-10
,,,,,,,,,,2004-11
,,,,,,,,,,2004-12
,,,,,,,,,,2005-01
,,,,,,,,,,2005-02
,,,,,,,,,,2005-03
,,,,,,,,,,2005-04
,,,,,,,,,,2005-05
,,,,,,,,,,2005-06
,,,,,,,,,,2005-07
,,,,,,,,,,2005-08
,,,,,,,,,,2005-09
,,,,,,,,,,2005-10
,,,,,,,,,,2005-11
,,,,,,,,,,2005-12
,,,,,,,,,,2006-01
,,,,,,,,,,2006-02
,,,,,,,,,,2006-03
,,,,,,,,,,2006-04
,,,,,,,,,,2006-05
,,,,,,,,,,2006-06
,,,,,,,,,,2006-07
,,,,,,,,,,2006-08
,,,,,,,,,,2006-09
,,,,,,,,,,2006-10
,,,,,,,,,,2006-11
,,,,,,,,,,2006-12
,,,,,,,,,,2007-01
,,,,,-0.02453958453,-0.01916010659,-0.01378062865,-0.02453958453,-0.02453958453,2007-02
,,,,,-0.02658222449,-0.0048460412,0.01689014209,-0.02658222449,-0.02658222449,2007-03
,,,,,0.04173180274,0.04573575739,0.04973971204,0.04173180274,0.04173180274,2007-04
,,,,,-0.01939909653,0.009068970574,0.03753703767,-0.01939909653,-0.01939909653,2007-05
0.001039426073,0.005379240234,0.009719054396,0.001039426073,0.001039426073,-0.01788509685,-0.01354528269,-0.009205468528,-0.01788509685,-0.01788509685,2007-06
-0.02950767806,-0.01032567055,0.008856336965,-0.02950767806,-0.02950767806,-0.06363579862,-0.0444537911,-0.02527178359,-0.06363579862,-0.06363579862,2007-07
0.05842799516,0.03376714958,0.009106304013,0.05842799516,0.05842799516,0.06746558174,0.04280473617,0.01814389059,0.06746558174,0.06746558174,2007-08
-0.05652454231,-0.02505851954,0.006407503235,-0.05652454231,-0.05652454231,-0.0218562877,0.009609735074,0.04107575785,-0.0218562877,-0.0218562877,2007-09
-0.05033327618,-0.02089080535,0.008551665471,-0.05033327618,-0.05033327618,-0.04122221565,-0.01177974483,0.017662726,-0.04122221565,-0.04122221565,2007-10
0.01994683995,0.01449718277,0.009047525583,0.01994683995,0.01994683995,-0.02342085101,-0.0288705082,-0.03432016538,-0.02342085101,-0.02342085101,2007-11
-0.004447263522,0.001461559756,0.007370383033,-0.004447263522,-0.004447263522,-0.01797225917,-0.0120634359,-0.006154612618,-0.01797225917,-0.01797225917,2007-12
0.006412920644,0.007792079281,0.009171237918,0.006412920644,0.006412920644,-0.05813858721,-0.05675942858,-0.05538026994,-0.05813858721,-0.05813858721,2008-01
-0.04585914255,-0.01902999415,0.007799154243,-0.04585914255,-0.04585914255,-0.07203350028,-0.04520435188,-0.01837520349,-0.07203350028,-0.07203350028,2008-02
0.03905467989,0.02385842185,0.00866216381,0.03905467989,0.03905467989,0.02736443,0.01216817196,-0.00302808608,0.02736443,0.02736443,2008-03
-0.02464183991,-0.009212787306,0.006216265295,-0.02464183991,-0.02464183991,0.02251468131,0.03794373391,0.05337278651,0.02251468131,0.02251468131,2008-04
-0.03640490462,-0.01402206243,0.008360779764,-0.03640490462,-0.03640490462,-0.02277691385,-0.0003940716551,0.02198877054,-0.02277691385,-0.02277691385,2008-05
-0.02477606135,-0.007533128361,0.009709804624,-0.02477606135,-0.02477606135,-0.1083645283,-0.09112159527,-0.07387866228,-0.1083645283,-0.1083645283,2008-06
-0.01622324973,-0.003284440869,0.009654367994,-0.01622324973,-0.01622324973,-0.0268894098,-0.01395060094,-0.001011792079,-0.0268894098,-0.0268894098,2008-07
0.04517132473,0.02718095193,0.009190579137,0.04517132473,0.04517132473,0.06049098354,0.04250061074,0.02451023795,0.06049098354,0.06049098354,2008-08
0.1840176414,0.09918840399,0.01435916662,0.1840176414,0.1840176414,0.06709030703,-0.01773893034,-0.1025681677,0.06709030703,0.06709030703,2008-09
0.09342569364,0.04990214227,0.006378590899,0.09342569364,0.09342569364,-0.08506621713,-0.1285897685,-0.1721133199,-0.08506621713,-0.08506621713,2008-10
0.1061502018,0.05767537943,0.009200557084,0.1061502018,0.1061502018,0.02967147463,-0.01880334772,-0.06727817007,0.02967147463,0.02967147463,2008-11
-0.001193703776,0.004433383922,0.01006047162,-0.001193703776,-0.001193703776,0.008284432715,0.01391152041,0.01953860811,0.008284432715,0.008284432715,2008-12
-0.00574750704,0.003345645099,0.01243879724,-0.00574750704,-0.00574750704,-0.08918000613,-0.080086854,-0.07099370186,-0.08918000613,-0.08918000613,2009-01
0.02904965532,0.01937498745,0.009700319588,0.02904965532,0.02904965532,-0.08148096733,-0.09115563519,-0.1008303031,-0.08148096733,-0.08148096733,2009-02
-0.02867845008,-0.009498284993,0.009681880094,-0.02867845008,-0.02867845008,0.05231234894,0.07149251403,0.09067267911,0.05231234894,0.05231234894,2009-03
-0.05940204401,-0.02510467918,0.00919268565,-0.05940204401,-0.05940204401,0.03341086663,0.06770823146,0.1020055963,0.03341086663,0.03341086663,2009-04
-0.07557470677,-0.03380699672,0.007960713337,-0.07557470677,-0.07557470677,-0.02164543803,0.02012227203,0.06188998208,-0.02164543803,-0.02164543803,2009-05
-0.03264631595,-0.01245639234,0.007733531267,-0.03264631595,-0.03264631595,-0.03315355056,-0.01296362695,0.007226296653,-0.03315355056,-0.03315355056,2009-06
-0.03681391339,-0.01516444491,0.006485023562,-0.03681391339,-0.03681391339,0.03570084242,0.05735031089,0.07899977937,0.03570084242,0.03570084242,2009-07
0.01402481775,0.01072120619,0.007417594628,0.01402481775,0.01402481775,0.05074848238,0.04744487082,0.04414125926,0.05074848238,0.05074848238,2009-08
-0.06247435881,-0.02775965946,0.006955039888,-0.06247435881,-0.06247435881,-0.02948596844,0.005228730903,0.03994343025,-0.02948596844,-0.02948596844,2009-09
-0.0286443399,-0.01094603546,0.006752268984,-0.0286443399,-0.0286443399,-0.04736079955,-0.02966249511,-0.01196419067,-0.04736079955,-0.04736079955,2009-10
0.01081633409,0.008553555953,0.006290777813,0.01081633409,0.01081633409,0.0735342342,0.07127145606,0.06900867792,0.0735342342,0.0735342342,2009-11
-0.002073730126,0.002470181265,0.007014092655,-0.002073730126,-0.002073730126,0.01667752189,0.02122143328,0.02576534467,0.01667752189,0.01667752189,2009-12
0.06818465371,0.03744721946,0.006709785211,0.06818465371,0.06818465371,0.02936428049,-0.001373153757,-0.03211058801,0.02936428049,0.02936428049,2010-01
-0.02196376994,-0.007733508798,0.006496752346,-0.02196376994,-0.02196376994,0.00876556386,0.022995825,0.03722608615,0.00876556386,0.00876556386,2010-02
-0.02198077076,-0.008235492774,0.005509785211,-0.02198077076,-0.02198077076,0.03763375082,0.05137902881,0.06512430679,0.03763375082,0.03763375082,2010-03
-0.03374599288,-0.01372896428,0.006288064315,-0.03374599288,-0.03374599288,-0.01836998689,0.001647041704,0.0216640703,-0.01836998689,-0.01836998689,2010-04
0.05333616116,0.03054116814,0.007746175125,0.05333616116,0.05333616116,-0.0307790213,-0.05357401432,-0.07636900734,-0.0307790213,-0.0307790213,2010-05
-0.008566131275,-0.0005317896807,0.007502551913,-0.008566131275,-0.008566131275,-0.06006882823,-0.05203448664,-0.04400014504,-0.06006882823,-0.06006882823,2010-06
-0.02261689838,-0.007591639974,0.007433618437,-0.02261689838,-0.02261689838,0.04459465404,0.05961991245,0.07464517086,0.04459465404,0.04459465404,2010-07
0.00158387859,0.004911981961,0.008240085332,0.00158387859,0.00158387859,-0.04346795513,-0.04013985176,-0.03681174839,-0.04346795513,-0.04346795513,2010-08
-0.03542119498,-0.01359055483,0.008240085332,-0.03542119498,-0.03542119498,0.05096096492,0.07279160508,0.09462224524,0.05096096492,0.05096096492,2010-09
0.003687716425,0.006073420082,0.008459123738,0.003687716425,0.003687716425,0.04180370833,0.04418941199,0.04657511564,0.04180370833,0.04180370833,2010-10
0.009034879083,0.008637482207,0.008240085332,0.009034879083,0.009034879083,0.009034879083,0.008637482207,0.008240085332,0.009034879083,0.009034879083,2010-11
-0.03597376921,-0.01397205637,0.008029656473,-0.03597376921,-0.03597376921,0.02869806809,0.05069978093,0.07270149377,0.02869806809,0.02869806809,2010-12
0.01044224032,0.009341162825,0.008240085332,0.01044224032,0.01044224032,0.03398589057,0.03288481307,0.03178373558,0.03398589057,0.03398589057,2011-01
-0.01155766124,-0.00146948032,0.008618700605,-0.01155766124,-0.01155766124,0.02277793258,0.0328661135,0.04295429442,0.02277793258,0.02277793258,2011-02
-0.02090441409,-0.006142856743,0.008618700605,-0.02090441409,-0.02090441409,-0.02078660118,-0.006025043837,0.008736513511,-0.02078660118,-0.02078660118,2011-03
-0.02710944733,-0.009056844046,0.00899575924,-0.02710944733,-0.02710944733,0.001066580069,0.01911918336,0.03717178664,0.001066580069,0.001066580069,2011-04
0.002157023019,0.005779718182,0.009402413346,0.002157023019,0.002157023019,-0.00929747903,-0.005674783866,-0.002052088702,-0.00929747903,-0.00929747903,2011-05
-0.01157112095,-0.001193705978,0.009183708989,-0.01157112095,-0.01157112095,-0.02824592019,-0.01786850522,-0.007491090254,-0.02824592019,-0.02824592019,2011-06
0.005910768138,0.007641021349,0.009371274561,0.005910768138,0.005910768138,-0.01421204468,-0.01248179147,-0.01075153826,-0.01421204468,-0.01421204468,2011-07
0.01782367118,0.01369106439,0.009558457594,0.01782367118,0.01782367118,-0.0381317097,-0.04226431649,-0.04639692328,-0.0381317097,-0.0381317097,2011-08
0.1592461137,0.08427576479,0.009305415893,0.1592461137,0.1592461137,0.07900553328,0.004035184376,-0.07093516452,0.07900553328,0.07900553328,2011-09
-0.09059848844,-0.04090555497,0.008787378492,-0.09059848844,-0.09059848844,0.009099425338,0.0587923588,0.1084852923,0.009099425338,0.009099425338,2011-10
0.07430635687,0.04167377446,0.009041192052,0.07430635687,0.009041192052,0.06970809209,0.03707550968,0.004442927272,0.06970809209,0.004442927272,2011-11
0.02908661938,0.01885734866,0.008628077942,0.02908661938,0.02908661938,0.04001989312,0.0297906224,0.01956135168,0.04001989312,0.04001989312,2011-12
-0.06965040889,-0.0307118657,0.008226677485,-0.06965040889,0.008226677485,-0.02629307812,0.01264546507,0.05158400825,-0.02629307812,0.05158400825,2012-01
-0.02054715587,-0.006141696147,0.008263763574,-0.02054715587,0.008263763574,0.02174353236,0.03614899208,0.0505544518,0.02174353236,0.0505544518,2012-02
0.07013378581,0.03897528874,0.007816791661,0.07013378581,0.07013378581,0.1047937269,0.07363522979,0.04247673272,0.1047937269,0.1047937269,2012-03
0.03578046565,0.02174222633,0.007703987009,0.03578046565,0.03578046565,0.02864193396,0.01460369464,0.0005654553233,0.02864193396,0.02864193396,2012-04
0.06602869083,0.03646558384,0.006902476863,0.06602869083,0.006902476863,0.00200787971,-0.02755522727,-0.05711833425,0.00200787971,-0.05711833425,2012-05
0.01840291875,0.01223737336,0.006071827971,0.01840291875,0.006071827971,0.06019322691,0.05402768153,0.04786213614,0.06019322691,0.04786213614,2012-06
-0.00175756792,0.002379559578,0.006516687076,-0.00175756792,0.006516687076,0.01005142954,0.01418855703,0.01832568453,0.01005142954,0.01832568453,2012-07
0.0007130186354,0.003421141395,0.006129264154,0.0007130186354,0.006129264154,0.02578324854,0.0284913713,0.03119949406,0.02578324854,0.03119949406,2012-08
-0.008493943816,-0.001376875121,0.005740193573,-0.008493943816,0.005740193573,0.01664195936,0.02375902805,0.03087609674,0.01664195936,0.03087609674,2012-09
0.001326184561,0.003642645562,0.005959106564,0.001326184561,0.005959106564,-0.01711118987,-0.01479472887,-0.01247826787,-0.01711118987,-0.01247826787,2012-10
0.03830282953,0.02181040939,0.005317989243,0.03830282953,0.005317989243,0.04440745786,0.02791503772,0.01142261757,0.04440745786,0.01142261757,2012-11
-0.02852088469,-0.01148792444,0.005545035819,-0.02852088469,0.005545035819,-0.01984091799,-0.002807957733,0.01422500252,-0.01984091799,0.01422500252,2012-12
-0.031459358,-0.01295716109,0.005545035819,-0.031459358,0.005545035819,0.01812025647,0.03662245338,0.05512465029,0.01812025647,0.05512465029,2013-01
-0.007117719162,-0.0007863416718,0.005545035819,-0.007117719162,0.005545035819,0.005550485402,0.01188186289,0.01821324038,0.005550485402,0.01821324038,2013-02
0.01864454962,0.01209479272,0.005545035819,0.01864454962,0.01864454962,0.05732336644,0.05077360953,0.04422385263,0.05732336644,0.05732336644,2013-03
-0.0003297233384,0.002498802254,0.005327327847,-0.0003297233384,-0.0003297233384,0.01909793968,0.02192646527,0.02475499086,0.01909793968,0.01909793968,2013-04
0.06001061291,0.03299080255,0.005970992187,0.06001061291,0.06001061291,0.0848012724,0.05778146204,0.03076165168,0.0848012724,0.0848012724,2013-05
0.03850663242,0.02220486541,0.005903098409,0.03850663242,0.005903098409,0.02487149498,0.00856972797,-0.007732039036,0.02487149498,-0.007732039036,2013-06
0.03410064626,0.02011495521,0.006129264154,0.03410064626,0.006129264154,0.08753981085,0.07355411979,0.05956842874,0.08753981085,0.05956842874,2013-07
0.02921396934,0.01786532821,0.006516687076,0.02921396934,0.006516687076,-0.001654484178,-0.01300312531,-0.02435176645,-0.001654484178,-0.02435176645,2013-08
-0.042748289,-0.01802761329,0.006693062416,-0.042748289,0.006693062416,-0.01223863688,0.01248203882,0.03720271453,-0.01223863688,0.03720271453,2013-09
-0.02463955168,-0.008974943375,0.006689664929,-0.02463955168,0.006689664929,0.02074835174,0.03641296005,0.05207756835,0.02074835174,0.05207756835,2013-10
0.05632770435,0.03169152599,0.007055347623,0.05632770435,0.007055347623,0.08787305738,0.06323687902,0.03860070066,0.08787305738,0.03860070066,2013-11
0.01784969639,0.01275945527,0.007669214153,0.01784969639,0.007669214153,0.04423915537,0.03914891426,0.03405867314,0.04423915537,0.03405867314,2013-12
0.02827072838,0.01796997127,0.007669214153,0.02827072838,0.007669214153,-0.007974178617,-0.01827493573,-0.02857569284,-0.007974178617,-0.02857569284,2014-01
-0.04242424974,-0.01708221452,0.008259820708,-0.04242424974,0.008259820708,0.0009415642608,0.02628359948,0.05162563471,0.0009415642608,0.05162563471,2014-02
-0.02472448862,-0.008348977904,0.008026532815,-0.02472448862,0.008026532815,-0.01641876875,-4.325802692e-05,0.01633225269,-0.01641876875,0.01633225269,2014-03
-0.005367781803,0.001436151764,0.008240085332,-0.005367781803,0.008240085332,0.001546149963,0.00835008353,0.0151540171,0.001546149963,0.0151540171,2014-04
-0.01253267186,-0.002051541738,0.008429588387,-0.01253267186,0.008429588387,0.01038301484,0.02086414497,0.03134527509,0.01038301484,0.03134527509,2014-05
-0.0142357218,-0.003010706158,0.00821430948,-0.0142357218,0.00821430948,0.006335305697,0.01756032133,0.02878533697,0.006335305697,0.02878533697,2014-06
0.02586952252,0.01703751228,0.008205502045,0.02586952252,0.008205502045,0.01230571642,0.003473706186,-0.005358304049,0.01230571642,-0.005358304049,2014-07
-0.004004109163,0.002321496296,0.008647101754,-0.004004109163,0.008647101754,0.03507463484,0.0414002403,0.04772584576,0.03507463484,0.04772584576,2014-08
0.09131407455,0.04987183147,0.008429588387,0.09131407455,0.008429588387,0.07625823224,0.03481598916,-0.006626253922,0.07625823224,-0.006626253922,2014-09
0.001004286313,0.004607609904,0.008210933496,0.001004286313,0.008210933496,0.02480244664,0.02840577024,0.03200909383,0.02480244664,0.03200909383,2014-10
0.03977169581,0.02419519821,0.008618700605,0.03977169581,0.008618700605,0.06833629344,0.05275979584,0.03718329823,0.06833629344,0.03718329823,2014-11
0.04008657402,0.0242388536,0.008391133173,0.04008657402,0.008391133173,0.03767542514,0.02182770471,0.005979984287,0.03767542514,0.005979984287,2014-12
0.00393821796,0.00635708297,0.008775947981,0.00393821796,0.008775947981,-0.02559447906,-0.02317561405,-0.02075674904,-0.02559447906,-0.02075674904,2015-01
0.0881118978,0.04874158618,0.009371274561,0.0881118978,0.009371274561,0.1492685984,0.1098982868,0.07052797516,0.1492685984,0.07052797516,2015-02
0.1209938554,0.06518256499,0.009371274561,0.1209938554,0.009371274561,0.1033879947,0.04757670426,-0.00823458617,0.1033879947,-0.00823458617,2015-03
-0.08822513977,-0.03933958741,0.009545964956,-0.08822513977,0.009545964956,-0.0790576109,-0.03017205854,0.01871349383,-0.0790576109,0.01871349383,2015-04
0.0617865673,0.03583613554,0.009885703775,0.009885703775,0.009885703775,0.07567213472,0.04972170296,0.02377127119,0.02377127119,0.02377127119,2015-05
-0.01454598238,-0.002214127346,0.01011772768,-0.01454598238,0.01011772768,-0.03456263555,-0.02223078052,-0.009898925485,-0.03456263555,-0.009898925485,2015-06
0.08713357414,0.04881113271,0.01048869128,0.01048869128,0.01048869128,0.1116910548,0.07336861337,0.03504617194,0.03504617194,0.03504617194,2015-07
0.0756648555,0.04326150933,0.01085816315,0.01085816315,0.01085816315,0.01010309911,-0.02230024706,-0.05470359324,-0.05470359324,-0.05470359324,2015-08
0.1024165199,0.05639621843,0.01037591696,0.01037591696,0.01037591696,0.07475730095,0.02873699948,-0.01728330199,-0.01728330199,-0.01728330199,2015-09
-0.03062414828,-0.009989179916,0.01064578845,0.01064578845,0.01064578845,0.05206117869,0.07269614705,0.09333111542,0.09333111542,0.09333111542,2015-10
-0.007495700744,0.001789928274,0.01107555729,0.01107555729,0.01107555729,-0.00408604393,0.005199585089,0.01448521411,0.01448521411,0.01448521411,2015-11
0.02896205423,0.01979739415,0.01063273407,0.01063273407,0.01063273407,0.01140062646,0.002235966382,-0.006928693698,-0.006928693698,-0.006928693698,2015-12
0.02441773047,0.01764509392,0.01087245737,0.01087245737,0.01087245737,-0.02679802456,-0.03357066111,-0.04034329767,-0.04034329767,-0.04034329767,2016-01
-0.01743948084,-0.003395703905,0.01064807303,0.01064807303,0.01064807303,-0.01825146054,-0.004207683601,0.009836093337,0.009836093337,0.009836093337,2016-02
-0.09257977921,-0.04096585309,0.01064807303,0.01064807303,0.01064807303,-0.03154097279,0.02007295333,0.07168687945,0.07168687945,0.07168687945,2016-03
-0.03597833507,-0.01245437016,0.01106959474,0.01106959474,0.01106959474,-0.03260216652,-0.009078201609,0.0144457633,0.0144457633,0.0144457633,2016-04
0.02520520978,0.01792664141,0.01064807303,0.01064807303,0.01064807303,0.04264557207,0.0353670037,0.02808843532,0.02808843532,0.02808843532,2016-05
-0.0951506159,-0.04235029977,0.01045001635,0.01045001635,0.01045001635,-0.09180676131,-0.03900644518,0.01379387094,0.01379387094,0.01379387094,2016-06
0.01559514612,0.01334365032,0.01109215452,0.01109215452,0.01109215452,0.05217511473,0.04992361893,0.04767212313,0.04767212313,0.04767212313,2016-07
-0.01435034248,-0.001851134724,0.01064807303,-0.01435034248,0.01064807303,-0.01317006115,-0.0006708533893,0.01182835437,-0.01317006115,0.01182835437,2016-08
0.002993350788,0.006930304555,0.01086725832,0.002993350788,0.01086725832,0.002832422531,0.006769376298,0.01070633007,0.002832422531,0.01070633007,2016-09
-0.01883397971,-0.003985564199,0.01086285132,-0.01883397971,0.01086285132,-0.03605569468,-0.02120727916,-0.006358863645,-0.03605569468,-0.006358863645,2016-10
0.06665350843,0.03832516392,0.009996819404,0.06665350843,0.009996819404,0.1064315789,0.0781032344,0.04977488989,0.1064315789,0.04977488989,2016-11
-0.04151699028,-0.01542188528,0.01067321972,-0.04151699028,0.01067321972,-0.02230060344,0.003794501565,0.02988960657,-0.02230060344,0.02988960657,2016-12
-0.04147745997,-0.01549443914,0.01048858169,0.01048858169,0.01048858169,-0.02475189315,0.001231127677,0.0272141485,0.0272141485,0.0272141485,2017-01
-0.006532130922,0.001739927242,0.01001198541,-0.006532130922,0.01001198541,0.03198318921,0.04025524737,0.04852730554,0.03198318921,0.04852730554,2017-02
0.02093716697,0.01485531348,0.00877345998,0.02093716697,0.00877345998,0.02239244798,0.01631059449,0.01022874099,0.02239244798,0.01022874099,2017-03
0.005447183861,0.007469268981,0.009491354102,0.005447183861,0.009491354102,0.01467226183,0.01669434695,0.01871643207,0.01467226183,0.01871643207,2017-04
0.02379910117,0.01597367784,0.008148254504,0.02379910117,0.008148254504,0.03808887822,0.03026345488,0.02243803155,0.03808887822,0.02243803155,2017-05
0.0143546316,0.0116942646,0.009033897601,0.0143546316,0.009033897601,0.0197721332,0.0171117662,0.0144513992,0.0197721332,0.0144513992,2017-06
-0.04818555195,-0.02042389786,0.007337756219,-0.04818555195,0.007337756219,-0.0289406666,-0.001179012512,0.02658264157,-0.0289406666,0.02658264157,2017-07
0.01028636333,0.008847622012,0.00740888069,0.01028636333,0.00740888069,0.01208270853,0.01064396721,0.009205225888,0.01208270853,0.009205225888,2017-08
0.00836092463,0.007674643912,0.006988363194,0.00836092463,0.006988363194,0.02793696071,0.02725068,0.02656439928,0.02793696071,0.02656439928,2017-09
0.02658222245,0.01639509697,0.00620797149,0.02658222245,0.00620797149,0.05003759002,0.03985046454,0.02966333906,0.05003759002,0.02966333906,2017-10
-0.00154489442,0.001954274625,0.005453443671,-0.00154489442,0.005453443671,0.02841081922,0.03190998826,0.03540915731,0.02841081922,0.03540915731,2017-11
0.01585758236,0.01076018565,0.005662788948,0.01585758236,0.005662788948,0.0274135247,0.02231612799,0.01721873129,0.0274135247,0.01721873129,2017-12
-0.04474402476,-0.01959073868,0.005562547402,-0.04474402476,0.005562547402,0.007770647292,0.03292393337,0.05807721945,0.007770647292,0.05807721945,2018-01
0.02714759315,0.01615568113,0.005163769114,0.02714759315,0.005163769114,-0.01102226951,-0.02201418153,-0.03300609354,-0.01102226951,-0.03300609354,2018-02
0.02575512229,0.01560136659,0.005447610894,0.02575512229,0.005447610894,-0.003657856286,-0.01381161198,-0.02396536768,-0.003657856286,-0.02396536768,2018-03
0.04588724015,0.02534244207,0.004797643988,0.04588724015,0.004797643988,0.05020154066,0.02965674258,0.009111944504,0.05020154066,0.009111944504,2018-04
0.07580215766,0.04056210444,0.005322051224,0.07580215766,0.005322051224,0.1003051216,0.06506506841,0.02982501519,0.1003051216,0.02982501519,2018-05
0.03380517149,0.01952614451,0.005247117532,0.005247117532,0.005247117532,0.03820671618,0.0239276892,0.00964866222,0.00964866222,0.00964866222,2018-06
-0.02871844874,-0.01193228769,0.00485387337,0.00485387337,0.00485387337,0.005867372833,0.02265353389,0.03943969495,0.03943969495,0.03943969495,2018-07
0.1187895821,0.06203392589,0.005278269653,0.005278269653,0.005278269653,0.1526731801,0.09591752384,0.0391618676,0.0391618676,0.0391618676,2018-08
-0.03475883837,-0.01495168851,0.00485546135,0.00485546135,0.00485546135,-0.03037709485,-0.01056994499,0.009237204866,0.009237204866,0.009237204866,2018-09
-0.07655995686,-0.03584294099,0.004874074874,0.004874074874,0.004874074874,-0.1418372615,-0.1011202457,-0.0604032298,-0.0604032298,-0.0604032298,2018-10
0.04346362899,0.02435120056,0.005238772132,0.005238772132,0.005238772132,0.06084601006,0.04173358163,0.0226211532,0.0226211532,0.0226211532,2018-11
0.007398655971,0.006269049006,0.005139442041,0.005139442041,0.005139442041,-0.08297713533,-0.08410674229,-0.08523634926,-0.08523634926,-0.08523634926,2018-12
-0.05546268239,-0.02535796863,0.004746745142,0.004746745142,0.004746745142,0.01838085147,0.04848556524,0.078590279,0.078590279,0.078590279,2019-01
0.02368180458,0.01433358261,0.004985360641,0.004985360641,0.004985360641,0.05491615346,0.04556793149,0.03621970952,0.03621970952,0.03621970952,2019-02
0.04595403994,0.02543932797,0.004924615992,0.004924615992,0.004924615992,0.0630258047,0.04251109273,0.02199638075,0.02199638075,0.02199638075,2019-03
0.00767529337,0.006354291382,0.005033289394,0.005033289394,0.005033289394,0.04682598953,0.04550498754,0.04418398555,0.04418398555,0.04418398555,2019-04
0.01757224698,0.01141207689,0.00525190681,0.00525190681,0.00525190681,-0.04933648624,-0.05549665632,-0.06165682641,-0.06165682641,-0.06165682641,2019-05
-0.03934098494,-0.01725150684,0.004837971267,0.004837971267,0.004837971267,0.02564577503,0.04773525314,0.06982473124,0.06982473124,0.06982473124,2019-06
-0.008896671217,-0.002007076554,0.00488251811,0.00488251811,0.00488251811,0.004276221031,0.01116581569,0.01805541036,0.01805541036,0.01805541036,2019-07
0.1008926661,0.0529263836,0.004960101126,0.004960101126,0.004960101126,0.08062842521,0.03266214274,-0.01530413973,-0.01530413973,-0.01530413973,2019-08
0.002063702025,0.003295718088,0.004527734151,0.004527734151,0.004527734151,0.0199106194,0.02114263547,0.02237465153,0.02237465153,0.02237465153,2019-09
-0.0389005844,-0.01732017617,0.004260232057,0.004260232057,0.004260232057,-0.01923194454,0.002348463683,0.02392887191,0.02392887191,0.02392887191,2019-10
0.06118768678,0.03243060014,0.003673513507,0.003673513507,0.003673513507,0.09841195112,0.06965486448,0.04089777785,0.04089777785,0.04089777785,2019-11
-0.04876747044,-0.02259035031,0.003586769824,0.003586769824,0.003586769824,-0.02222025175,0.003956868387,0.03013398852,0.03013398852,0.03013398852,2019-12
0.06276418031,0.03308448923,0.003404798142,0.003404798142,0.003404798142,0.06105813345,0.03137844236,0.001698751275,0.001698751275,0.001698751275,2020-01
0.05237656094,0.02787277877,0.003368996596,0.003368996596,0.003368996596,-0.03207885299,-0.05658263516,-0.08108641733,-0.08108641733,-0.08108641733,2020-02
0.1623949418,0.08334711866,0.004299295522,0.004299295522,0.004299295522,0.01516950797,-0.06387831517,-0.1429261383,-0.1429261383,-0.1429261383,2020-03
0.0347923986,0.01867866862,0.002564938637,0.002564938637,0.002564938637,0.1664232984,0.1503095685,0.1341958385,0.1341958385,0.1341958385,2020-04
-0.005361271161,-0.001383647632,0.002593975897,0.002593975897,0.002593975897,0.04221087194,0.04618849547,0.050166119,0.050166119,0.050166119,2020-05
0.01886894068,0.01051542876,0.002161916845,0.002161916845,0.002161916845,0.03693784842,0.02858433651,0.02023082459,0.02023082459,0.02023082459,2020-06
-0.05319613769,-0.0257704636,0.001655210492,0.001655210492,0.001655210492,0.002453420191,0.02987909428,0.05730476837,0.05730476837,0.05730476837,2020-07
0.04935025947,0.0254509538,0.001551648141,0.001551648141,0.001551648141,0.1225919615,0.09869265582,0.07479335015,0.07479335015,0.07479335015,2020-08
0.0443032367,0.022711127,0.001119017297,0.001119017297,0.001119017297,0.005420167566,-0.01617194213,-0.03776405183,-0.03776405183,-0.03776405183,2020-09
0.02057343049,0.01101609202,0.001458753559,0.001458753559,0.001458753559,-0.004981706637,-0.0145390451,-0.02409638356,-0.02409638356,-0.02409638356,2020-10
-0.08268317041,-0.04071801678,0.001247136852,0.001247136852,0.001247136852,0.01721062022,0.05917577385,0.1011409275,0.1011409275,0.1011409275,2020-11
-0.0203624499,-0.009491526443,0.001379397011,0.001379397011,0.001379397011,0.01589843217,0.02676935562,0.03764027908,0.03764027908,0.03764027908,2020-12
0.05606805825,0.02870768572,0.00134731318,0.00134731318,0.00134731318,0.04530615479,0.01794578225,-0.009414590285,-0.009414590285,-0.009414590285,2021-01
0.002271261802,0.001754606281,0.00123795076,0.00123795076,0.00123795076,0.03025216931,0.02973551379,0.02921885827,0.02921885827,0.02921885827,2021-02
0.0455261714,0.02337953882,0.001232906231,0.001232906231,0.001232906231,0.09311198957,0.07096535698,0.0488187244,0.0488187244,0.0488187244,2021-03
-0.07003097279,-0.03403601247,0.001958947845,0.001958947845,0.001958947845,-0.02082584874,0.01516911158,0.0511640719,0.0511640719,0.0511640719,2021-04
-0.02103571841,-0.009591952844,0.001851812723,0.001851812723,0.001851812723,-0.01449994553,-0.003056179959,0.008387585608,0.008387585608,0.008387585608,2021-05
-0.05098156459,-0.02431103295,0.002359498682,0.002359498682,0.002359498682,-0.02948585038,-0.00281531874,0.0238552129,0.0238552129,0.0238552129,2021-06
0.02749499212,0.01527596602,0.003056939927,0.003056939927,0.003056939927,0.05269465658,0.04047563048,0.02825660439,0.02825660439,0.02825660439,2021-07
0.01579405572,0.009426692275,0.003059328827,0.003059328827,0.003059328827,0.04613795225,0.03977058881,0.03340322536,0.03340322536,0.03340322536,2021-08
0.04286442266,0.02347332782,0.004082232979,0.004082232979,0.004082232979,-0.00584697365,-0.02523806849,-0.04462916333,-0.04462916333,-0.04462916333,2021-09
0.04291048596,0.02377851692,0.004646547888,0.004646547888,0.004646547888,0.1162063264,0.09707435739,0.07794238836,0.07794238836,0.07794238836,2021-10
-0.005599699329,5.882148708e-05,0.005717342304,0.005717342304,0.005717342304,-0.01337384746,-0.007715326645,-0.002056805828,-0.002056805828,-0.002056805828,2021-11
-0.007133722431,-0.0005993933478,0.005934935736,0.005934935736,0.005934935736,0.03878429321,0.0453186223,0.05185295138,0.05185295138,0.05185295138,2021-12
-0.03417119608,-0.01353821613,0.007094763815,0.007094763815,0.007094763815,-0.08511014366,-0.06447716371,-0.04384418376,-0.04384418376,-0.04384418376,2022-01
-0.04059042652,-0.01685282273,0.006884781062,0.006884781062,0.006884781062,-0.06870558153,-0.04496797774,-0.02123037395,-0.02123037395,-0.02123037395,2022-02
-0.07481598688,-0.03307545957,0.008665067732,0.008665067732,0.008665067732,-0.04047913117,0.001261396137,0.04300192344,0.04300192344,0.04300192344,2022-03
0.02527744188,0.01697566888,0.008673895871,0.008673895871,0.008673895871,-0.06460778434,-0.07290955735,-0.08121133036,-0.08121133036,-0.08121133036,2022-04
-0.02808775348,-0.009491369083,0.009105015319,0.009105015319,0.009105015319,-0.02621354339,-0.007617158993,0.01097922541,0.01097922541,0.01097922541,2022-05
0.09829183772,0.05413083533,0.009969832945,0.009969832945,0.009969832945,0.006943990512,-0.03721701188,-0.08137801427,-0.08137801427,-0.08137801427,2022-06
-0.009094494812,6.489551828e-05,0.009224285848,0.009224285848,0.009224285848,0.08176474224,0.09092413257,0.1000835229,0.1000835229,0.1000835229,2022-07
-0.00257832246,0.003799026373,0.01017637521,0.01017637521,0.01017637521,-0.04512433863,-0.03874698979,-0.03236964096,-0.03236964096,-0.03236964096,2022-08
0.04997689331,0.03038106317,0.01078523302,0.01078523302,0.01078523302,-0.04905527026,-0.06865110041,-0.08824693056,-0.08824693056,-0.08824693056,2022-09
-0.01312461967,-0.001778428805,0.009567762061,0.009567762061,0.009567762061,0.06539469476,0.07674088562,0.08808707649,0.08808707649,0.08808707649,2022-10
0.001576578173,0.006364165378,0.01115175258,0.01115175258,0.01115175258,0.05393438425,0.05872197146,0.06350955866,0.06350955866,0.06350955866,2022-11
-0.000203310853,0.005402719442,0.01100874974,0.01100874974,0.01100874974,-0.0612239638,-0.05561793351,-0.05001190321,-0.05001190321,-0.05001190321,2022-12
-0.03035606746,-0.01030714358,0.009741780309,0.009741780309,0.009741780309,0.0277011863,0.04775011019,0.06779903407,0.06779903407,0.06779903407,2023-01
0.02196086251,0.01623801154,0.01051516056,0.01051516056,0.01051516056,-0.007166992526,-0.0128898435,-0.01861269448,-0.01861269448,-0.01861269448,2023-02
-0.02180680593,-0.005562837247,0.01068113144,0.01068113144,0.01068113144,0.01042974944,0.02667371813,0.04291768681,0.04291768681,0.04291768681,2023-03
-0.01121136239,-0.0005210896119,0.01016918316,0.01016918316,0.01016918316,0.0009505143181,0.01164078709,0.02233105987,0.02233105987,0.02233105987,2023-04
0.0207700583,0.01558881004,0.01040756178,0.01040756178,0.01040756178,0.02164949887,0.01646825061,0.01128700235,0.01128700235,0.01128700235,2023-05
-0.03960292301,-0.01440326478,0.01079639346,0.01079639346,0.01079639346,0.01794157188,0.04314123012,0.06834088835,0.06834088835,0.06834088835,2023-06
-0.0246285483,-0.007242651864,0.01014324458,0.01014324458,0.01014324458,0.003425240894,0.02081113733,0.03819703377,0.03819703377,0.03819703377,2023-07
0.03988917721,0.02561110318,0.01133302915,0.01133302915,0.01133302915,0.01793280064,0.003654726609,-0.01062334742,-0.01062334742,-0.01062334742,2023-08
0.02962799555,0.01977246917,0.009916942789,0.009916942789,0.009916942789,-0.02311042395,-0.03296595033,-0.04282147671,-0.04282147671,-0.04282147671,2023-09
0.01474664919,0.01227704107,0.009807432952,0.009807432952,0.009807432952,-0.01154175994,-0.01401136806,-0.01648097618,-0.01648097618,-0.01648097618,2023-10
-0.01961754373,-0.004797752617,0.01002203849,0.01002203849,0.01002203849,0.06494805876,0.07976784987,0.09458764098,0.09458764098,0.09458764098,2023-11
-0.01327545047,-0.001997038084,0.009281374307,0.009281374307,0.009281374307,0.02738144969,0.03865986208,0.04993827447,0.04993827447,0.04993827447,2023-12
0.02650808579,0.01778847811,0.009068870417,0.009068870417,0.009068870417,0.03842534796,0.02970574027,0.02098613258,0.02098613258,0.02098613258,2024-01
0.01116937489,0.01017464424,0.009179913599,0.009179913599,0.009179913599,0.0592326531,0.05823792245,0.05724319181,0.05724319181,0.05724319181,2024-02
0.005085714089,0.006761481191,0.008437248292,0.008437248292,0.008437248292,0.03371391591,0.03538968301,0.03706545011,0.03706545011,0.03706545011,2024-03
0.02983502407,0.01911042022,0.008385816369,0.008385816369,0.008385816369,-0.01594024808,-0.02666485193,-0.03738945578,-0.03738945578,-0.03738945578,2024-04
0.01908262372,0.01383808803,0.008593552336,0.008593552336,0.008593552336,0.06575384724,0.06050931155,0.05526477586,0.05526477586,0.05526477586,2024-05
0.06282570961,0.0354090923,0.007992475,0.007992475,0.007992475,0.09594578897,0.06852917166,0.04111255436,0.04111255436,0.04111255436,2024-06
0.02611916456,0.0172447697,0.008370374846,0.008370374846,0.008370374846,0.03388400928,0.02500961442,0.01613521956,0.01613521956,0.01613521956,2024-07
0.00179548863,0.005082571545,0.00836965446,0.00836965446,0.00836965446,0.02049117687,0.02377825978,0.0270653427,0.0270653427,0.0270653427,2024-08
-0.03196970578,-0.01206720982,0.007835286147,0.007835286147,0.007835286147,-0.01579208487,0.004110411098,0.02401290706,0.02401290706,0.02401290706,2024-09
0.06929703771,0.03892724795,0.008557458185,0.008557458185,0.008557458185,0.05558770728,0.02521791752,-0.005151872246,-0.005151872246,-0.005151872246,2024-10
0.06261360972,0.03544554048,0.008277471244,0.008277471244,0.008277471244,0.1218217651,0.09465369586,0.06748562663,0.06748562663,0.06748562663,2024-11
0.01903764184,0.01402929697,0.009020952108,0.009020952108,0.009020952108,-0.009473426902,-0.01448177177,-0.01949011663,-0.01949011663,-0.01949011663,2024-12
-0.05271440088,-0.02176521089,0.009183979106,0.009183979106,0.009183979106,-0.03066634794,0.0002828420481,0.03123203204,0.03123203204,0.03123203204,2025-01
0.002080832815,0.005969293608,0.0098577544,0.0098577544,0.0098577544,-0.01383341449,-0.009944953699,-0.006056492907,-0.006056492907,-0.006056492907,2025-02
-0.005653038006,0.002105942513,0.009864923032,0.009864923032,0.009864923032,-0.06411788734,-0.05635890682,-0.0485999263,-0.0485999263,-0.0485999263,2025-03
-0.02549524832,-0.007414664587,0.01066591915,0.01066591915,0.01066591915,-0.03721984742,-0.01913926369,-0.001058679955,-0.001058679955,-0.001058679955,2025-04
0.01556636122,0.01330163329,0.01103690537,0.01103690537,0.01103690537,0.07548337017,0.07321864224,0.07095391432,0.07095391432,0.07095391432,2025-05
-0.02958669137,-0.009310492495,0.01096570637,0.01096570637,0.01096570637,0.01687543284,0.03715163171,0.05742783058,0.05742783058,0.05742783058,2025-06
0.01984883101,0.01569181856,0.01153480611,0.01153480611,0.01153480611,0.03963058202,0.03547356957,0.03131655712,0.03131655712,0.03131655712,2025-07
-0.02450743062,-0.006496424652,0.01151458132,0.01151458132,0.01151458132,-0.00816813438,0.009842871591,0.02785387756,0.02785387756,0.02785387756,2025-08
-0.01672058284,-0.002786420614,0.01114774161,0.01114774161,0.01114774161,0.01495234624,0.02888650846,0.04282067069,0.04282067069,0.04282067069,2025-09
0.01548898994,0.01357700737,0.0116650248,0.0116650248,0.0116650248,0.03605859343,0.03414661086,0.03223462829,0.03223462829,0.03223462829,2025-10
-0.004916334312,0.003126020631,0.01116837557,0.01116837557,0.01116837557,-0.005835154655,0.002207200288,0.01024955523,0.01024955523,0.01024955523,2025-11
0.02941511097,0.02058432266,0.01175353436,0.01175353436,0.01175353436,0.0267944976,0.0179637093,0.00913292099,0.00913292099,0.00913292099,2025-12
-0.04400181195,-0.01633411226,0.01133358742,0.01133358742,0.01133358742,-0.03277034287,-0.005102643188,0.0225650565,0.0225650565,0.0225650565,2026-01
-0.009949061907,0.0006025211188,0.01115410415,0.01115410415,0.01115410415,-0.02111920881,-0.01056762578,-1.604275515e-05,-1.604275515e-05,-1.604275515e-05,2026-02
0.01617164844,0.01380254057,0.01143343269,0.01143343269,0.01143343269,-0.03677866403,-0.0391477719,-0.04151687977,-0.04151687977,-0.04151687977,2026-03
-0.04368140414,-0.0162960698,0.01108926454,0.01108926454,0.01108926454,0.05373806872,0.08112340307,0.1085087374,0.1085087374,0.1085087374,2026-04
0.01604022869,0.01370298399,0.01136573929,0.01136573929,0.01136573929,0.06612622264,0.06378897794,0.06145173324,0.06145173324,0.06145173324,2026-05
0.02919117161,0.02006935785,0.01094754409,0.01094754409,0.01094754409,0.01583042004,0.006708606278,-0.002413207485,-0.002413207485,-0.002413207485,2026-06
-0.01989791199,-0.004318978517,0.01125995495,0.01125995495,0.01125995495,-0.02285038836,-0.00727145489,0.008307478582,0.008307478582,0.008307478582,2026-07
0.02402722532,0.01680578303,0.009584340731,0.009584340731,0.009584340731,0.04856826621,0.04134682392,0.03412538162,0.03412538162,0.03412538162,2026-08
