task,origin,last_label_available,n_train,n_train_dates
04_carry_erased,2014-02,2014-01,216,36
04_carry_erased,2014-03,2014-02,222,37
04_carry_erased,2014-04,2014-03,228,38
04_carry_erased,2014-05,2014-04,234,39
04_carry_erased,2014-06,2014-05,240,40
04_carry_erased,2014-07,2014-06,246,41
04_carry_erased,2014-08,2014-07,252,42
04_carry_erased,2014-09,2014-08,258,43
04_carry_erased,2014-10,2014-09,264,44
04_carry_erased,2014-11,2014-10,270,45
04_carry_erased,2014-12,2014-11,276,46
04_carry_erased,2015-01,2014-12,282,47
04_carry_erased,2015-02,2015-01,288,48
04_carry_erased,2015-03,2015-02,294,49
04_carry_erased,2015-04,2015-03,300,50
04_carry_erased,2015-05,2015-04,306,51
04_carry_erased,2015-06,2015-05,312,52
04_carry_erased,2015-07,2015-06,318,53
04_carry_erased,2015-08,2015-07,324,54
04_carry_erased,2015-09,2015-08,330,55
04_carry_erased,2015-10,2015-09,336,56
04_carry_erased,2015-11,2015-10,342,57
04_carry_erased,2015-12,2015-11,348,58
04_carry_erased,2016-01,2015-12,354,59
04_carry_erased,2016-02,2016-01,360,60
04_carry_erased,2016-03,2016-02,366,61
04_carry_erased,2016-04,2016-03,372,62
04_carry_erased,2016-05,2016-04,378,63
04_carry_erased,2016-06,2016-05,384,64
04_carry_erased,2016-07,2016-06,390,65
04_carry_erased,2016-08,2016-07,396,66
04_carry_erased,2016-09,2016-08,402,67
04_carry_erased,2016-10,2016-09,408,68
04_carry_erased,2016-11,2016-10,414,69
04_carry_erased,2016-12,2016-11,420,70
04_carry_erased,2017-01,2016-12,426,71
04_carry_erased,2017-02,2017-01,432,72
04_carry_erased,2017-03,2017-02,438,73
04_carry_erased,2017-04,2017-03,444,74
04_carry_erased,2017-05,2017-04,450,75
04_carry_erased,2017-06,2017-05,456,76
04_carry_erased,2017-07,2017-06,462,77
04_carry_erased,2017-08,2017-07,468,78
04_carry_erased,2017-09,2017-08,474,79
04_carry_erased,2017-10,2017-09,480,80
04_carry_erased,2017-11,2017-10,486,81
04_carry_erased,2017-12,2017-11,492,82
04_carry_erased,2018-01,2017-12,498,83
04_carry_erased,2018-02,2018-01,504,84
04_carry_erased,2018-03,2018-02,510,85
04_carry_erased,2018-04,2018-03,516,86
04_carry_erased,2018-05,2018-04,522,87
04_carry_erased,2018-06,2018-05,528,88
04_carry_erased,2018-07,2018-06,534,89
04_carry_erased,2018-08,2018-07,540,90
04_carry_erased,2018-09,2018-08,546,91
04_carry_erased,2018-10,2018-09,552,92
04_carry_erased,2018-11,2018-10,558,93
04_carry_erased,2018-12,2018-11,564,94
04_carry_erased,2019-01,2018-12,570,95
04_carry_erased,2019-02,2019-01,576,96
04_carry_erased,2019-03,2019-02,582,97
04_carry_erased,2019-04,2019-03,588,98
04_carry_erased,2019-05,2019-04,594,99
04_carry_erased,2019-06,2019-05,600,100
04_carry_erased,2019-07,2019-06,606,101
04_carry_erased,2019-08,2019-07,612,102
04_carry_erased,2019-09,2019-08,618,103
04_carry_erased,2019-10,2019-09,624,104
04_carry_erased,2019-11,2019-10,630,105
04_carry_erased,2019-12,2019-11,636,106
04_carry_erased,2020-01,2019-12,642,107
04_carry_erased,2020-02,2020-01,648,108
04_carry_erased,2020-03,2020-02,654,109
04_carry_erased,2020-04,2020-03,660,110
04_carry_erased,2020-05,2020-04,666,111
04_carry_erased,2020-06,2020-05,672,112
04_carry_erased,2020-07,2020-06,678,113
04_carry_erased,2020-08,2020-07,684,114
04_carry_erased,2020-09,2020-08,690,115
04_carry_erased,2020-10,2020-09,696,116
04_carry_erased,2020-11,2020-10,702,117
04_carry_erased,2020-12,2020-11,708,118
04_carry_erased,2021-01,2020-12,714,119
04_carry_erased,2021-02,2021-01,720,120
04_carry_erased,2021-03,2021-02,726,121
04_carry_erased,2021-04,2021-03,732,122
04_carry_erased,2021-05,2021-04,738,123
04_carry_erased,2021-06,2021-05,744,124
04_carry_erased,2021-07,2021-06,750,125
04_carry_erased,2021-08,2021-07,756,126
04_carry_erased,2021-09,2021-08,762,127
04_carry_erased,2021-10,2021-09,768,128
04_carry_erased,2021-11,2021-10,774,129
04_carry_erased,2021-12,2021-11,780,130
04_carry_erased,2022-01,2021-12,786,131
04_carry_erased,2022-02,2022-01,792,132
04_carry_erased,2022-03,2022-02,798,133
04_carry_erased,2022-04,2022-03,804,134
04_carry_erased,2022-05,2022-04,810,135
04_carry_erased,2022-06,2022-05,816,136
04_carry_erased,2022-07,2022-06,822,137
04_carry_erased,2022-08,2022-07,828,138
04_carry_erased,2022-09,2022-08,834,139
04_carry_erased,2022-10,2022-09,840,140
04_carry_erased,2022-11,2022-10,846,141
04_carry_erased,2022-12,2022-11,852,142
04_carry_erased,2023-01,2022-12,858,143
04_carry_erased,2023-02,2023-01,864,144
04_carry_erased,2023-03,2023-02,870,145
04_carry_erased,2023-04,2023-03,876,146
04_carry_erased,2023-05,2023-04,882,147
04_carry_erased,2023-06,2023-05,888,148
04_carry_erased,2023-07,2023-06,894,149
04_carry_erased,2023-08,2023-07,900,150
04_carry_erased,2023-09,2023-08,906,151
04_carry_erased,2023-10,2023-09,912,152
04_carry_erased,2023-11,2023-10,918,153
04_carry_erased,2023-12,2023-11,924,154
04_carry_erased,2024-01,2023-12,930,155
04_carry_erased,2024-02,2024-01,936,156
04_carry_erased,2024-03,2024-02,942,157
04_carry_erased,2024-04,2024-03,948,158
04_carry_erased,2024-05,2024-04,954,159
04_carry_erased,2024-06,2024-05,960,160
04_carry_erased,2024-07,2024-06,966,161
04_carry_erased,2024-08,2024-07,972,162
04_carry_erased,2024-09,2024-08,978,163
04_carry_erased,2024-10,2024-09,984,164
04_carry_erased,2024-11,2024-10,990,165
04_carry_erased,2024-12,2024-11,996,166
04_carry_erased,2025-01,2024-12,1002,167
04_carry_erased,2025-02,2025-01,1008,168
04_carry_erased,2025-03,2025-02,1014,169
04_carry_erased,2025-04,2025-03,1020,170
04_carry_erased,2025-05,2025-04,1026,171
04_carry_erased,2025-06,2025-05,1032,172
04_carry_erased,2025-07,2025-06,1038,173
04_carry_erased,2025-08,2025-07,1044,174
04_carry_erased,2025-09,2025-08,1050,175
04_carry_erased,2025-10,2025-09,1056,176
04_carry_erased,2025-11,2025-10,1062,177
04_carry_erased,2025-12,2025-11,1068,178
04_carry_erased,2026-01,2025-12,1074,179
04_carry_erased,2026-02,2026-01,1080,180
04_carry_erased,2026-03,2026-02,1086,181
04_carry_erased,2026-04,2026-03,1092,182
04_carry_erased,2026-05,2026-04,1098,183
04_carry_erased,2026-06,2026-05,1104,184
04_carry_erased,2026-07,2026-06,1110,185
04_carry_erased,2026-08,2026-07,1116,186
05_tail_1,2013-03,2013-02,36,36
05_tail_1,2013-04,2013-03,37,37
05_tail_1,2013-05,2013-04,38,38
05_tail_1,2013-06,2013-05,39,39
05_tail_1,2013-07,2013-06,40,40
05_tail_1,2013-08,2013-07,41,41
05_tail_1,2013-09,2013-08,42,42
05_tail_1,2013-10,2013-09,43,43
05_tail_1,2013-11,2013-10,44,44
05_tail_1,2013-12,2013-11,45,45
05_tail_1,2014-01,2013-12,46,46
05_tail_1,2014-02,2014-01,47,47
05_tail_1,2014-03,2014-02,48,48
05_tail_1,2014-04,2014-03,49,49
05_tail_1,2014-05,2014-04,50,50
05_tail_1,2014-06,2014-05,51,51
05_tail_1,2014-07,2014-06,52,52
05_tail_1,2014-08,2014-07,53,53
05_tail_1,2014-09,2014-08,54,54
05_tail_1,2014-10,2014-09,55,55
05_tail_1,2014-11,2014-10,56,56
05_tail_1,2014-12,2014-11,57,57
05_tail_1,2015-01,2014-12,58,58
05_tail_1,2015-02,2015-01,59,59
05_tail_1,2015-03,2015-02,60,60
05_tail_1,2015-04,2015-03,61,61
05_tail_1,2015-05,2015-04,62,62
05_tail_1,2015-06,2015-05,63,63
05_tail_1,2015-07,2015-06,64,64
05_tail_1,2015-08,2015-07,65,65
05_tail_1,2015-09,2015-08,66,66
05_tail_1,2015-10,2015-09,67,67
05_tail_1,2015-11,2015-10,68,68
05_tail_1,2015-12,2015-11,69,69
05_tail_1,2016-01,2015-12,70,70
05_tail_1,2016-02,2016-01,71,71
05_tail_1,2016-03,2016-02,72,72
05_tail_1,2016-04,2016-03,73,73
05_tail_1,2016-05,2016-04,74,74
05_tail_1,2016-06,2016-05,75,75
05_tail_1,2016-07,2016-06,76,76
05_tail_1,2016-08,2016-07,77,77
05_tail_1,2016-09,2016-08,78,78
05_tail_1,2016-10,2016-09,79,79
05_tail_1,2016-11,2016-10,80,80
05_tail_1,2016-12,2016-11,81,81
05_tail_1,2017-01,2016-12,82,82
05_tail_1,2017-02,2017-01,83,83
05_tail_1,2017-03,2017-02,84,84
05_tail_1,2017-04,2017-03,85,85
05_tail_1,2017-05,2017-04,86,86
05_tail_1,2017-06,2017-05,87,87
05_tail_1,2017-07,2017-06,88,88
05_tail_1,2017-08,2017-07,89,89
05_tail_1,2017-09,2017-08,90,90
05_tail_1,2017-10,2017-09,91,91
05_tail_1,2017-11,2017-10,92,92
05_tail_1,2017-12,2017-11,93,93
05_tail_1,2018-01,2017-12,94,94
05_tail_1,2018-02,2018-01,95,95
05_tail_1,2018-03,2018-02,96,96
05_tail_1,2018-04,2018-03,97,97
05_tail_1,2018-05,2018-04,98,98
05_tail_1,2018-06,2018-05,99,99
05_tail_1,2018-07,2018-06,100,100
05_tail_1,2018-08,2018-07,101,101
05_tail_1,2018-09,2018-08,102,102
05_tail_1,2018-10,2018-09,103,103
05_tail_1,2018-11,2018-10,104,104
05_tail_1,2018-12,2018-11,105,105
05_tail_1,2019-01,2018-12,106,106
05_tail_1,2019-02,2019-01,107,107
05_tail_1,2019-03,2019-02,108,108
05_tail_1,2019-04,2019-03,109,109
05_tail_1,2019-05,2019-04,110,110
05_tail_1,2019-06,2019-05,111,111
05_tail_1,2019-07,2019-06,112,112
05_tail_1,2019-08,2019-07,113,113
05_tail_1,2019-09,2019-08,114,114
05_tail_1,2019-10,2019-09,115,115
05_tail_1,2019-11,2019-10,116,116
05_tail_1,2019-12,2019-11,117,117
05_tail_1,2020-01,2019-12,118,118
05_tail_1,2020-02,2020-01,119,119
05_tail_1,2020-03,2020-02,120,120
05_tail_1,2020-04,2020-03,121,121
05_tail_1,2020-05,2020-04,122,122
05_tail_1,2020-06,2020-05,123,123
05_tail_1,2020-07,2020-06,124,124
05_tail_1,2020-08,2020-07,125,125
05_tail_1,2020-09,2020-08,126,126
05_tail_1,2020-10,2020-09,127,127
05_tail_1,2020-11,2020-10,128,128
05_tail_1,2020-12,2020-11,129,129
05_tail_1,2021-01,2020-12,130,130
05_tail_1,2021-02,2021-01,131,131
05_tail_1,2021-03,2021-02,132,132
05_tail_1,2021-04,2021-03,133,133
05_tail_1,2021-05,2021-04,134,134
05_tail_1,2021-06,2021-05,135,135
05_tail_1,2021-07,2021-06,136,136
05_tail_1,2021-08,2021-07,137,137
05_tail_1,2021-09,2021-08,138,138
05_tail_1,2021-10,2021-09,139,139
05_tail_1,2021-11,2021-10,140,140
05_tail_1,2021-12,2021-11,141,141
05_tail_1,2022-01,2021-12,142,142
05_tail_1,2022-02,2022-01,143,143
05_tail_1,2022-03,2022-02,144,144
05_tail_1,2022-04,2022-03,145,145
05_tail_1,2022-05,2022-04,146,146
05_tail_1,2022-06,2022-05,147,147
05_tail_1,2022-07,2022-06,148,148
05_tail_1,2022-08,2022-07,149,149
05_tail_1,2022-09,2022-08,150,150
05_tail_1,2022-10,2022-09,151,151
05_tail_1,2022-11,2022-10,152,152
05_tail_1,2022-12,2022-11,153,153
05_tail_1,2023-01,2022-12,154,154
05_tail_1,2023-02,2023-01,155,155
05_tail_1,2023-03,2023-02,156,156
05_tail_1,2023-04,2023-03,157,157
05_tail_1,2023-05,2023-04,158,158
05_tail_1,2023-06,2023-05,159,159
05_tail_1,2023-07,2023-06,160,160
05_tail_1,2023-08,2023-07,161,161
05_tail_1,2023-09,2023-08,162,162
05_tail_1,2023-10,2023-09,163,163
05_tail_1,2023-11,2023-10,164,164
05_tail_1,2023-12,2023-11,165,165
05_tail_1,2024-01,2023-12,166,166
05_tail_1,2024-02,2024-01,167,167
05_tail_1,2024-03,2024-02,168,168
05_tail_1,2024-04,2024-03,169,169
05_tail_1,2024-05,2024-04,170,170
05_tail_1,2024-06,2024-05,171,171
05_tail_1,2024-07,2024-06,172,172
05_tail_1,2024-08,2024-07,173,173
05_tail_1,2024-09,2024-08,174,174
05_tail_1,2024-10,2024-09,175,175
05_tail_1,2024-11,2024-10,176,176
05_tail_1,2024-12,2024-11,177,177
05_tail_1,2025-01,2024-12,178,178
05_tail_1,2025-02,2025-01,179,179
05_tail_1,2025-03,2025-02,180,180
05_tail_1,2025-04,2025-03,181,181
05_tail_1,2025-05,2025-04,182,182
05_tail_1,2025-06,2025-05,183,183
05_tail_1,2025-07,2025-06,184,184
05_tail_1,2025-08,2025-07,185,185
05_tail_1,2025-09,2025-08,186,186
05_tail_1,2025-10,2025-09,187,187
05_tail_1,2025-11,2025-10,188,188
05_tail_1,2025-12,2025-11,189,189
05_tail_1,2026-01,2025-12,190,190
05_tail_1,2026-02,2026-01,191,191
05_tail_1,2026-03,2026-02,192,192
05_tail_1,2026-04,2026-03,193,193
05_tail_1,2026-05,2026-04,194,194
05_tail_1,2026-06,2026-05,195,195
05_tail_1,2026-07,2026-06,196,196
05_tail_1,2026-08,2026-07,197,197
05_tail_3,2013-05,2013-04,36,36
05_tail_3,2013-06,2013-05,37,37
05_tail_3,2013-07,2013-06,38,38
05_tail_3,2013-08,2013-07,39,39
05_tail_3,2013-09,2013-08,40,40
05_tail_3,2013-10,2013-09,41,41
05_tail_3,2013-11,2013-10,42,42
05_tail_3,2013-12,2013-11,43,43
05_tail_3,2014-01,2013-12,44,44
05_tail_3,2014-02,2014-01,45,45
05_tail_3,2014-03,2014-02,46,46
05_tail_3,2014-04,2014-03,47,47
05_tail_3,2014-05,2014-04,48,48
05_tail_3,2014-06,2014-05,49,49
05_tail_3,2014-07,2014-06,50,50
05_tail_3,2014-08,2014-07,51,51
05_tail_3,2014-09,2014-08,52,52
05_tail_3,2014-10,2014-09,53,53
05_tail_3,2014-11,2014-10,54,54
05_tail_3,2014-12,2014-11,55,55
05_tail_3,2015-01,2014-12,56,56
05_tail_3,2015-02,2015-01,57,57
05_tail_3,2015-03,2015-02,58,58
05_tail_3,2015-04,2015-03,59,59
05_tail_3,2015-05,2015-04,60,60
05_tail_3,2015-06,2015-05,61,61
05_tail_3,2015-07,2015-06,62,62
05_tail_3,2015-08,2015-07,63,63
05_tail_3,2015-09,2015-08,64,64
05_tail_3,2015-10,2015-09,65,65
05_tail_3,2015-11,2015-10,66,66
05_tail_3,2015-12,2015-11,67,67
05_tail_3,2016-01,2015-12,68,68
05_tail_3,2016-02,2016-01,69,69
05_tail_3,2016-03,2016-02,70,70
05_tail_3,2016-04,2016-03,71,71
05_tail_3,2016-05,2016-04,72,72
05_tail_3,2016-06,2016-05,73,73
05_tail_3,2016-07,2016-06,74,74
05_tail_3,2016-08,2016-07,75,75
05_tail_3,2016-09,2016-08,76,76
05_tail_3,2016-10,2016-09,77,77
05_tail_3,2016-11,2016-10,78,78
05_tail_3,2016-12,2016-11,79,79
05_tail_3,2017-01,2016-12,80,80
05_tail_3,2017-02,2017-01,81,81
05_tail_3,2017-03,2017-02,82,82
05_tail_3,2017-04,2017-03,83,83
05_tail_3,2017-05,2017-04,84,84
05_tail_3,2017-06,2017-05,85,85
05_tail_3,2017-07,2017-06,86,86
05_tail_3,2017-08,2017-07,87,87
05_tail_3,2017-09,2017-08,88,88
05_tail_3,2017-10,2017-09,89,89
05_tail_3,2017-11,2017-10,90,90
05_tail_3,2017-12,2017-11,91,91
05_tail_3,2018-01,2017-12,92,92
05_tail_3,2018-02,2018-01,93,93
05_tail_3,2018-03,2018-02,94,94
05_tail_3,2018-04,2018-03,95,95
05_tail_3,2018-05,2018-04,96,96
05_tail_3,2018-06,2018-05,97,97
05_tail_3,2018-07,2018-06,98,98
05_tail_3,2018-08,2018-07,99,99
05_tail_3,2018-09,2018-08,100,100
05_tail_3,2018-10,2018-09,101,101
05_tail_3,2018-11,2018-10,102,102
05_tail_3,2018-12,2018-11,103,103
05_tail_3,2019-01,2018-12,104,104
05_tail_3,2019-02,2019-01,105,105
05_tail_3,2019-03,2019-02,106,106
05_tail_3,2019-04,2019-03,107,107
05_tail_3,2019-05,2019-04,108,108
05_tail_3,2019-06,2019-05,109,109
05_tail_3,2019-07,2019-06,110,110
05_tail_3,2019-08,2019-07,111,111
05_tail_3,2019-09,2019-08,112,112
05_tail_3,2019-10,2019-09,113,113
05_tail_3,2019-11,2019-10,114,114
05_tail_3,2019-12,2019-11,115,115
05_tail_3,2020-01,2019-12,116,116
05_tail_3,2020-02,2020-01,117,117
05_tail_3,2020-03,2020-02,118,118
05_tail_3,2020-04,2020-03,119,119
05_tail_3,2020-05,2020-04,120,120
05_tail_3,2020-06,2020-05,121,121
05_tail_3,2020-07,2020-06,122,122
05_tail_3,2020-08,2020-07,123,123
05_tail_3,2020-09,2020-08,124,124
05_tail_3,2020-10,2020-09,125,125
05_tail_3,2020-11,2020-10,126,126
05_tail_3,2020-12,2020-11,127,127
05_tail_3,2021-01,2020-12,128,128
05_tail_3,2021-02,2021-01,129,129
05_tail_3,2021-03,2021-02,130,130
05_tail_3,2021-04,2021-03,131,131
05_tail_3,2021-05,2021-04,132,132
05_tail_3,2021-06,2021-05,133,133
05_tail_3,2021-07,2021-06,134,134
05_tail_3,2021-08,2021-07,135,135
05_tail_3,2021-09,2021-08,136,136
05_tail_3,2021-10,2021-09,137,137
05_tail_3,2021-11,2021-10,138,138
05_tail_3,2021-12,2021-11,139,139
05_tail_3,2022-01,2021-12,140,140
05_tail_3,2022-02,2022-01,141,141
05_tail_3,2022-03,2022-02,142,142
05_tail_3,2022-04,2022-03,143,143
05_tail_3,2022-05,2022-04,144,144
05_tail_3,2022-06,2022-05,145,145
05_tail_3,2022-07,2022-06,146,146
05_tail_3,2022-08,2022-07,147,147
05_tail_3,2022-09,2022-08,148,148
05_tail_3,2022-10,2022-09,149,149
05_tail_3,2022-11,2022-10,150,150
05_tail_3,2022-12,2022-11,151,151
05_tail_3,2023-01,2022-12,152,152
05_tail_3,2023-02,2023-01,153,153
05_tail_3,2023-03,2023-02,154,154
05_tail_3,2023-04,2023-03,155,155
05_tail_3,2023-05,2023-04,156,156
05_tail_3,2023-06,2023-05,157,157
05_tail_3,2023-07,2023-06,158,158
05_tail_3,2023-08,2023-07,159,159
05_tail_3,2023-09,2023-08,160,160
05_tail_3,2023-10,2023-09,161,161
05_tail_3,2023-11,2023-10,162,162
05_tail_3,2023-12,2023-11,163,163
05_tail_3,2024-01,2023-12,164,164
05_tail_3,2024-02,2024-01,165,165
05_tail_3,2024-03,2024-02,166,166
05_tail_3,2024-04,2024-03,167,167
05_tail_3,2024-05,2024-04,168,168
05_tail_3,2024-06,2024-05,169,169
05_tail_3,2024-07,2024-06,170,170
05_tail_3,2024-08,2024-07,171,171
05_tail_3,2024-09,2024-08,172,172
05_tail_3,2024-10,2024-09,173,173
05_tail_3,2024-11,2024-10,174,174
05_tail_3,2024-12,2024-11,175,175
05_tail_3,2025-01,2024-12,176,176
05_tail_3,2025-02,2025-01,177,177
05_tail_3,2025-03,2025-02,178,178
05_tail_3,2025-04,2025-03,179,179
05_tail_3,2025-05,2025-04,180,180
05_tail_3,2025-06,2025-05,181,181
05_tail_3,2025-07,2025-06,182,182
05_tail_3,2025-08,2025-07,183,183
05_tail_3,2025-09,2025-08,184,184
05_tail_3,2025-10,2025-09,185,185
05_tail_3,2025-11,2025-10,186,186
05_tail_3,2025-12,2025-11,187,187
05_tail_3,2026-01,2025-12,188,188
05_tail_3,2026-02,2026-01,189,189
05_tail_3,2026-03,2026-02,190,190
05_tail_3,2026-04,2026-03,191,191
05_tail_3,2026-05,2026-04,192,192
05_tail_3,2026-06,2026-05,193,193
05_tail_3,2026-07,2026-06,194,194
05_tail_3,2026-08,2026-07,195,195
06_adverse_12,2014-02,2014-01,216,36
06_adverse_12,2014-03,2014-02,222,37
06_adverse_12,2014-04,2014-03,228,38
06_adverse_12,2014-05,2014-04,234,39
06_adverse_12,2014-06,2014-05,240,40
06_adverse_12,2014-07,2014-06,246,41
06_adverse_12,2014-08,2014-07,252,42
06_adverse_12,2014-09,2014-08,258,43
06_adverse_12,2014-10,2014-09,264,44
06_adverse_12,2014-11,2014-10,270,45
06_adverse_12,2014-12,2014-11,276,46
06_adverse_12,2015-01,2014-12,282,47
06_adverse_12,2015-02,2015-01,288,48
06_adverse_12,2015-03,2015-02,294,49
06_adverse_12,2015-04,2015-03,300,50
06_adverse_12,2015-05,2015-04,306,51
06_adverse_12,2015-06,2015-05,312,52
06_adverse_12,2015-07,2015-06,318,53
06_adverse_12,2015-08,2015-07,324,54
06_adverse_12,2015-09,2015-08,330,55
06_adverse_12,2015-10,2015-09,336,56
06_adverse_12,2015-11,2015-10,342,57
06_adverse_12,2015-12,2015-11,348,58
06_adverse_12,2016-01,2015-12,354,59
06_adverse_12,2016-02,2016-01,360,60
06_adverse_12,2016-03,2016-02,366,61
06_adverse_12,2016-04,2016-03,372,62
06_adverse_12,2016-05,2016-04,378,63
06_adverse_12,2016-06,2016-05,384,64
06_adverse_12,2016-07,2016-06,390,65
06_adverse_12,2016-08,2016-07,396,66
06_adverse_12,2016-09,2016-08,402,67
06_adverse_12,2016-10,2016-09,408,68
06_adverse_12,2016-11,2016-10,414,69
06_adverse_12,2016-12,2016-11,420,70
06_adverse_12,2017-01,2016-12,426,71
06_adverse_12,2017-02,2017-01,432,72
06_adverse_12,2017-03,2017-02,438,73
06_adverse_12,2017-04,2017-03,444,74
06_adverse_12,2017-05,2017-04,450,75
06_adverse_12,2017-06,2017-05,456,76
06_adverse_12,2017-07,2017-06,462,77
06_adverse_12,2017-08,2017-07,468,78
06_adverse_12,2017-09,2017-08,474,79
06_adverse_12,2017-10,2017-09,480,80
06_adverse_12,2017-11,2017-10,486,81
06_adverse_12,2017-12,2017-11,492,82
06_adverse_12,2018-01,2017-12,498,83
06_adverse_12,2018-02,2018-01,504,84
06_adverse_12,2018-03,2018-02,510,85
06_adverse_12,2018-04,2018-03,516,86
06_adverse_12,2018-05,2018-04,522,87
06_adverse_12,2018-06,2018-05,528,88
06_adverse_12,2018-07,2018-06,534,89
06_adverse_12,2018-08,2018-07,540,90
06_adverse_12,2018-09,2018-08,546,91
06_adverse_12,2018-10,2018-09,552,92
06_adverse_12,2018-11,2018-10,558,93
06_adverse_12,2018-12,2018-11,564,94
06_adverse_12,2019-01,2018-12,570,95
06_adverse_12,2019-02,2019-01,576,96
06_adverse_12,2019-03,2019-02,582,97
06_adverse_12,2019-04,2019-03,588,98
06_adverse_12,2019-05,2019-04,594,99
06_adverse_12,2019-06,2019-05,600,100
06_adverse_12,2019-07,2019-06,606,101
06_adverse_12,2019-08,2019-07,612,102
06_adverse_12,2019-09,2019-08,618,103
06_adverse_12,2019-10,2019-09,624,104
06_adverse_12,2019-11,2019-10,630,105
06_adverse_12,2019-12,2019-11,636,106
06_adverse_12,2020-01,2019-12,642,107
06_adverse_12,2020-02,2020-01,648,108
06_adverse_12,2020-03,2020-02,654,109
06_adverse_12,2020-04,2020-03,660,110
06_adverse_12,2020-05,2020-04,666,111
06_adverse_12,2020-06,2020-05,672,112
06_adverse_12,2020-07,2020-06,678,113
06_adverse_12,2020-08,2020-07,684,114
06_adverse_12,2020-09,2020-08,690,115
06_adverse_12,2020-10,2020-09,696,116
06_adverse_12,2020-11,2020-10,702,117
06_adverse_12,2020-12,2020-11,708,118
06_adverse_12,2021-01,2020-12,714,119
06_adverse_12,2021-02,2021-01,720,120
06_adverse_12,2021-03,2021-02,726,121
06_adverse_12,2021-04,2021-03,732,122
06_adverse_12,2021-05,2021-04,738,123
06_adverse_12,2021-06,2021-05,744,124
06_adverse_12,2021-07,2021-06,750,125
06_adverse_12,2021-08,2021-07,756,126
06_adverse_12,2021-09,2021-08,762,127
06_adverse_12,2021-10,2021-09,768,128
06_adverse_12,2021-11,2021-10,774,129
06_adverse_12,2021-12,2021-11,780,130
06_adverse_12,2022-01,2021-12,786,131
06_adverse_12,2022-02,2022-01,792,132
06_adverse_12,2022-03,2022-02,798,133
06_adverse_12,2022-04,2022-03,804,134
06_adverse_12,2022-05,2022-04,810,135
06_adverse_12,2022-06,2022-05,816,136
06_adverse_12,2022-07,2022-06,822,137
06_adverse_12,2022-08,2022-07,828,138
06_adverse_12,2022-09,2022-08,834,139
06_adverse_12,2022-10,2022-09,840,140
06_adverse_12,2022-11,2022-10,846,141
06_adverse_12,2022-12,2022-11,852,142
06_adverse_12,2023-01,2022-12,858,143
06_adverse_12,2023-02,2023-01,864,144
06_adverse_12,2023-03,2023-02,870,145
06_adverse_12,2023-04,2023-03,876,146
06_adverse_12,2023-05,2023-04,882,147
06_adverse_12,2023-06,2023-05,888,148
06_adverse_12,2023-07,2023-06,894,149
06_adverse_12,2023-08,2023-07,900,150
06_adverse_12,2023-09,2023-08,906,151
06_adverse_12,2023-10,2023-09,912,152
06_adverse_12,2023-11,2023-10,918,153
06_adverse_12,2023-12,2023-11,924,154
06_adverse_12,2024-01,2023-12,930,155
06_adverse_12,2024-02,2024-01,936,156
06_adverse_12,2024-03,2024-02,942,157
06_adverse_12,2024-04,2024-03,948,158
06_adverse_12,2024-05,2024-04,954,159
06_adverse_12,2024-06,2024-05,960,160
06_adverse_12,2024-07,2024-06,966,161
06_adverse_12,2024-08,2024-07,972,162
06_adverse_12,2024-09,2024-08,978,163
06_adverse_12,2024-10,2024-09,984,164
06_adverse_12,2024-11,2024-10,990,165
06_adverse_12,2024-12,2024-11,996,166
06_adverse_12,2025-01,2024-12,1002,167
06_adverse_12,2025-02,2025-01,1008,168
06_adverse_12,2025-03,2025-02,1014,169
06_adverse_12,2025-04,2025-03,1020,170
06_adverse_12,2025-05,2025-04,1026,171
06_adverse_12,2025-06,2025-05,1032,172
06_adverse_12,2025-07,2025-06,1038,173
06_adverse_12,2025-08,2025-07,1044,174
06_adverse_12,2025-09,2025-08,1050,175
06_adverse_12,2025-10,2025-09,1056,176
06_adverse_12,2025-11,2025-10,1062,177
06_adverse_12,2025-12,2025-11,1068,178
06_adverse_12,2026-01,2025-12,1074,179
06_adverse_12,2026-02,2026-01,1080,180
06_adverse_12,2026-03,2026-02,1086,181
06_adverse_12,2026-04,2026-03,1092,182
06_adverse_12,2026-05,2026-04,1098,183
06_adverse_12,2026-06,2026-05,1104,184
06_adverse_12,2026-07,2026-06,1110,185
06_adverse_12,2026-08,2026-07,1116,186
06_underwater_12,2014-02,2014-01,216,36
06_underwater_12,2014-03,2014-02,222,37
06_underwater_12,2014-04,2014-03,228,38
06_underwater_12,2014-05,2014-04,234,39
06_underwater_12,2014-06,2014-05,240,40
06_underwater_12,2014-07,2014-06,246,41
06_underwater_12,2014-08,2014-07,252,42
06_underwater_12,2014-09,2014-08,258,43
06_underwater_12,2014-10,2014-09,264,44
06_underwater_12,2014-11,2014-10,270,45
06_underwater_12,2014-12,2014-11,276,46
06_underwater_12,2015-01,2014-12,282,47
06_underwater_12,2015-02,2015-01,288,48
06_underwater_12,2015-03,2015-02,294,49
06_underwater_12,2015-04,2015-03,300,50
06_underwater_12,2015-05,2015-04,306,51
06_underwater_12,2015-06,2015-05,312,52
06_underwater_12,2015-07,2015-06,318,53
06_underwater_12,2015-08,2015-07,324,54
06_underwater_12,2015-09,2015-08,330,55
06_underwater_12,2015-10,2015-09,336,56
06_underwater_12,2015-11,2015-10,342,57
06_underwater_12,2015-12,2015-11,348,58
06_underwater_12,2016-01,2015-12,354,59
06_underwater_12,2016-02,2016-01,360,60
06_underwater_12,2016-03,2016-02,366,61
06_underwater_12,2016-04,2016-03,372,62
06_underwater_12,2016-05,2016-04,378,63
06_underwater_12,2016-06,2016-05,384,64
06_underwater_12,2016-07,2016-06,390,65
06_underwater_12,2016-08,2016-07,396,66
06_underwater_12,2016-09,2016-08,402,67
06_underwater_12,2016-10,2016-09,408,68
06_underwater_12,2016-11,2016-10,414,69
06_underwater_12,2016-12,2016-11,420,70
06_underwater_12,2017-01,2016-12,426,71
06_underwater_12,2017-02,2017-01,432,72
06_underwater_12,2017-03,2017-02,438,73
06_underwater_12,2017-04,2017-03,444,74
06_underwater_12,2017-05,2017-04,450,75
06_underwater_12,2017-06,2017-05,456,76
06_underwater_12,2017-07,2017-06,462,77
06_underwater_12,2017-08,2017-07,468,78
06_underwater_12,2017-09,2017-08,474,79
06_underwater_12,2017-10,2017-09,480,80
06_underwater_12,2017-11,2017-10,486,81
06_underwater_12,2017-12,2017-11,492,82
06_underwater_12,2018-01,2017-12,498,83
06_underwater_12,2018-02,2018-01,504,84
06_underwater_12,2018-03,2018-02,510,85
06_underwater_12,2018-04,2018-03,516,86
06_underwater_12,2018-05,2018-04,522,87
06_underwater_12,2018-06,2018-05,528,88
06_underwater_12,2018-07,2018-06,534,89
06_underwater_12,2018-08,2018-07,540,90
06_underwater_12,2018-09,2018-08,546,91
06_underwater_12,2018-10,2018-09,552,92
06_underwater_12,2018-11,2018-10,558,93
06_underwater_12,2018-12,2018-11,564,94
06_underwater_12,2019-01,2018-12,570,95
06_underwater_12,2019-02,2019-01,576,96
06_underwater_12,2019-03,2019-02,582,97
06_underwater_12,2019-04,2019-03,588,98
06_underwater_12,2019-05,2019-04,594,99
06_underwater_12,2019-06,2019-05,600,100
06_underwater_12,2019-07,2019-06,606,101
06_underwater_12,2019-08,2019-07,612,102
06_underwater_12,2019-09,2019-08,618,103
06_underwater_12,2019-10,2019-09,624,104
06_underwater_12,2019-11,2019-10,630,105
06_underwater_12,2019-12,2019-11,636,106
06_underwater_12,2020-01,2019-12,642,107
06_underwater_12,2020-02,2020-01,648,108
06_underwater_12,2020-03,2020-02,654,109
06_underwater_12,2020-04,2020-03,660,110
06_underwater_12,2020-05,2020-04,666,111
06_underwater_12,2020-06,2020-05,672,112
06_underwater_12,2020-07,2020-06,678,113
06_underwater_12,2020-08,2020-07,684,114
06_underwater_12,2020-09,2020-08,690,115
06_underwater_12,2020-10,2020-09,696,116
06_underwater_12,2020-11,2020-10,702,117
06_underwater_12,2020-12,2020-11,708,118
06_underwater_12,2021-01,2020-12,714,119
06_underwater_12,2021-02,2021-01,720,120
06_underwater_12,2021-03,2021-02,726,121
06_underwater_12,2021-04,2021-03,732,122
06_underwater_12,2021-05,2021-04,738,123
06_underwater_12,2021-06,2021-05,744,124
06_underwater_12,2021-07,2021-06,750,125
06_underwater_12,2021-08,2021-07,756,126
06_underwater_12,2021-09,2021-08,762,127
06_underwater_12,2021-10,2021-09,768,128
06_underwater_12,2021-11,2021-10,774,129
06_underwater_12,2021-12,2021-11,780,130
06_underwater_12,2022-01,2021-12,786,131
06_underwater_12,2022-02,2022-01,792,132
06_underwater_12,2022-03,2022-02,798,133
06_underwater_12,2022-04,2022-03,804,134
06_underwater_12,2022-05,2022-04,810,135
06_underwater_12,2022-06,2022-05,816,136
06_underwater_12,2022-07,2022-06,822,137
06_underwater_12,2022-08,2022-07,828,138
06_underwater_12,2022-09,2022-08,834,139
06_underwater_12,2022-10,2022-09,840,140
06_underwater_12,2022-11,2022-10,846,141
06_underwater_12,2022-12,2022-11,852,142
06_underwater_12,2023-01,2022-12,858,143
06_underwater_12,2023-02,2023-01,864,144
06_underwater_12,2023-03,2023-02,870,145
06_underwater_12,2023-04,2023-03,876,146
06_underwater_12,2023-05,2023-04,882,147
06_underwater_12,2023-06,2023-05,888,148
06_underwater_12,2023-07,2023-06,894,149
06_underwater_12,2023-08,2023-07,900,150
06_underwater_12,2023-09,2023-08,906,151
06_underwater_12,2023-10,2023-09,912,152
06_underwater_12,2023-11,2023-10,918,153
06_underwater_12,2023-12,2023-11,924,154
06_underwater_12,2024-01,2023-12,930,155
06_underwater_12,2024-02,2024-01,936,156
06_underwater_12,2024-03,2024-02,942,157
06_underwater_12,2024-04,2024-03,948,158
06_underwater_12,2024-05,2024-04,954,159
06_underwater_12,2024-06,2024-05,960,160
06_underwater_12,2024-07,2024-06,966,161
06_underwater_12,2024-08,2024-07,972,162
06_underwater_12,2024-09,2024-08,978,163
06_underwater_12,2024-10,2024-09,984,164
06_underwater_12,2024-11,2024-10,990,165
06_underwater_12,2024-12,2024-11,996,166
06_underwater_12,2025-01,2024-12,1002,167
06_underwater_12,2025-02,2025-01,1008,168
06_underwater_12,2025-03,2025-02,1014,169
06_underwater_12,2025-04,2025-03,1020,170
06_underwater_12,2025-05,2025-04,1026,171
06_underwater_12,2025-06,2025-05,1032,172
06_underwater_12,2025-07,2025-06,1038,173
06_underwater_12,2025-08,2025-07,1044,174
06_underwater_12,2025-09,2025-08,1050,175
06_underwater_12,2025-10,2025-09,1056,176
06_underwater_12,2025-11,2025-10,1062,177
06_underwater_12,2025-12,2025-11,1068,178
06_underwater_12,2026-01,2025-12,1074,179
06_underwater_12,2026-02,2026-01,1080,180
06_underwater_12,2026-03,2026-02,1086,181
06_underwater_12,2026-04,2026-03,1092,182
06_underwater_12,2026-05,2026-04,1098,183
06_underwater_12,2026-06,2026-05,1104,184
06_underwater_12,2026-07,2026-06,1110,185
06_underwater_12,2026-08,2026-07,1116,186
06_adverse_36,2016-02,2016-01,216,36
06_adverse_36,2016-03,2016-02,222,37
06_adverse_36,2016-04,2016-03,228,38
06_adverse_36,2016-05,2016-04,234,39
06_adverse_36,2016-06,2016-05,240,40
06_adverse_36,2016-07,2016-06,246,41
06_adverse_36,2016-08,2016-07,252,42
06_adverse_36,2016-09,2016-08,258,43
06_adverse_36,2016-10,2016-09,264,44
06_adverse_36,2016-11,2016-10,270,45
06_adverse_36,2016-12,2016-11,276,46
06_adverse_36,2017-01,2016-12,282,47
06_adverse_36,2017-02,2017-01,288,48
06_adverse_36,2017-03,2017-02,294,49
06_adverse_36,2017-04,2017-03,300,50
06_adverse_36,2017-05,2017-04,306,51
06_adverse_36,2017-06,2017-05,312,52
06_adverse_36,2017-07,2017-06,318,53
06_adverse_36,2017-08,2017-07,324,54
06_adverse_36,2017-09,2017-08,330,55
06_adverse_36,2017-10,2017-09,336,56
06_adverse_36,2017-11,2017-10,342,57
06_adverse_36,2017-12,2017-11,348,58
06_adverse_36,2018-01,2017-12,354,59
06_adverse_36,2018-02,2018-01,360,60
06_adverse_36,2018-03,2018-02,366,61
06_adverse_36,2018-04,2018-03,372,62
06_adverse_36,2018-05,2018-04,378,63
06_adverse_36,2018-06,2018-05,384,64
06_adverse_36,2018-07,2018-06,390,65
06_adverse_36,2018-08,2018-07,396,66
06_adverse_36,2018-09,2018-08,402,67
06_adverse_36,2018-10,2018-09,408,68
06_adverse_36,2018-11,2018-10,414,69
06_adverse_36,2018-12,2018-11,420,70
06_adverse_36,2019-01,2018-12,426,71
06_adverse_36,2019-02,2019-01,432,72
06_adverse_36,2019-03,2019-02,438,73
06_adverse_36,2019-04,2019-03,444,74
06_adverse_36,2019-05,2019-04,450,75
06_adverse_36,2019-06,2019-05,456,76
06_adverse_36,2019-07,2019-06,462,77
06_adverse_36,2019-08,2019-07,468,78
06_adverse_36,2019-09,2019-08,474,79
06_adverse_36,2019-10,2019-09,480,80
06_adverse_36,2019-11,2019-10,486,81
06_adverse_36,2019-12,2019-11,492,82
06_adverse_36,2020-01,2019-12,498,83
06_adverse_36,2020-02,2020-01,504,84
06_adverse_36,2020-03,2020-02,510,85
06_adverse_36,2020-04,2020-03,516,86
06_adverse_36,2020-05,2020-04,522,87
06_adverse_36,2020-06,2020-05,528,88
06_adverse_36,2020-07,2020-06,534,89
06_adverse_36,2020-08,2020-07,540,90
06_adverse_36,2020-09,2020-08,546,91
06_adverse_36,2020-10,2020-09,552,92
06_adverse_36,2020-11,2020-10,558,93
06_adverse_36,2020-12,2020-11,564,94
06_adverse_36,2021-01,2020-12,570,95
06_adverse_36,2021-02,2021-01,576,96
06_adverse_36,2021-03,2021-02,582,97
06_adverse_36,2021-04,2021-03,588,98
06_adverse_36,2021-05,2021-04,594,99
06_adverse_36,2021-06,2021-05,600,100
06_adverse_36,2021-07,2021-06,606,101
06_adverse_36,2021-08,2021-07,612,102
06_adverse_36,2021-09,2021-08,618,103
06_adverse_36,2021-10,2021-09,624,104
06_adverse_36,2021-11,2021-10,630,105
06_adverse_36,2021-12,2021-11,636,106
06_adverse_36,2022-01,2021-12,642,107
06_adverse_36,2022-02,2022-01,648,108
06_adverse_36,2022-03,2022-02,654,109
06_adverse_36,2022-04,2022-03,660,110
06_adverse_36,2022-05,2022-04,666,111
06_adverse_36,2022-06,2022-05,672,112
06_adverse_36,2022-07,2022-06,678,113
06_adverse_36,2022-08,2022-07,684,114
06_adverse_36,2022-09,2022-08,690,115
06_adverse_36,2022-10,2022-09,696,116
06_adverse_36,2022-11,2022-10,702,117
06_adverse_36,2022-12,2022-11,708,118
06_adverse_36,2023-01,2022-12,714,119
06_adverse_36,2023-02,2023-01,720,120
06_adverse_36,2023-03,2023-02,726,121
06_adverse_36,2023-04,2023-03,732,122
06_adverse_36,2023-05,2023-04,738,123
06_adverse_36,2023-06,2023-05,744,124
06_adverse_36,2023-07,2023-06,750,125
06_adverse_36,2023-08,2023-07,756,126
06_adverse_36,2023-09,2023-08,762,127
06_adverse_36,2023-10,2023-09,768,128
06_adverse_36,2023-11,2023-10,774,129
06_adverse_36,2023-12,2023-11,780,130
06_adverse_36,2024-01,2023-12,786,131
06_adverse_36,2024-02,2024-01,792,132
06_adverse_36,2024-03,2024-02,798,133
06_adverse_36,2024-04,2024-03,804,134
06_adverse_36,2024-05,2024-04,810,135
06_adverse_36,2024-06,2024-05,816,136
06_adverse_36,2024-07,2024-06,822,137
06_adverse_36,2024-08,2024-07,828,138
06_adverse_36,2024-09,2024-08,834,139
06_adverse_36,2024-10,2024-09,840,140
06_adverse_36,2024-11,2024-10,846,141
06_adverse_36,2024-12,2024-11,852,142
06_adverse_36,2025-01,2024-12,858,143
06_adverse_36,2025-02,2025-01,864,144
06_adverse_36,2025-03,2025-02,870,145
06_adverse_36,2025-04,2025-03,876,146
06_adverse_36,2025-05,2025-04,882,147
06_adverse_36,2025-06,2025-05,888,148
06_adverse_36,2025-07,2025-06,894,149
06_adverse_36,2025-08,2025-07,900,150
06_adverse_36,2025-09,2025-08,906,151
06_adverse_36,2025-10,2025-09,912,152
06_adverse_36,2025-11,2025-10,918,153
06_adverse_36,2025-12,2025-11,924,154
06_adverse_36,2026-01,2025-12,930,155
06_adverse_36,2026-02,2026-01,936,156
06_adverse_36,2026-03,2026-02,942,157
06_adverse_36,2026-04,2026-03,948,158
06_adverse_36,2026-05,2026-04,954,159
06_adverse_36,2026-06,2026-05,960,160
06_adverse_36,2026-07,2026-06,966,161
06_adverse_36,2026-08,2026-07,972,162
06_underwater_36,2016-02,2016-01,216,36
06_underwater_36,2016-03,2016-02,222,37
06_underwater_36,2016-04,2016-03,228,38
06_underwater_36,2016-05,2016-04,234,39
06_underwater_36,2016-06,2016-05,240,40
06_underwater_36,2016-07,2016-06,246,41
06_underwater_36,2016-08,2016-07,252,42
06_underwater_36,2016-09,2016-08,258,43
06_underwater_36,2016-10,2016-09,264,44
06_underwater_36,2016-11,2016-10,270,45
06_underwater_36,2016-12,2016-11,276,46
06_underwater_36,2017-01,2016-12,282,47
06_underwater_36,2017-02,2017-01,288,48
06_underwater_36,2017-03,2017-02,294,49
06_underwater_36,2017-04,2017-03,300,50
06_underwater_36,2017-05,2017-04,306,51
06_underwater_36,2017-06,2017-05,312,52
06_underwater_36,2017-07,2017-06,318,53
06_underwater_36,2017-08,2017-07,324,54
06_underwater_36,2017-09,2017-08,330,55
06_underwater_36,2017-10,2017-09,336,56
06_underwater_36,2017-11,2017-10,342,57
06_underwater_36,2017-12,2017-11,348,58
06_underwater_36,2018-01,2017-12,354,59
06_underwater_36,2018-02,2018-01,360,60
06_underwater_36,2018-03,2018-02,366,61
06_underwater_36,2018-04,2018-03,372,62
06_underwater_36,2018-05,2018-04,378,63
06_underwater_36,2018-06,2018-05,384,64
06_underwater_36,2018-07,2018-06,390,65
06_underwater_36,2018-08,2018-07,396,66
06_underwater_36,2018-09,2018-08,402,67
06_underwater_36,2018-10,2018-09,408,68
06_underwater_36,2018-11,2018-10,414,69
06_underwater_36,2018-12,2018-11,420,70
06_underwater_36,2019-01,2018-12,426,71
06_underwater_36,2019-02,2019-01,432,72
06_underwater_36,2019-03,2019-02,438,73
06_underwater_36,2019-04,2019-03,444,74
06_underwater_36,2019-05,2019-04,450,75
06_underwater_36,2019-06,2019-05,456,76
06_underwater_36,2019-07,2019-06,462,77
06_underwater_36,2019-08,2019-07,468,78
06_underwater_36,2019-09,2019-08,474,79
06_underwater_36,2019-10,2019-09,480,80
06_underwater_36,2019-11,2019-10,486,81
06_underwater_36,2019-12,2019-11,492,82
06_underwater_36,2020-01,2019-12,498,83
06_underwater_36,2020-02,2020-01,504,84
06_underwater_36,2020-03,2020-02,510,85
06_underwater_36,2020-04,2020-03,516,86
06_underwater_36,2020-05,2020-04,522,87
06_underwater_36,2020-06,2020-05,528,88
06_underwater_36,2020-07,2020-06,534,89
06_underwater_36,2020-08,2020-07,540,90
06_underwater_36,2020-09,2020-08,546,91
06_underwater_36,2020-10,2020-09,552,92
06_underwater_36,2020-11,2020-10,558,93
06_underwater_36,2020-12,2020-11,564,94
06_underwater_36,2021-01,2020-12,570,95
06_underwater_36,2021-02,2021-01,576,96
06_underwater_36,2021-03,2021-02,582,97
06_underwater_36,2021-04,2021-03,588,98
06_underwater_36,2021-05,2021-04,594,99
06_underwater_36,2021-06,2021-05,600,100
06_underwater_36,2021-07,2021-06,606,101
06_underwater_36,2021-08,2021-07,612,102
06_underwater_36,2021-09,2021-08,618,103
06_underwater_36,2021-10,2021-09,624,104
06_underwater_36,2021-11,2021-10,630,105
06_underwater_36,2021-12,2021-11,636,106
06_underwater_36,2022-01,2021-12,642,107
06_underwater_36,2022-02,2022-01,648,108
06_underwater_36,2022-03,2022-02,654,109
06_underwater_36,2022-04,2022-03,660,110
06_underwater_36,2022-05,2022-04,666,111
06_underwater_36,2022-06,2022-05,672,112
06_underwater_36,2022-07,2022-06,678,113
06_underwater_36,2022-08,2022-07,684,114
06_underwater_36,2022-09,2022-08,690,115
06_underwater_36,2022-10,2022-09,696,116
06_underwater_36,2022-11,2022-10,702,117
06_underwater_36,2022-12,2022-11,708,118
06_underwater_36,2023-01,2022-12,714,119
06_underwater_36,2023-02,2023-01,720,120
06_underwater_36,2023-03,2023-02,726,121
06_underwater_36,2023-04,2023-03,732,122
06_underwater_36,2023-05,2023-04,738,123
06_underwater_36,2023-06,2023-05,744,124
06_underwater_36,2023-07,2023-06,750,125
06_underwater_36,2023-08,2023-07,756,126
06_underwater_36,2023-09,2023-08,762,127
06_underwater_36,2023-10,2023-09,768,128
06_underwater_36,2023-11,2023-10,774,129
06_underwater_36,2023-12,2023-11,780,130
06_underwater_36,2024-01,2023-12,786,131
06_underwater_36,2024-02,2024-01,792,132
06_underwater_36,2024-03,2024-02,798,133
06_underwater_36,2024-04,2024-03,804,134
06_underwater_36,2024-05,2024-04,810,135
06_underwater_36,2024-06,2024-05,816,136
06_underwater_36,2024-07,2024-06,822,137
06_underwater_36,2024-08,2024-07,828,138
06_underwater_36,2024-09,2024-08,834,139
06_underwater_36,2024-10,2024-09,840,140
06_underwater_36,2024-11,2024-10,846,141
06_underwater_36,2024-12,2024-11,852,142
06_underwater_36,2025-01,2024-12,858,143
06_underwater_36,2025-02,2025-01,864,144
06_underwater_36,2025-03,2025-02,870,145
06_underwater_36,2025-04,2025-03,876,146
06_underwater_36,2025-05,2025-04,882,147
06_underwater_36,2025-06,2025-05,888,148
06_underwater_36,2025-07,2025-06,894,149
06_underwater_36,2025-08,2025-07,900,150
06_underwater_36,2025-09,2025-08,906,151
06_underwater_36,2025-10,2025-09,912,152
06_underwater_36,2025-11,2025-10,918,153
06_underwater_36,2025-12,2025-11,924,154
06_underwater_36,2026-01,2025-12,930,155
06_underwater_36,2026-02,2026-01,936,156
06_underwater_36,2026-03,2026-02,942,157
06_underwater_36,2026-04,2026-03,948,158
06_underwater_36,2026-05,2026-04,954,159
06_underwater_36,2026-06,2026-05,960,160
06_underwater_36,2026-07,2026-06,966,161
06_underwater_36,2026-08,2026-07,972,162
06_adverse_60,2018-02,2018-01,216,36
06_adverse_60,2018-03,2018-02,222,37
06_adverse_60,2018-04,2018-03,228,38
06_adverse_60,2018-05,2018-04,234,39
06_adverse_60,2018-06,2018-05,240,40
06_adverse_60,2018-07,2018-06,246,41
06_adverse_60,2018-08,2018-07,252,42
06_adverse_60,2018-09,2018-08,258,43
06_adverse_60,2018-10,2018-09,264,44
06_adverse_60,2018-11,2018-10,270,45
06_adverse_60,2018-12,2018-11,276,46
06_adverse_60,2019-01,2018-12,282,47
06_adverse_60,2019-02,2019-01,288,48
06_adverse_60,2019-03,2019-02,294,49
06_adverse_60,2019-04,2019-03,300,50
06_adverse_60,2019-05,2019-04,306,51
06_adverse_60,2019-06,2019-05,312,52
06_adverse_60,2019-07,2019-06,318,53
06_adverse_60,2019-08,2019-07,324,54
06_adverse_60,2019-09,2019-08,330,55
06_adverse_60,2019-10,2019-09,336,56
06_adverse_60,2019-11,2019-10,342,57
06_adverse_60,2019-12,2019-11,348,58
06_adverse_60,2020-01,2019-12,354,59
06_adverse_60,2020-02,2020-01,360,60
06_adverse_60,2020-03,2020-02,366,61
06_adverse_60,2020-04,2020-03,372,62
06_adverse_60,2020-05,2020-04,378,63
06_adverse_60,2020-06,2020-05,384,64
06_adverse_60,2020-07,2020-06,390,65
06_adverse_60,2020-08,2020-07,396,66
06_adverse_60,2020-09,2020-08,402,67
06_adverse_60,2020-10,2020-09,408,68
06_adverse_60,2020-11,2020-10,414,69
06_adverse_60,2020-12,2020-11,420,70
06_adverse_60,2021-01,2020-12,426,71
06_adverse_60,2021-02,2021-01,432,72
06_adverse_60,2021-03,2021-02,438,73
06_adverse_60,2021-04,2021-03,444,74
06_adverse_60,2021-05,2021-04,450,75
06_adverse_60,2021-06,2021-05,456,76
06_adverse_60,2021-07,2021-06,462,77
06_adverse_60,2021-08,2021-07,468,78
06_adverse_60,2021-09,2021-08,474,79
06_adverse_60,2021-10,2021-09,480,80
06_adverse_60,2021-11,2021-10,486,81
06_adverse_60,2021-12,2021-11,492,82
06_adverse_60,2022-01,2021-12,498,83
06_adverse_60,2022-02,2022-01,504,84
06_adverse_60,2022-03,2022-02,510,85
06_adverse_60,2022-04,2022-03,516,86
06_adverse_60,2022-05,2022-04,522,87
06_adverse_60,2022-06,2022-05,528,88
06_adverse_60,2022-07,2022-06,534,89
06_adverse_60,2022-08,2022-07,540,90
06_adverse_60,2022-09,2022-08,546,91
06_adverse_60,2022-10,2022-09,552,92
06_adverse_60,2022-11,2022-10,558,93
06_adverse_60,2022-12,2022-11,564,94
06_adverse_60,2023-01,2022-12,570,95
06_adverse_60,2023-02,2023-01,576,96
06_adverse_60,2023-03,2023-02,582,97
06_adverse_60,2023-04,2023-03,588,98
06_adverse_60,2023-05,2023-04,594,99
06_adverse_60,2023-06,2023-05,600,100
06_adverse_60,2023-07,2023-06,606,101
06_adverse_60,2023-08,2023-07,612,102
06_adverse_60,2023-09,2023-08,618,103
06_adverse_60,2023-10,2023-09,624,104
06_adverse_60,2023-11,2023-10,630,105
06_adverse_60,2023-12,2023-11,636,106
06_adverse_60,2024-01,2023-12,642,107
06_adverse_60,2024-02,2024-01,648,108
06_adverse_60,2024-03,2024-02,654,109
06_adverse_60,2024-04,2024-03,660,110
06_adverse_60,2024-05,2024-04,666,111
06_adverse_60,2024-06,2024-05,672,112
06_adverse_60,2024-07,2024-06,678,113
06_adverse_60,2024-08,2024-07,684,114
06_adverse_60,2024-09,2024-08,690,115
06_adverse_60,2024-10,2024-09,696,116
06_adverse_60,2024-11,2024-10,702,117
06_adverse_60,2024-12,2024-11,708,118
06_adverse_60,2025-01,2024-12,714,119
06_adverse_60,2025-02,2025-01,720,120
06_adverse_60,2025-03,2025-02,726,121
06_adverse_60,2025-04,2025-03,732,122
06_adverse_60,2025-05,2025-04,738,123
06_adverse_60,2025-06,2025-05,744,124
06_adverse_60,2025-07,2025-06,750,125
06_adverse_60,2025-08,2025-07,756,126
06_adverse_60,2025-09,2025-08,762,127
06_adverse_60,2025-10,2025-09,768,128
06_adverse_60,2025-11,2025-10,774,129
06_adverse_60,2025-12,2025-11,780,130
06_adverse_60,2026-01,2025-12,786,131
06_adverse_60,2026-02,2026-01,792,132
06_adverse_60,2026-03,2026-02,798,133
06_adverse_60,2026-04,2026-03,804,134
06_adverse_60,2026-05,2026-04,810,135
06_adverse_60,2026-06,2026-05,816,136
06_adverse_60,2026-07,2026-06,822,137
06_adverse_60,2026-08,2026-07,828,138
06_underwater_60,2018-02,2018-01,216,36
06_underwater_60,2018-03,2018-02,222,37
06_underwater_60,2018-04,2018-03,228,38
06_underwater_60,2018-05,2018-04,234,39
06_underwater_60,2018-06,2018-05,240,40
06_underwater_60,2018-07,2018-06,246,41
06_underwater_60,2018-08,2018-07,252,42
06_underwater_60,2018-09,2018-08,258,43
06_underwater_60,2018-10,2018-09,264,44
06_underwater_60,2018-11,2018-10,270,45
06_underwater_60,2018-12,2018-11,276,46
06_underwater_60,2019-01,2018-12,282,47
06_underwater_60,2019-02,2019-01,288,48
06_underwater_60,2019-03,2019-02,294,49
06_underwater_60,2019-04,2019-03,300,50
06_underwater_60,2019-05,2019-04,306,51
06_underwater_60,2019-06,2019-05,312,52
06_underwater_60,2019-07,2019-06,318,53
06_underwater_60,2019-08,2019-07,324,54
06_underwater_60,2019-09,2019-08,330,55
06_underwater_60,2019-10,2019-09,336,56
06_underwater_60,2019-11,2019-10,342,57
06_underwater_60,2019-12,2019-11,348,58
06_underwater_60,2020-01,2019-12,354,59
06_underwater_60,2020-02,2020-01,360,60
06_underwater_60,2020-03,2020-02,366,61
06_underwater_60,2020-04,2020-03,372,62
06_underwater_60,2020-05,2020-04,378,63
06_underwater_60,2020-06,2020-05,384,64
06_underwater_60,2020-07,2020-06,390,65
06_underwater_60,2020-08,2020-07,396,66
06_underwater_60,2020-09,2020-08,402,67
06_underwater_60,2020-10,2020-09,408,68
06_underwater_60,2020-11,2020-10,414,69
06_underwater_60,2020-12,2020-11,420,70
06_underwater_60,2021-01,2020-12,426,71
06_underwater_60,2021-02,2021-01,432,72
06_underwater_60,2021-03,2021-02,438,73
06_underwater_60,2021-04,2021-03,444,74
06_underwater_60,2021-05,2021-04,450,75
06_underwater_60,2021-06,2021-05,456,76
06_underwater_60,2021-07,2021-06,462,77
06_underwater_60,2021-08,2021-07,468,78
06_underwater_60,2021-09,2021-08,474,79
06_underwater_60,2021-10,2021-09,480,80
06_underwater_60,2021-11,2021-10,486,81
06_underwater_60,2021-12,2021-11,492,82
06_underwater_60,2022-01,2021-12,498,83
06_underwater_60,2022-02,2022-01,504,84
06_underwater_60,2022-03,2022-02,510,85
06_underwater_60,2022-04,2022-03,516,86
06_underwater_60,2022-05,2022-04,522,87
06_underwater_60,2022-06,2022-05,528,88
06_underwater_60,2022-07,2022-06,534,89
06_underwater_60,2022-08,2022-07,540,90
06_underwater_60,2022-09,2022-08,546,91
06_underwater_60,2022-10,2022-09,552,92
06_underwater_60,2022-11,2022-10,558,93
06_underwater_60,2022-12,2022-11,564,94
06_underwater_60,2023-01,2022-12,570,95
06_underwater_60,2023-02,2023-01,576,96
06_underwater_60,2023-03,2023-02,582,97
06_underwater_60,2023-04,2023-03,588,98
06_underwater_60,2023-05,2023-04,594,99
06_underwater_60,2023-06,2023-05,600,100
06_underwater_60,2023-07,2023-06,606,101
06_underwater_60,2023-08,2023-07,612,102
06_underwater_60,2023-09,2023-08,618,103
06_underwater_60,2023-10,2023-09,624,104
06_underwater_60,2023-11,2023-10,630,105
06_underwater_60,2023-12,2023-11,636,106
06_underwater_60,2024-01,2023-12,642,107
06_underwater_60,2024-02,2024-01,648,108
06_underwater_60,2024-03,2024-02,654,109
06_underwater_60,2024-04,2024-03,660,110
06_underwater_60,2024-05,2024-04,666,111
06_underwater_60,2024-06,2024-05,672,112
06_underwater_60,2024-07,2024-06,678,113
06_underwater_60,2024-08,2024-07,684,114
06_underwater_60,2024-09,2024-08,690,115
06_underwater_60,2024-10,2024-09,696,116
06_underwater_60,2024-11,2024-10,702,117
06_underwater_60,2024-12,2024-11,708,118
06_underwater_60,2025-01,2024-12,714,119
06_underwater_60,2025-02,2025-01,720,120
06_underwater_60,2025-03,2025-02,726,121
06_underwater_60,2025-04,2025-03,732,122
06_underwater_60,2025-05,2025-04,738,123
06_underwater_60,2025-06,2025-05,744,124
06_underwater_60,2025-07,2025-06,750,125
06_underwater_60,2025-08,2025-07,756,126
06_underwater_60,2025-09,2025-08,762,127
06_underwater_60,2025-10,2025-09,768,128
06_underwater_60,2025-11,2025-10,774,129
06_underwater_60,2025-12,2025-11,780,130
06_underwater_60,2026-01,2025-12,786,131
06_underwater_60,2026-02,2026-01,792,132
06_underwater_60,2026-03,2026-02,798,133
06_underwater_60,2026-04,2026-03,804,134
06_underwater_60,2026-05,2026-04,810,135
06_underwater_60,2026-06,2026-05,816,136
06_underwater_60,2026-07,2026-06,822,137
06_underwater_60,2026-08,2026-07,828,138
11_inflation_12,2014-04,2014-03,216,36
11_inflation_12,2014-05,2014-04,222,37
11_inflation_12,2014-06,2014-05,228,38
11_inflation_12,2014-07,2014-06,234,39
11_inflation_12,2014-08,2014-07,240,40
11_inflation_12,2014-09,2014-08,246,41
11_inflation_12,2014-10,2014-09,252,42
11_inflation_12,2014-11,2014-10,258,43
11_inflation_12,2014-12,2014-11,264,44
11_inflation_12,2015-01,2014-12,270,45
11_inflation_12,2015-02,2015-01,276,46
11_inflation_12,2015-03,2015-02,282,47
11_inflation_12,2015-04,2015-03,288,48
11_inflation_12,2015-05,2015-04,294,49
11_inflation_12,2015-06,2015-05,300,50
11_inflation_12,2015-07,2015-06,306,51
11_inflation_12,2015-08,2015-07,312,52
11_inflation_12,2015-09,2015-08,318,53
11_inflation_12,2015-10,2015-09,324,54
11_inflation_12,2015-11,2015-10,330,55
11_inflation_12,2015-12,2015-11,336,56
11_inflation_12,2016-01,2015-12,342,57
11_inflation_12,2016-02,2016-01,348,58
11_inflation_12,2016-03,2016-02,354,59
11_inflation_12,2016-04,2016-03,360,60
11_inflation_12,2016-05,2016-04,366,61
11_inflation_12,2016-06,2016-05,372,62
11_inflation_12,2016-07,2016-06,378,63
11_inflation_12,2016-08,2016-07,384,64
11_inflation_12,2016-09,2016-08,390,65
11_inflation_12,2016-10,2016-09,396,66
11_inflation_12,2016-11,2016-10,402,67
11_inflation_12,2016-12,2016-11,408,68
11_inflation_12,2017-01,2016-12,414,69
11_inflation_12,2017-02,2017-01,420,70
11_inflation_12,2017-03,2017-02,426,71
11_inflation_12,2017-04,2017-03,432,72
11_inflation_12,2017-05,2017-04,438,73
11_inflation_12,2017-06,2017-05,444,74
11_inflation_12,2017-07,2017-06,450,75
11_inflation_12,2017-08,2017-07,456,76
11_inflation_12,2017-09,2017-08,462,77
11_inflation_12,2017-10,2017-09,468,78
11_inflation_12,2017-11,2017-10,474,79
11_inflation_12,2017-12,2017-11,480,80
11_inflation_12,2018-01,2017-12,486,81
11_inflation_12,2018-02,2018-01,492,82
11_inflation_12,2018-03,2018-02,498,83
11_inflation_12,2018-04,2018-03,504,84
11_inflation_12,2018-05,2018-04,510,85
11_inflation_12,2018-06,2018-05,516,86
11_inflation_12,2018-07,2018-06,522,87
11_inflation_12,2018-08,2018-07,528,88
11_inflation_12,2018-09,2018-08,534,89
11_inflation_12,2018-10,2018-09,540,90
11_inflation_12,2018-11,2018-10,546,91
11_inflation_12,2018-12,2018-11,552,92
11_inflation_12,2019-01,2018-12,558,93
11_inflation_12,2019-02,2019-01,564,94
11_inflation_12,2019-03,2019-02,570,95
11_inflation_12,2019-04,2019-03,576,96
11_inflation_12,2019-05,2019-04,582,97
11_inflation_12,2019-06,2019-05,588,98
11_inflation_12,2019-07,2019-06,594,99
11_inflation_12,2019-08,2019-07,600,100
11_inflation_12,2019-09,2019-08,606,101
11_inflation_12,2019-10,2019-09,612,102
11_inflation_12,2019-11,2019-10,618,103
11_inflation_12,2019-12,2019-11,624,104
11_inflation_12,2020-01,2019-12,630,105
11_inflation_12,2020-02,2020-01,636,106
11_inflation_12,2020-03,2020-02,642,107
11_inflation_12,2020-04,2020-03,648,108
11_inflation_12,2020-05,2020-04,654,109
11_inflation_12,2020-06,2020-05,660,110
11_inflation_12,2020-07,2020-06,666,111
11_inflation_12,2020-08,2020-07,672,112
11_inflation_12,2020-09,2020-08,678,113
11_inflation_12,2020-10,2020-09,684,114
11_inflation_12,2020-11,2020-10,690,115
11_inflation_12,2020-12,2020-11,696,116
11_inflation_12,2021-01,2020-12,702,117
11_inflation_12,2021-02,2021-01,708,118
11_inflation_12,2021-03,2021-02,714,119
11_inflation_12,2021-04,2021-03,720,120
11_inflation_12,2021-05,2021-04,726,121
11_inflation_12,2021-06,2021-05,732,122
11_inflation_12,2021-07,2021-06,738,123
11_inflation_12,2021-08,2021-07,744,124
11_inflation_12,2021-09,2021-08,750,125
11_inflation_12,2021-10,2021-09,756,126
11_inflation_12,2021-11,2021-10,762,127
11_inflation_12,2021-12,2021-11,768,128
11_inflation_12,2022-01,2021-12,774,129
11_inflation_12,2022-02,2022-01,780,130
11_inflation_12,2022-03,2022-02,786,131
11_inflation_12,2022-04,2022-03,792,132
11_inflation_12,2022-05,2022-04,798,133
11_inflation_12,2022-06,2022-05,804,134
11_inflation_12,2022-07,2022-06,810,135
11_inflation_12,2022-08,2022-07,816,136
11_inflation_12,2022-09,2022-08,822,137
11_inflation_12,2022-10,2022-09,828,138
11_inflation_12,2022-11,2022-10,834,139
11_inflation_12,2022-12,2022-11,840,140
11_inflation_12,2023-01,2022-12,846,141
11_inflation_12,2023-02,2023-01,852,142
11_inflation_12,2023-03,2023-02,858,143
11_inflation_12,2023-04,2023-03,864,144
11_inflation_12,2023-05,2023-04,870,145
11_inflation_12,2023-06,2023-05,876,146
11_inflation_12,2023-07,2023-06,882,147
11_inflation_12,2023-08,2023-07,888,148
11_inflation_12,2023-09,2023-08,894,149
11_inflation_12,2023-10,2023-09,900,150
11_inflation_12,2023-11,2023-10,906,151
11_inflation_12,2023-12,2023-11,912,152
11_inflation_12,2024-01,2023-12,918,153
11_inflation_12,2024-02,2024-01,924,154
11_inflation_12,2024-03,2024-02,930,155
11_inflation_12,2024-04,2024-03,936,156
11_inflation_12,2024-05,2024-04,942,157
11_inflation_12,2024-06,2024-05,948,158
11_inflation_12,2024-07,2024-06,954,159
11_inflation_12,2024-08,2024-07,960,160
11_inflation_12,2024-09,2024-08,966,161
11_inflation_12,2024-10,2024-09,972,162
11_inflation_12,2024-11,2024-10,978,163
11_inflation_12,2024-12,2024-11,984,164
11_inflation_12,2025-01,2024-12,990,165
11_inflation_12,2025-02,2025-01,996,166
11_inflation_12,2025-03,2025-02,1002,167
11_inflation_12,2025-04,2025-03,1008,168
11_inflation_12,2025-05,2025-04,1014,169
11_inflation_12,2025-06,2025-05,1020,170
11_inflation_12,2025-07,2025-06,1026,171
11_inflation_12,2025-08,2025-07,1032,172
11_inflation_12,2025-09,2025-08,1038,173
11_inflation_12,2025-10,2025-09,1044,174
11_inflation_12,2025-11,2025-10,1050,175
11_inflation_12,2026-01,2025-11,1056,176
11_inflation_12,2026-02,2026-01,1062,177
11_inflation_12,2026-03,2026-02,1068,178
11_inflation_12,2026-04,2026-03,1074,179
11_inflation_12,2026-05,2026-04,1080,180
11_inflation_12,2026-06,2026-05,1086,181
11_inflation_12,2026-07,2026-06,1092,182
11_inflation_12,2026-08,2026-07,1098,183
11_inflation_36,2016-04,2016-03,216,36
11_inflation_36,2016-05,2016-04,222,37
11_inflation_36,2016-06,2016-05,228,38
11_inflation_36,2016-07,2016-06,234,39
11_inflation_36,2016-08,2016-07,240,40
11_inflation_36,2016-09,2016-08,246,41
11_inflation_36,2016-10,2016-09,252,42
11_inflation_36,2016-11,2016-10,258,43
11_inflation_36,2016-12,2016-11,264,44
11_inflation_36,2017-01,2016-12,270,45
11_inflation_36,2017-02,2017-01,276,46
11_inflation_36,2017-03,2017-02,282,47
11_inflation_36,2017-04,2017-03,288,48
11_inflation_36,2017-05,2017-04,294,49
11_inflation_36,2017-06,2017-05,300,50
11_inflation_36,2017-07,2017-06,306,51
11_inflation_36,2017-08,2017-07,312,52
11_inflation_36,2017-09,2017-08,318,53
11_inflation_36,2017-10,2017-09,324,54
11_inflation_36,2017-11,2017-10,330,55
11_inflation_36,2017-12,2017-11,336,56
11_inflation_36,2018-01,2017-12,342,57
11_inflation_36,2018-02,2018-01,348,58
11_inflation_36,2018-03,2018-02,354,59
11_inflation_36,2018-04,2018-03,360,60
11_inflation_36,2018-05,2018-04,366,61
11_inflation_36,2018-06,2018-05,372,62
11_inflation_36,2018-07,2018-06,378,63
11_inflation_36,2018-08,2018-07,384,64
11_inflation_36,2018-09,2018-08,390,65
11_inflation_36,2018-10,2018-09,396,66
11_inflation_36,2018-11,2018-10,402,67
11_inflation_36,2018-12,2018-11,408,68
11_inflation_36,2019-01,2018-12,414,69
11_inflation_36,2019-02,2019-01,420,70
11_inflation_36,2019-03,2019-02,426,71
11_inflation_36,2019-04,2019-03,432,72
11_inflation_36,2019-05,2019-04,438,73
11_inflation_36,2019-06,2019-05,444,74
11_inflation_36,2019-07,2019-06,450,75
11_inflation_36,2019-08,2019-07,456,76
11_inflation_36,2019-09,2019-08,462,77
11_inflation_36,2019-10,2019-09,468,78
11_inflation_36,2019-11,2019-10,474,79
11_inflation_36,2019-12,2019-11,480,80
11_inflation_36,2020-01,2019-12,486,81
11_inflation_36,2020-02,2020-01,492,82
11_inflation_36,2020-03,2020-02,498,83
11_inflation_36,2020-04,2020-03,504,84
11_inflation_36,2020-05,2020-04,510,85
11_inflation_36,2020-06,2020-05,516,86
11_inflation_36,2020-07,2020-06,522,87
11_inflation_36,2020-08,2020-07,528,88
11_inflation_36,2020-09,2020-08,534,89
11_inflation_36,2020-10,2020-09,540,90
11_inflation_36,2020-11,2020-10,546,91
11_inflation_36,2020-12,2020-11,552,92
11_inflation_36,2021-01,2020-12,558,93
11_inflation_36,2021-02,2021-01,564,94
11_inflation_36,2021-03,2021-02,570,95
11_inflation_36,2021-04,2021-03,576,96
11_inflation_36,2021-05,2021-04,582,97
11_inflation_36,2021-06,2021-05,588,98
11_inflation_36,2021-07,2021-06,594,99
11_inflation_36,2021-08,2021-07,600,100
11_inflation_36,2021-09,2021-08,606,101
11_inflation_36,2021-10,2021-09,612,102
11_inflation_36,2021-11,2021-10,618,103
11_inflation_36,2021-12,2021-11,624,104
11_inflation_36,2022-01,2021-12,630,105
11_inflation_36,2022-02,2022-01,636,106
11_inflation_36,2022-03,2022-02,642,107
11_inflation_36,2022-04,2022-03,648,108
11_inflation_36,2022-05,2022-04,654,109
11_inflation_36,2022-06,2022-05,660,110
11_inflation_36,2022-07,2022-06,666,111
11_inflation_36,2022-08,2022-07,672,112
11_inflation_36,2022-09,2022-08,678,113
11_inflation_36,2022-10,2022-09,684,114
11_inflation_36,2022-11,2022-10,690,115
11_inflation_36,2022-12,2022-11,696,116
11_inflation_36,2023-01,2022-12,702,117
11_inflation_36,2023-02,2023-01,708,118
11_inflation_36,2023-03,2023-02,714,119
11_inflation_36,2023-04,2023-03,720,120
11_inflation_36,2023-05,2023-04,726,121
11_inflation_36,2023-06,2023-05,732,122
11_inflation_36,2023-07,2023-06,738,123
11_inflation_36,2023-08,2023-07,744,124
11_inflation_36,2023-09,2023-08,750,125
11_inflation_36,2023-10,2023-09,756,126
11_inflation_36,2023-11,2023-10,762,127
11_inflation_36,2023-12,2023-11,768,128
11_inflation_36,2024-01,2023-12,774,129
11_inflation_36,2024-02,2024-01,780,130
11_inflation_36,2024-03,2024-02,786,131
11_inflation_36,2024-04,2024-03,792,132
11_inflation_36,2024-05,2024-04,798,133
11_inflation_36,2024-06,2024-05,804,134
11_inflation_36,2024-07,2024-06,810,135
11_inflation_36,2024-08,2024-07,816,136
11_inflation_36,2024-09,2024-08,822,137
11_inflation_36,2024-10,2024-09,828,138
11_inflation_36,2024-11,2024-10,834,139
11_inflation_36,2024-12,2024-11,840,140
11_inflation_36,2025-01,2024-12,846,141
11_inflation_36,2025-02,2025-01,852,142
11_inflation_36,2025-03,2025-02,858,143
11_inflation_36,2025-04,2025-03,864,144
11_inflation_36,2025-05,2025-04,870,145
11_inflation_36,2025-06,2025-05,876,146
11_inflation_36,2025-07,2025-06,882,147
11_inflation_36,2025-08,2025-07,888,148
11_inflation_36,2025-09,2025-08,894,149
11_inflation_36,2025-10,2025-09,900,150
11_inflation_36,2025-11,2025-10,906,151
11_inflation_36,2026-01,2025-11,912,152
11_inflation_36,2026-02,2026-01,918,153
11_inflation_36,2026-03,2026-02,924,154
11_inflation_36,2026-04,2026-03,930,155
11_inflation_36,2026-05,2026-04,936,156
11_inflation_36,2026-06,2026-05,942,157
11_inflation_36,2026-07,2026-06,948,158
11_inflation_36,2026-08,2026-07,954,159
11_inflation_60,2018-04,2018-03,216,36
11_inflation_60,2018-05,2018-04,222,37
11_inflation_60,2018-06,2018-05,228,38
11_inflation_60,2018-07,2018-06,234,39
11_inflation_60,2018-08,2018-07,240,40
11_inflation_60,2018-09,2018-08,246,41
11_inflation_60,2018-10,2018-09,252,42
11_inflation_60,2018-11,2018-10,258,43
11_inflation_60,2018-12,2018-11,264,44
11_inflation_60,2019-01,2018-12,270,45
11_inflation_60,2019-02,2019-01,276,46
11_inflation_60,2019-03,2019-02,282,47
11_inflation_60,2019-04,2019-03,288,48
11_inflation_60,2019-05,2019-04,294,49
11_inflation_60,2019-06,2019-05,300,50
11_inflation_60,2019-07,2019-06,306,51
11_inflation_60,2019-08,2019-07,312,52
11_inflation_60,2019-09,2019-08,318,53
11_inflation_60,2019-10,2019-09,324,54
11_inflation_60,2019-11,2019-10,330,55
11_inflation_60,2019-12,2019-11,336,56
11_inflation_60,2020-01,2019-12,342,57
11_inflation_60,2020-02,2020-01,348,58
11_inflation_60,2020-03,2020-02,354,59
11_inflation_60,2020-04,2020-03,360,60
11_inflation_60,2020-05,2020-04,366,61
11_inflation_60,2020-06,2020-05,372,62
11_inflation_60,2020-07,2020-06,378,63
11_inflation_60,2020-08,2020-07,384,64
11_inflation_60,2020-09,2020-08,390,65
11_inflation_60,2020-10,2020-09,396,66
11_inflation_60,2020-11,2020-10,402,67
11_inflation_60,2020-12,2020-11,408,68
11_inflation_60,2021-01,2020-12,414,69
11_inflation_60,2021-02,2021-01,420,70
11_inflation_60,2021-03,2021-02,426,71
11_inflation_60,2021-04,2021-03,432,72
11_inflation_60,2021-05,2021-04,438,73
11_inflation_60,2021-06,2021-05,444,74
11_inflation_60,2021-07,2021-06,450,75
11_inflation_60,2021-08,2021-07,456,76
11_inflation_60,2021-09,2021-08,462,77
11_inflation_60,2021-10,2021-09,468,78
11_inflation_60,2021-11,2021-10,474,79
11_inflation_60,2021-12,2021-11,480,80
11_inflation_60,2022-01,2021-12,486,81
11_inflation_60,2022-02,2022-01,492,82
11_inflation_60,2022-03,2022-02,498,83
11_inflation_60,2022-04,2022-03,504,84
11_inflation_60,2022-05,2022-04,510,85
11_inflation_60,2022-06,2022-05,516,86
11_inflation_60,2022-07,2022-06,522,87
11_inflation_60,2022-08,2022-07,528,88
11_inflation_60,2022-09,2022-08,534,89
11_inflation_60,2022-10,2022-09,540,90
11_inflation_60,2022-11,2022-10,546,91
11_inflation_60,2022-12,2022-11,552,92
11_inflation_60,2023-01,2022-12,558,93
11_inflation_60,2023-02,2023-01,564,94
11_inflation_60,2023-03,2023-02,570,95
11_inflation_60,2023-04,2023-03,576,96
11_inflation_60,2023-05,2023-04,582,97
11_inflation_60,2023-06,2023-05,588,98
11_inflation_60,2023-07,2023-06,594,99
11_inflation_60,2023-08,2023-07,600,100
11_inflation_60,2023-09,2023-08,606,101
11_inflation_60,2023-10,2023-09,612,102
11_inflation_60,2023-11,2023-10,618,103
11_inflation_60,2023-12,2023-11,624,104
11_inflation_60,2024-01,2023-12,630,105
11_inflation_60,2024-02,2024-01,636,106
11_inflation_60,2024-03,2024-02,642,107
11_inflation_60,2024-04,2024-03,648,108
11_inflation_60,2024-05,2024-04,654,109
11_inflation_60,2024-06,2024-05,660,110
11_inflation_60,2024-07,2024-06,666,111
11_inflation_60,2024-08,2024-07,672,112
11_inflation_60,2024-09,2024-08,678,113
11_inflation_60,2024-10,2024-09,684,114
11_inflation_60,2024-11,2024-10,690,115
11_inflation_60,2024-12,2024-11,696,116
11_inflation_60,2025-01,2024-12,702,117
11_inflation_60,2025-02,2025-01,708,118
11_inflation_60,2025-03,2025-02,714,119
11_inflation_60,2025-04,2025-03,720,120
11_inflation_60,2025-05,2025-04,726,121
11_inflation_60,2025-06,2025-05,732,122
11_inflation_60,2025-07,2025-06,738,123
11_inflation_60,2025-08,2025-07,744,124
11_inflation_60,2025-09,2025-08,750,125
11_inflation_60,2025-10,2025-09,756,126
11_inflation_60,2025-11,2025-10,762,127
11_inflation_60,2026-01,2025-11,768,128
11_inflation_60,2026-02,2026-01,774,129
11_inflation_60,2026-03,2026-02,780,130
11_inflation_60,2026-04,2026-03,786,131
11_inflation_60,2026-05,2026-04,792,132
11_inflation_60,2026-06,2026-05,798,133
11_inflation_60,2026-07,2026-06,804,134
11_inflation_60,2026-08,2026-07,810,135
12_bond_1,2023-07,2023-06,36,36
12_bond_1,2023-08,2023-07,37,37
12_bond_1,2023-09,2023-08,38,38
12_bond_1,2023-10,2023-09,39,39
12_bond_1,2023-11,2023-10,40,40
12_bond_1,2023-12,2023-11,41,41
12_bond_1,2024-01,2023-12,42,42
12_bond_1,2024-02,2024-01,43,43
12_bond_1,2024-03,2024-02,44,44
12_bond_1,2024-04,2024-03,45,45
12_bond_1,2024-05,2024-04,46,46
12_bond_1,2024-06,2024-05,47,47
12_bond_1,2024-07,2024-06,48,48
12_bond_1,2024-08,2024-07,49,49
12_bond_1,2024-09,2024-08,50,50
12_bond_1,2024-10,2024-09,51,51
12_bond_1,2024-11,2024-10,52,52
12_bond_1,2024-12,2024-11,53,53
12_bond_1,2025-01,2024-12,54,54
12_bond_1,2025-02,2025-01,55,55
12_bond_1,2025-03,2025-02,56,56
12_bond_1,2025-04,2025-03,57,57
12_bond_1,2025-05,2025-04,58,58
12_bond_1,2025-06,2025-05,59,59
12_bond_1,2025-07,2025-06,60,60
12_bond_1,2025-08,2025-07,61,61
12_bond_1,2025-09,2025-08,62,62
12_bond_1,2025-10,2025-09,63,63
12_bond_1,2025-11,2025-10,64,64
12_bond_1,2026-01,2025-12,66,66
12_bond_1,2026-02,2026-01,67,67
12_bond_1,2026-03,2026-01,67,67
12_bond_1,2026-04,2026-03,68,68
12_bond_1,2026-05,2026-04,69,69
12_bond_1,2026-06,2026-05,70,70
12_bond_1,2026-07,2026-06,71,71
12_bond_1,2026-08,2026-07,72,72
12_bond_12,2024-06,2024-05,36,36
12_bond_12,2024-07,2024-06,37,37
12_bond_12,2024-08,2024-07,38,38
12_bond_12,2024-09,2024-08,39,39
12_bond_12,2024-10,2024-09,40,40
12_bond_12,2024-11,2024-10,41,41
12_bond_12,2024-12,2024-11,42,42
12_bond_12,2025-01,2024-12,43,43
12_bond_12,2025-02,2025-01,44,44
12_bond_12,2025-03,2025-02,45,45
12_bond_12,2025-04,2025-03,46,46
12_bond_12,2025-05,2025-04,47,47
12_bond_12,2025-06,2025-05,48,48
12_bond_12,2025-07,2025-06,49,49
12_bond_12,2025-08,2025-07,50,50
12_bond_12,2025-09,2025-08,51,51
12_bond_12,2025-10,2025-09,52,52
12_bond_12,2025-11,2025-10,53,53
12_bond_12,2026-01,2025-12,55,55
12_bond_12,2026-02,2026-01,56,56
12_bond_12,2026-03,2026-02,57,57
12_bond_12,2026-04,2026-03,58,58
12_bond_12,2026-05,2026-04,59,59
12_bond_12,2026-06,2026-05,60,60
12_bond_12,2026-07,2026-06,61,61
12_bond_12,2026-08,2026-07,62,62
12_exporter_bank_1,2013-03,2013-02,36,36
12_exporter_bank_1,2013-04,2013-03,37,37
12_exporter_bank_1,2013-05,2013-04,38,38
12_exporter_bank_1,2013-06,2013-05,39,39
12_exporter_bank_1,2013-07,2013-06,40,40
12_exporter_bank_1,2013-08,2013-07,41,41
12_exporter_bank_1,2013-09,2013-08,42,42
12_exporter_bank_1,2013-10,2013-09,43,43
12_exporter_bank_1,2013-11,2013-10,44,44
12_exporter_bank_1,2013-12,2013-11,45,45
12_exporter_bank_1,2014-01,2013-12,46,46
12_exporter_bank_1,2014-02,2014-01,47,47
12_exporter_bank_1,2014-03,2014-02,48,48
12_exporter_bank_1,2014-04,2014-03,49,49
12_exporter_bank_1,2014-05,2014-04,50,50
12_exporter_bank_1,2014-06,2014-05,51,51
12_exporter_bank_1,2014-07,2014-06,52,52
12_exporter_bank_1,2014-08,2014-07,53,53
12_exporter_bank_1,2014-09,2014-08,54,54
12_exporter_bank_1,2014-10,2014-09,55,55
12_exporter_bank_1,2014-11,2014-10,56,56
12_exporter_bank_1,2014-12,2014-11,57,57
12_exporter_bank_1,2015-01,2014-12,58,58
12_exporter_bank_1,2015-02,2015-01,59,59
12_exporter_bank_1,2015-03,2015-02,60,60
12_exporter_bank_1,2015-04,2015-03,61,61
12_exporter_bank_1,2015-05,2015-04,62,62
12_exporter_bank_1,2015-06,2015-05,63,63
12_exporter_bank_1,2015-07,2015-06,64,64
12_exporter_bank_1,2015-08,2015-07,65,65
12_exporter_bank_1,2015-09,2015-08,66,66
12_exporter_bank_1,2015-10,2015-09,67,67
12_exporter_bank_1,2015-11,2015-10,68,68
12_exporter_bank_1,2015-12,2015-11,69,69
12_exporter_bank_1,2016-01,2015-12,70,70
12_exporter_bank_1,2016-02,2016-01,71,71
12_exporter_bank_1,2016-03,2016-02,72,72
12_exporter_bank_1,2016-04,2016-03,73,73
12_exporter_bank_1,2016-05,2016-04,74,74
12_exporter_bank_1,2016-06,2016-05,75,75
12_exporter_bank_1,2016-07,2016-06,76,76
12_exporter_bank_1,2016-08,2016-07,77,77
12_exporter_bank_1,2016-09,2016-08,78,78
12_exporter_bank_1,2016-10,2016-09,79,79
12_exporter_bank_1,2016-11,2016-10,80,80
12_exporter_bank_1,2016-12,2016-11,81,81
12_exporter_bank_1,2017-01,2016-12,82,82
12_exporter_bank_1,2017-02,2017-01,83,83
12_exporter_bank_1,2017-03,2017-02,84,84
12_exporter_bank_1,2017-04,2017-03,85,85
12_exporter_bank_1,2017-05,2017-04,86,86
12_exporter_bank_1,2017-06,2017-05,87,87
12_exporter_bank_1,2017-07,2017-06,88,88
12_exporter_bank_1,2017-08,2017-07,89,89
12_exporter_bank_1,2017-09,2017-08,90,90
12_exporter_bank_1,2017-10,2017-09,91,91
12_exporter_bank_1,2017-11,2017-10,92,92
12_exporter_bank_1,2017-12,2017-11,93,93
12_exporter_bank_1,2018-01,2017-12,94,94
12_exporter_bank_1,2018-02,2018-01,95,95
12_exporter_bank_1,2018-03,2018-02,96,96
12_exporter_bank_1,2018-04,2018-03,97,97
12_exporter_bank_1,2018-05,2018-04,98,98
12_exporter_bank_1,2018-06,2018-05,99,99
12_exporter_bank_1,2018-07,2018-06,100,100
12_exporter_bank_1,2018-08,2018-07,101,101
12_exporter_bank_1,2018-09,2018-08,102,102
12_exporter_bank_1,2018-10,2018-09,103,103
12_exporter_bank_1,2018-11,2018-10,104,104
12_exporter_bank_1,2018-12,2018-11,105,105
12_exporter_bank_1,2019-01,2018-12,106,106
12_exporter_bank_1,2019-02,2019-01,107,107
12_exporter_bank_1,2019-03,2019-02,108,108
12_exporter_bank_1,2019-04,2019-03,109,109
12_exporter_bank_1,2019-05,2019-04,110,110
12_exporter_bank_1,2019-06,2019-05,111,111
12_exporter_bank_1,2019-07,2019-06,112,112
12_exporter_bank_1,2019-08,2019-07,113,113
12_exporter_bank_1,2019-09,2019-08,114,114
12_exporter_bank_1,2019-10,2019-09,115,115
12_exporter_bank_1,2019-11,2019-10,116,116
12_exporter_bank_1,2019-12,2019-11,117,117
12_exporter_bank_1,2020-01,2019-12,118,118
12_exporter_bank_1,2020-02,2020-01,119,119
12_exporter_bank_1,2020-03,2020-02,120,120
12_exporter_bank_1,2020-04,2020-03,121,121
12_exporter_bank_1,2020-05,2020-04,122,122
12_exporter_bank_1,2020-06,2020-05,123,123
12_exporter_bank_1,2020-07,2020-06,124,124
12_exporter_bank_1,2020-08,2020-07,125,125
12_exporter_bank_1,2020-09,2020-08,126,126
12_exporter_bank_1,2020-10,2020-09,127,127
12_exporter_bank_1,2020-11,2020-10,128,128
12_exporter_bank_1,2020-12,2020-11,129,129
12_exporter_bank_1,2021-01,2020-12,130,130
12_exporter_bank_1,2021-02,2021-01,131,131
12_exporter_bank_1,2021-03,2021-02,132,132
12_exporter_bank_1,2021-04,2021-03,133,133
12_exporter_bank_1,2021-05,2021-04,134,134
12_exporter_bank_1,2021-06,2021-05,135,135
12_exporter_bank_1,2021-07,2021-06,136,136
12_exporter_bank_1,2021-08,2021-07,137,137
12_exporter_bank_1,2021-09,2021-08,138,138
12_exporter_bank_1,2021-10,2021-09,139,139
12_exporter_bank_1,2021-11,2021-10,140,140
12_exporter_bank_1,2021-12,2021-11,141,141
12_exporter_bank_1,2022-01,2021-12,142,142
12_exporter_bank_1,2022-02,2022-01,143,143
12_exporter_bank_1,2022-03,2022-02,144,144
12_exporter_bank_1,2022-04,2022-03,145,145
12_exporter_bank_1,2022-05,2022-04,146,146
12_exporter_bank_1,2022-06,2022-05,147,147
12_exporter_bank_1,2022-07,2022-06,148,148
12_exporter_bank_1,2022-08,2022-07,149,149
12_exporter_bank_1,2022-09,2022-08,150,150
12_exporter_bank_1,2022-10,2022-09,151,151
12_exporter_bank_1,2022-11,2022-10,152,152
12_exporter_bank_1,2022-12,2022-11,153,153
12_exporter_bank_1,2023-01,2022-12,154,154
12_exporter_bank_1,2023-02,2023-01,155,155
12_exporter_bank_1,2023-03,2023-02,156,156
12_exporter_bank_1,2023-04,2023-03,157,157
12_exporter_bank_1,2023-05,2023-04,158,158
12_exporter_bank_1,2023-06,2023-05,159,159
12_exporter_bank_1,2023-07,2023-06,160,160
12_exporter_bank_1,2023-08,2023-07,161,161
12_exporter_bank_1,2023-09,2023-08,162,162
12_exporter_bank_1,2023-10,2023-09,163,163
12_exporter_bank_1,2023-11,2023-10,164,164
12_exporter_bank_1,2023-12,2023-11,165,165
12_exporter_bank_1,2024-01,2023-12,166,166
12_exporter_bank_1,2024-02,2024-01,167,167
12_exporter_bank_1,2024-03,2024-02,168,168
12_exporter_bank_1,2024-04,2024-03,169,169
12_exporter_bank_1,2024-05,2024-04,170,170
12_exporter_bank_1,2024-06,2024-05,171,171
12_exporter_bank_1,2024-07,2024-06,172,172
12_exporter_bank_1,2024-08,2024-07,173,173
12_exporter_bank_1,2024-09,2024-08,174,174
12_exporter_bank_1,2024-10,2024-09,175,175
12_exporter_bank_1,2024-11,2024-10,176,176
12_exporter_bank_1,2024-12,2024-11,177,177
12_exporter_bank_1,2025-01,2024-12,178,178
12_exporter_bank_1,2025-02,2025-01,179,179
12_exporter_bank_1,2025-03,2025-02,180,180
12_exporter_bank_1,2025-04,2025-03,181,181
12_exporter_bank_1,2025-05,2025-04,182,182
12_exporter_bank_1,2025-06,2025-05,183,183
12_exporter_bank_1,2025-07,2025-06,184,184
12_exporter_bank_1,2025-08,2025-07,185,185
12_exporter_bank_1,2025-09,2025-08,186,186
12_exporter_bank_1,2025-10,2025-09,187,187
12_exporter_bank_1,2025-11,2025-10,188,188
12_exporter_bank_1,2026-01,2025-12,190,190
12_exporter_bank_1,2026-02,2026-01,191,191
12_exporter_bank_1,2026-03,2026-01,191,191
12_exporter_bank_1,2026-04,2026-03,192,192
12_exporter_bank_1,2026-05,2026-04,193,193
12_exporter_bank_1,2026-06,2026-05,194,194
12_exporter_bank_1,2026-07,2026-06,195,195
12_exporter_bank_1,2026-08,2026-07,196,196
12_exporter_bank_12,2014-02,2014-01,36,36
12_exporter_bank_12,2014-03,2014-02,37,37
12_exporter_bank_12,2014-04,2014-03,38,38
12_exporter_bank_12,2014-05,2014-04,39,39
12_exporter_bank_12,2014-06,2014-05,40,40
12_exporter_bank_12,2014-07,2014-06,41,41
12_exporter_bank_12,2014-08,2014-07,42,42
12_exporter_bank_12,2014-09,2014-08,43,43
12_exporter_bank_12,2014-10,2014-09,44,44
12_exporter_bank_12,2014-11,2014-10,45,45
12_exporter_bank_12,2014-12,2014-11,46,46
12_exporter_bank_12,2015-01,2014-12,47,47
12_exporter_bank_12,2015-02,2015-01,48,48
12_exporter_bank_12,2015-03,2015-02,49,49
12_exporter_bank_12,2015-04,2015-03,50,50
12_exporter_bank_12,2015-05,2015-04,51,51
12_exporter_bank_12,2015-06,2015-05,52,52
12_exporter_bank_12,2015-07,2015-06,53,53
12_exporter_bank_12,2015-08,2015-07,54,54
12_exporter_bank_12,2015-09,2015-08,55,55
12_exporter_bank_12,2015-10,2015-09,56,56
12_exporter_bank_12,2015-11,2015-10,57,57
12_exporter_bank_12,2015-12,2015-11,58,58
12_exporter_bank_12,2016-01,2015-12,59,59
12_exporter_bank_12,2016-02,2016-01,60,60
12_exporter_bank_12,2016-03,2016-02,61,61
12_exporter_bank_12,2016-04,2016-03,62,62
12_exporter_bank_12,2016-05,2016-04,63,63
12_exporter_bank_12,2016-06,2016-05,64,64
12_exporter_bank_12,2016-07,2016-06,65,65
12_exporter_bank_12,2016-08,2016-07,66,66
12_exporter_bank_12,2016-09,2016-08,67,67
12_exporter_bank_12,2016-10,2016-09,68,68
12_exporter_bank_12,2016-11,2016-10,69,69
12_exporter_bank_12,2016-12,2016-11,70,70
12_exporter_bank_12,2017-01,2016-12,71,71
12_exporter_bank_12,2017-02,2017-01,72,72
12_exporter_bank_12,2017-03,2017-02,73,73
12_exporter_bank_12,2017-04,2017-03,74,74
12_exporter_bank_12,2017-05,2017-04,75,75
12_exporter_bank_12,2017-06,2017-05,76,76
12_exporter_bank_12,2017-07,2017-06,77,77
12_exporter_bank_12,2017-08,2017-07,78,78
12_exporter_bank_12,2017-09,2017-08,79,79
12_exporter_bank_12,2017-10,2017-09,80,80
12_exporter_bank_12,2017-11,2017-10,81,81
12_exporter_bank_12,2017-12,2017-11,82,82
12_exporter_bank_12,2018-01,2017-12,83,83
12_exporter_bank_12,2018-02,2018-01,84,84
12_exporter_bank_12,2018-03,2018-02,85,85
12_exporter_bank_12,2018-04,2018-03,86,86
12_exporter_bank_12,2018-05,2018-04,87,87
12_exporter_bank_12,2018-06,2018-05,88,88
12_exporter_bank_12,2018-07,2018-06,89,89
12_exporter_bank_12,2018-08,2018-07,90,90
12_exporter_bank_12,2018-09,2018-08,91,91
12_exporter_bank_12,2018-10,2018-09,92,92
12_exporter_bank_12,2018-11,2018-10,93,93
12_exporter_bank_12,2018-12,2018-11,94,94
12_exporter_bank_12,2019-01,2018-12,95,95
12_exporter_bank_12,2019-02,2019-01,96,96
12_exporter_bank_12,2019-03,2019-02,97,97
12_exporter_bank_12,2019-04,2019-03,98,98
12_exporter_bank_12,2019-05,2019-04,99,99
12_exporter_bank_12,2019-06,2019-05,100,100
12_exporter_bank_12,2019-07,2019-06,101,101
12_exporter_bank_12,2019-08,2019-07,102,102
12_exporter_bank_12,2019-09,2019-08,103,103
12_exporter_bank_12,2019-10,2019-09,104,104
12_exporter_bank_12,2019-11,2019-10,105,105
12_exporter_bank_12,2019-12,2019-11,106,106
12_exporter_bank_12,2020-01,2019-12,107,107
12_exporter_bank_12,2020-02,2020-01,108,108
12_exporter_bank_12,2020-03,2020-02,109,109
12_exporter_bank_12,2020-04,2020-03,110,110
12_exporter_bank_12,2020-05,2020-04,111,111
12_exporter_bank_12,2020-06,2020-05,112,112
12_exporter_bank_12,2020-07,2020-06,113,113
12_exporter_bank_12,2020-08,2020-07,114,114
12_exporter_bank_12,2020-09,2020-08,115,115
12_exporter_bank_12,2020-10,2020-09,116,116
12_exporter_bank_12,2020-11,2020-10,117,117
12_exporter_bank_12,2020-12,2020-11,118,118
12_exporter_bank_12,2021-01,2020-12,119,119
12_exporter_bank_12,2021-02,2021-01,120,120
12_exporter_bank_12,2021-03,2021-02,121,121
12_exporter_bank_12,2021-04,2021-03,122,122
12_exporter_bank_12,2021-05,2021-04,123,123
12_exporter_bank_12,2021-06,2021-05,124,124
12_exporter_bank_12,2021-07,2021-06,125,125
12_exporter_bank_12,2021-08,2021-07,126,126
12_exporter_bank_12,2021-09,2021-08,127,127
12_exporter_bank_12,2021-10,2021-09,128,128
12_exporter_bank_12,2021-11,2021-10,129,129
12_exporter_bank_12,2021-12,2021-11,130,130
12_exporter_bank_12,2022-01,2021-12,131,131
12_exporter_bank_12,2022-02,2022-01,132,132
12_exporter_bank_12,2022-03,2022-02,133,133
12_exporter_bank_12,2022-04,2022-03,134,134
12_exporter_bank_12,2022-05,2022-04,135,135
12_exporter_bank_12,2022-06,2022-05,136,136
12_exporter_bank_12,2022-07,2022-06,137,137
12_exporter_bank_12,2022-08,2022-07,138,138
12_exporter_bank_12,2022-09,2022-08,139,139
12_exporter_bank_12,2022-10,2022-09,140,140
12_exporter_bank_12,2022-11,2022-10,141,141
12_exporter_bank_12,2022-12,2022-11,142,142
12_exporter_bank_12,2023-01,2022-12,143,143
12_exporter_bank_12,2023-02,2023-01,144,144
12_exporter_bank_12,2023-03,2023-02,145,145
12_exporter_bank_12,2023-04,2023-03,146,146
12_exporter_bank_12,2023-05,2023-04,147,147
12_exporter_bank_12,2023-06,2023-05,148,148
12_exporter_bank_12,2023-07,2023-06,149,149
12_exporter_bank_12,2023-08,2023-07,150,150
12_exporter_bank_12,2023-09,2023-08,151,151
12_exporter_bank_12,2023-10,2023-09,152,152
12_exporter_bank_12,2023-11,2023-10,153,153
12_exporter_bank_12,2023-12,2023-11,154,154
12_exporter_bank_12,2024-01,2023-12,155,155
12_exporter_bank_12,2024-02,2024-01,156,156
12_exporter_bank_12,2024-03,2024-02,157,157
12_exporter_bank_12,2024-04,2024-03,158,158
12_exporter_bank_12,2024-05,2024-04,159,159
12_exporter_bank_12,2024-06,2024-05,160,160
12_exporter_bank_12,2024-07,2024-06,161,161
12_exporter_bank_12,2024-08,2024-07,162,162
12_exporter_bank_12,2024-09,2024-08,163,163
12_exporter_bank_12,2024-10,2024-09,164,164
12_exporter_bank_12,2024-11,2024-10,165,165
12_exporter_bank_12,2024-12,2024-11,166,166
12_exporter_bank_12,2025-01,2024-12,167,167
12_exporter_bank_12,2025-02,2025-01,168,168
12_exporter_bank_12,2025-03,2025-02,169,169
12_exporter_bank_12,2025-04,2025-03,170,170
12_exporter_bank_12,2025-05,2025-04,171,171
12_exporter_bank_12,2025-06,2025-05,172,172
12_exporter_bank_12,2025-07,2025-06,173,173
12_exporter_bank_12,2025-08,2025-07,174,174
12_exporter_bank_12,2025-09,2025-08,175,175
12_exporter_bank_12,2025-10,2025-09,176,176
12_exporter_bank_12,2025-11,2025-10,177,177
12_exporter_bank_12,2026-01,2025-12,179,179
12_exporter_bank_12,2026-02,2026-01,180,180
12_exporter_bank_12,2026-03,2026-02,181,181
12_exporter_bank_12,2026-04,2026-03,182,182
12_exporter_bank_12,2026-05,2026-04,183,183
12_exporter_bank_12,2026-06,2026-05,184,184
12_exporter_bank_12,2026-07,2026-06,185,185
12_exporter_bank_12,2026-08,2026-07,186,186
12_exporter_bank_alt_1,2013-03,2013-02,36,36
12_exporter_bank_alt_1,2013-04,2013-03,37,37
12_exporter_bank_alt_1,2013-05,2013-04,38,38
12_exporter_bank_alt_1,2013-06,2013-05,39,39
12_exporter_bank_alt_1,2013-07,2013-06,40,40
12_exporter_bank_alt_1,2013-08,2013-07,41,41
12_exporter_bank_alt_1,2013-09,2013-08,42,42
12_exporter_bank_alt_1,2013-10,2013-09,43,43
12_exporter_bank_alt_1,2013-11,2013-10,44,44
12_exporter_bank_alt_1,2013-12,2013-11,45,45
12_exporter_bank_alt_1,2014-01,2013-12,46,46
12_exporter_bank_alt_1,2014-02,2014-01,47,47
12_exporter_bank_alt_1,2014-03,2014-02,48,48
12_exporter_bank_alt_1,2014-04,2014-03,49,49
12_exporter_bank_alt_1,2014-05,2014-04,50,50
12_exporter_bank_alt_1,2014-06,2014-05,51,51
12_exporter_bank_alt_1,2014-07,2014-06,52,52
12_exporter_bank_alt_1,2014-08,2014-07,53,53
12_exporter_bank_alt_1,2014-09,2014-08,54,54
12_exporter_bank_alt_1,2014-10,2014-09,55,55
12_exporter_bank_alt_1,2014-11,2014-10,56,56
12_exporter_bank_alt_1,2014-12,2014-11,57,57
12_exporter_bank_alt_1,2015-01,2014-12,58,58
12_exporter_bank_alt_1,2015-02,2015-01,59,59
12_exporter_bank_alt_1,2015-03,2015-02,60,60
12_exporter_bank_alt_1,2015-04,2015-03,61,61
12_exporter_bank_alt_1,2015-05,2015-04,62,62
12_exporter_bank_alt_1,2015-06,2015-05,63,63
12_exporter_bank_alt_1,2015-07,2015-06,64,64
12_exporter_bank_alt_1,2015-08,2015-07,65,65
12_exporter_bank_alt_1,2015-09,2015-08,66,66
12_exporter_bank_alt_1,2015-10,2015-09,67,67
12_exporter_bank_alt_1,2015-11,2015-10,68,68
12_exporter_bank_alt_1,2015-12,2015-11,69,69
12_exporter_bank_alt_1,2016-01,2015-12,70,70
12_exporter_bank_alt_1,2016-02,2016-01,71,71
12_exporter_bank_alt_1,2016-03,2016-02,72,72
12_exporter_bank_alt_1,2016-04,2016-03,73,73
12_exporter_bank_alt_1,2016-05,2016-04,74,74
12_exporter_bank_alt_1,2016-06,2016-05,75,75
12_exporter_bank_alt_1,2016-07,2016-06,76,76
12_exporter_bank_alt_1,2016-08,2016-07,77,77
12_exporter_bank_alt_1,2016-09,2016-08,78,78
12_exporter_bank_alt_1,2016-10,2016-09,79,79
12_exporter_bank_alt_1,2016-11,2016-10,80,80
12_exporter_bank_alt_1,2016-12,2016-11,81,81
12_exporter_bank_alt_1,2017-01,2016-12,82,82
12_exporter_bank_alt_1,2017-02,2017-01,83,83
12_exporter_bank_alt_1,2017-03,2017-02,84,84
12_exporter_bank_alt_1,2017-04,2017-03,85,85
12_exporter_bank_alt_1,2017-05,2017-04,86,86
12_exporter_bank_alt_1,2017-06,2017-05,87,87
12_exporter_bank_alt_1,2017-07,2017-06,88,88
12_exporter_bank_alt_1,2017-08,2017-07,89,89
12_exporter_bank_alt_1,2017-09,2017-08,90,90
12_exporter_bank_alt_1,2017-10,2017-09,91,91
12_exporter_bank_alt_1,2017-11,2017-10,92,92
12_exporter_bank_alt_1,2017-12,2017-11,93,93
12_exporter_bank_alt_1,2018-01,2017-12,94,94
12_exporter_bank_alt_1,2018-02,2018-01,95,95
12_exporter_bank_alt_1,2018-03,2018-02,96,96
12_exporter_bank_alt_1,2018-04,2018-03,97,97
12_exporter_bank_alt_1,2018-05,2018-04,98,98
12_exporter_bank_alt_1,2018-06,2018-05,99,99
12_exporter_bank_alt_1,2018-07,2018-06,100,100
12_exporter_bank_alt_1,2018-08,2018-07,101,101
12_exporter_bank_alt_1,2018-09,2018-08,102,102
12_exporter_bank_alt_1,2018-10,2018-09,103,103
12_exporter_bank_alt_1,2018-11,2018-10,104,104
12_exporter_bank_alt_1,2018-12,2018-11,105,105
12_exporter_bank_alt_1,2019-01,2018-12,106,106
12_exporter_bank_alt_1,2019-02,2019-01,107,107
12_exporter_bank_alt_1,2019-03,2019-02,108,108
12_exporter_bank_alt_1,2019-04,2019-03,109,109
12_exporter_bank_alt_1,2019-05,2019-04,110,110
12_exporter_bank_alt_1,2019-06,2019-05,111,111
12_exporter_bank_alt_1,2019-07,2019-06,112,112
12_exporter_bank_alt_1,2019-08,2019-07,113,113
12_exporter_bank_alt_1,2019-09,2019-08,114,114
12_exporter_bank_alt_1,2019-10,2019-09,115,115
12_exporter_bank_alt_1,2019-11,2019-10,116,116
12_exporter_bank_alt_1,2019-12,2019-11,117,117
12_exporter_bank_alt_1,2020-01,2019-12,118,118
12_exporter_bank_alt_1,2020-02,2020-01,119,119
12_exporter_bank_alt_1,2020-03,2020-02,120,120
12_exporter_bank_alt_1,2020-04,2020-03,121,121
12_exporter_bank_alt_1,2020-05,2020-04,122,122
12_exporter_bank_alt_1,2020-06,2020-05,123,123
12_exporter_bank_alt_1,2020-07,2020-06,124,124
12_exporter_bank_alt_1,2020-08,2020-07,125,125
12_exporter_bank_alt_1,2020-09,2020-08,126,126
12_exporter_bank_alt_1,2020-10,2020-09,127,127
12_exporter_bank_alt_1,2020-11,2020-10,128,128
12_exporter_bank_alt_1,2020-12,2020-11,129,129
12_exporter_bank_alt_1,2021-01,2020-12,130,130
12_exporter_bank_alt_1,2021-02,2021-01,131,131
12_exporter_bank_alt_1,2021-03,2021-02,132,132
12_exporter_bank_alt_1,2021-04,2021-03,133,133
12_exporter_bank_alt_1,2021-05,2021-04,134,134
12_exporter_bank_alt_1,2021-06,2021-05,135,135
12_exporter_bank_alt_1,2021-07,2021-06,136,136
12_exporter_bank_alt_1,2021-08,2021-07,137,137
12_exporter_bank_alt_1,2021-09,2021-08,138,138
12_exporter_bank_alt_1,2021-10,2021-09,139,139
12_exporter_bank_alt_1,2021-11,2021-10,140,140
12_exporter_bank_alt_1,2021-12,2021-11,141,141
12_exporter_bank_alt_1,2022-01,2021-12,142,142
12_exporter_bank_alt_1,2022-02,2022-01,143,143
12_exporter_bank_alt_1,2022-03,2022-02,144,144
12_exporter_bank_alt_1,2022-04,2022-03,145,145
12_exporter_bank_alt_1,2022-05,2022-04,146,146
12_exporter_bank_alt_1,2022-06,2022-05,147,147
12_exporter_bank_alt_1,2022-07,2022-06,148,148
12_exporter_bank_alt_1,2022-08,2022-07,149,149
12_exporter_bank_alt_1,2022-09,2022-08,150,150
12_exporter_bank_alt_1,2022-10,2022-09,151,151
12_exporter_bank_alt_1,2022-11,2022-10,152,152
12_exporter_bank_alt_1,2022-12,2022-11,153,153
12_exporter_bank_alt_1,2023-01,2022-12,154,154
12_exporter_bank_alt_1,2023-02,2023-01,155,155
12_exporter_bank_alt_1,2023-03,2023-02,156,156
12_exporter_bank_alt_1,2023-04,2023-03,157,157
12_exporter_bank_alt_1,2023-05,2023-04,158,158
12_exporter_bank_alt_1,2023-06,2023-05,159,159
12_exporter_bank_alt_1,2023-07,2023-06,160,160
12_exporter_bank_alt_1,2023-08,2023-07,161,161
12_exporter_bank_alt_1,2023-09,2023-08,162,162
12_exporter_bank_alt_1,2023-10,2023-09,163,163
12_exporter_bank_alt_1,2023-11,2023-10,164,164
12_exporter_bank_alt_1,2023-12,2023-11,165,165
12_exporter_bank_alt_1,2024-01,2023-12,166,166
12_exporter_bank_alt_1,2024-02,2024-01,167,167
12_exporter_bank_alt_1,2024-03,2024-02,168,168
12_exporter_bank_alt_1,2024-04,2024-03,169,169
12_exporter_bank_alt_1,2024-05,2024-04,170,170
12_exporter_bank_alt_1,2024-06,2024-05,171,171
12_exporter_bank_alt_1,2024-07,2024-06,172,172
12_exporter_bank_alt_1,2024-08,2024-07,173,173
12_exporter_bank_alt_1,2024-09,2024-08,174,174
12_exporter_bank_alt_1,2024-10,2024-09,175,175
12_exporter_bank_alt_1,2024-11,2024-10,176,176
12_exporter_bank_alt_1,2024-12,2024-11,177,177
12_exporter_bank_alt_1,2025-01,2024-12,178,178
12_exporter_bank_alt_1,2025-02,2025-01,179,179
12_exporter_bank_alt_1,2025-03,2025-02,180,180
12_exporter_bank_alt_1,2025-04,2025-03,181,181
12_exporter_bank_alt_1,2025-05,2025-04,182,182
12_exporter_bank_alt_1,2025-06,2025-05,183,183
12_exporter_bank_alt_1,2025-07,2025-06,184,184
12_exporter_bank_alt_1,2025-08,2025-07,185,185
12_exporter_bank_alt_1,2025-09,2025-08,186,186
12_exporter_bank_alt_1,2025-10,2025-09,187,187
12_exporter_bank_alt_1,2025-11,2025-10,188,188
12_exporter_bank_alt_1,2026-01,2025-12,190,190
12_exporter_bank_alt_1,2026-02,2026-01,191,191
12_exporter_bank_alt_1,2026-03,2026-01,191,191
12_exporter_bank_alt_1,2026-04,2026-03,192,192
12_exporter_bank_alt_1,2026-05,2026-04,193,193
12_exporter_bank_alt_1,2026-06,2026-05,194,194
12_exporter_bank_alt_1,2026-07,2026-06,195,195
12_exporter_bank_alt_1,2026-08,2026-07,196,196
12_exporter_bank_alt_12,2014-02,2014-01,36,36
12_exporter_bank_alt_12,2014-03,2014-02,37,37
12_exporter_bank_alt_12,2014-04,2014-03,38,38
12_exporter_bank_alt_12,2014-05,2014-04,39,39
12_exporter_bank_alt_12,2014-06,2014-05,40,40
12_exporter_bank_alt_12,2014-07,2014-06,41,41
12_exporter_bank_alt_12,2014-08,2014-07,42,42
12_exporter_bank_alt_12,2014-09,2014-08,43,43
12_exporter_bank_alt_12,2014-10,2014-09,44,44
12_exporter_bank_alt_12,2014-11,2014-10,45,45
12_exporter_bank_alt_12,2014-12,2014-11,46,46
12_exporter_bank_alt_12,2015-01,2014-12,47,47
12_exporter_bank_alt_12,2015-02,2015-01,48,48
12_exporter_bank_alt_12,2015-03,2015-02,49,49
12_exporter_bank_alt_12,2015-04,2015-03,50,50
12_exporter_bank_alt_12,2015-05,2015-04,51,51
12_exporter_bank_alt_12,2015-06,2015-05,52,52
12_exporter_bank_alt_12,2015-07,2015-06,53,53
12_exporter_bank_alt_12,2015-08,2015-07,54,54
12_exporter_bank_alt_12,2015-09,2015-08,55,55
12_exporter_bank_alt_12,2015-10,2015-09,56,56
12_exporter_bank_alt_12,2015-11,2015-10,57,57
12_exporter_bank_alt_12,2015-12,2015-11,58,58
12_exporter_bank_alt_12,2016-01,2015-12,59,59
12_exporter_bank_alt_12,2016-02,2016-01,60,60
12_exporter_bank_alt_12,2016-03,2016-02,61,61
12_exporter_bank_alt_12,2016-04,2016-03,62,62
12_exporter_bank_alt_12,2016-05,2016-04,63,63
12_exporter_bank_alt_12,2016-06,2016-05,64,64
12_exporter_bank_alt_12,2016-07,2016-06,65,65
12_exporter_bank_alt_12,2016-08,2016-07,66,66
12_exporter_bank_alt_12,2016-09,2016-08,67,67
12_exporter_bank_alt_12,2016-10,2016-09,68,68
12_exporter_bank_alt_12,2016-11,2016-10,69,69
12_exporter_bank_alt_12,2016-12,2016-11,70,70
12_exporter_bank_alt_12,2017-01,2016-12,71,71
12_exporter_bank_alt_12,2017-02,2017-01,72,72
12_exporter_bank_alt_12,2017-03,2017-02,73,73
12_exporter_bank_alt_12,2017-04,2017-03,74,74
12_exporter_bank_alt_12,2017-05,2017-04,75,75
12_exporter_bank_alt_12,2017-06,2017-05,76,76
12_exporter_bank_alt_12,2017-07,2017-06,77,77
12_exporter_bank_alt_12,2017-08,2017-07,78,78
12_exporter_bank_alt_12,2017-09,2017-08,79,79
12_exporter_bank_alt_12,2017-10,2017-09,80,80
12_exporter_bank_alt_12,2017-11,2017-10,81,81
12_exporter_bank_alt_12,2017-12,2017-11,82,82
12_exporter_bank_alt_12,2018-01,2017-12,83,83
12_exporter_bank_alt_12,2018-02,2018-01,84,84
12_exporter_bank_alt_12,2018-03,2018-02,85,85
12_exporter_bank_alt_12,2018-04,2018-03,86,86
12_exporter_bank_alt_12,2018-05,2018-04,87,87
12_exporter_bank_alt_12,2018-06,2018-05,88,88
12_exporter_bank_alt_12,2018-07,2018-06,89,89
12_exporter_bank_alt_12,2018-08,2018-07,90,90
12_exporter_bank_alt_12,2018-09,2018-08,91,91
12_exporter_bank_alt_12,2018-10,2018-09,92,92
12_exporter_bank_alt_12,2018-11,2018-10,93,93
12_exporter_bank_alt_12,2018-12,2018-11,94,94
12_exporter_bank_alt_12,2019-01,2018-12,95,95
12_exporter_bank_alt_12,2019-02,2019-01,96,96
12_exporter_bank_alt_12,2019-03,2019-02,97,97
12_exporter_bank_alt_12,2019-04,2019-03,98,98
12_exporter_bank_alt_12,2019-05,2019-04,99,99
12_exporter_bank_alt_12,2019-06,2019-05,100,100
12_exporter_bank_alt_12,2019-07,2019-06,101,101
12_exporter_bank_alt_12,2019-08,2019-07,102,102
12_exporter_bank_alt_12,2019-09,2019-08,103,103
12_exporter_bank_alt_12,2019-10,2019-09,104,104
12_exporter_bank_alt_12,2019-11,2019-10,105,105
12_exporter_bank_alt_12,2019-12,2019-11,106,106
12_exporter_bank_alt_12,2020-01,2019-12,107,107
12_exporter_bank_alt_12,2020-02,2020-01,108,108
12_exporter_bank_alt_12,2020-03,2020-02,109,109
12_exporter_bank_alt_12,2020-04,2020-03,110,110
12_exporter_bank_alt_12,2020-05,2020-04,111,111
12_exporter_bank_alt_12,2020-06,2020-05,112,112
12_exporter_bank_alt_12,2020-07,2020-06,113,113
12_exporter_bank_alt_12,2020-08,2020-07,114,114
12_exporter_bank_alt_12,2020-09,2020-08,115,115
12_exporter_bank_alt_12,2020-10,2020-09,116,116
12_exporter_bank_alt_12,2020-11,2020-10,117,117
12_exporter_bank_alt_12,2020-12,2020-11,118,118
12_exporter_bank_alt_12,2021-01,2020-12,119,119
12_exporter_bank_alt_12,2021-02,2021-01,120,120
12_exporter_bank_alt_12,2021-03,2021-02,121,121
12_exporter_bank_alt_12,2021-04,2021-03,122,122
12_exporter_bank_alt_12,2021-05,2021-04,123,123
12_exporter_bank_alt_12,2021-06,2021-05,124,124
12_exporter_bank_alt_12,2021-07,2021-06,125,125
12_exporter_bank_alt_12,2021-08,2021-07,126,126
12_exporter_bank_alt_12,2021-09,2021-08,127,127
12_exporter_bank_alt_12,2021-10,2021-09,128,128
12_exporter_bank_alt_12,2021-11,2021-10,129,129
12_exporter_bank_alt_12,2021-12,2021-11,130,130
12_exporter_bank_alt_12,2022-01,2021-12,131,131
12_exporter_bank_alt_12,2022-02,2022-01,132,132
12_exporter_bank_alt_12,2022-03,2022-02,133,133
12_exporter_bank_alt_12,2022-04,2022-03,134,134
12_exporter_bank_alt_12,2022-05,2022-04,135,135
12_exporter_bank_alt_12,2022-06,2022-05,136,136
12_exporter_bank_alt_12,2022-07,2022-06,137,137
12_exporter_bank_alt_12,2022-08,2022-07,138,138
12_exporter_bank_alt_12,2022-09,2022-08,139,139
12_exporter_bank_alt_12,2022-10,2022-09,140,140
12_exporter_bank_alt_12,2022-11,2022-10,141,141
12_exporter_bank_alt_12,2022-12,2022-11,142,142
12_exporter_bank_alt_12,2023-01,2022-12,143,143
12_exporter_bank_alt_12,2023-02,2023-01,144,144
12_exporter_bank_alt_12,2023-03,2023-02,145,145
12_exporter_bank_alt_12,2023-04,2023-03,146,146
12_exporter_bank_alt_12,2023-05,2023-04,147,147
12_exporter_bank_alt_12,2023-06,2023-05,148,148
12_exporter_bank_alt_12,2023-07,2023-06,149,149
12_exporter_bank_alt_12,2023-08,2023-07,150,150
12_exporter_bank_alt_12,2023-09,2023-08,151,151
12_exporter_bank_alt_12,2023-10,2023-09,152,152
12_exporter_bank_alt_12,2023-11,2023-10,153,153
12_exporter_bank_alt_12,2023-12,2023-11,154,154
12_exporter_bank_alt_12,2024-01,2023-12,155,155
12_exporter_bank_alt_12,2024-02,2024-01,156,156
12_exporter_bank_alt_12,2024-03,2024-02,157,157
12_exporter_bank_alt_12,2024-04,2024-03,158,158
12_exporter_bank_alt_12,2024-05,2024-04,159,159
12_exporter_bank_alt_12,2024-06,2024-05,160,160
12_exporter_bank_alt_12,2024-07,2024-06,161,161
12_exporter_bank_alt_12,2024-08,2024-07,162,162
12_exporter_bank_alt_12,2024-09,2024-08,163,163
12_exporter_bank_alt_12,2024-10,2024-09,164,164
12_exporter_bank_alt_12,2024-11,2024-10,165,165
12_exporter_bank_alt_12,2024-12,2024-11,166,166
12_exporter_bank_alt_12,2025-01,2024-12,167,167
12_exporter_bank_alt_12,2025-02,2025-01,168,168
12_exporter_bank_alt_12,2025-03,2025-02,169,169
12_exporter_bank_alt_12,2025-04,2025-03,170,170
12_exporter_bank_alt_12,2025-05,2025-04,171,171
12_exporter_bank_alt_12,2025-06,2025-05,172,172
12_exporter_bank_alt_12,2025-07,2025-06,173,173
12_exporter_bank_alt_12,2025-08,2025-07,174,174
12_exporter_bank_alt_12,2025-09,2025-08,175,175
12_exporter_bank_alt_12,2025-10,2025-09,176,176
12_exporter_bank_alt_12,2025-11,2025-10,177,177
12_exporter_bank_alt_12,2026-01,2025-12,179,179
12_exporter_bank_alt_12,2026-02,2026-01,180,180
12_exporter_bank_alt_12,2026-03,2026-02,181,181
12_exporter_bank_alt_12,2026-04,2026-03,182,182
12_exporter_bank_alt_12,2026-05,2026-04,183,183
12_exporter_bank_alt_12,2026-06,2026-05,184,184
12_exporter_bank_alt_12,2026-07,2026-06,185,185
12_exporter_bank_alt_12,2026-08,2026-07,186,186
