name,block,annual_difference,low,high
Gate_0_ma1,12,0.001546501373,-0.0006864142957,0.005325924831
Gate_0_ma1,36,0.001546501373,-0.0002002439102,0.004639504119
Gate_0_ma3,12,0.002355473366,-0.0002986379113,0.007127985889
Gate_0_ma3,36,0.002355473366,-1.021324099e-08,0.007066420097
Gate_0_ma6,12,0.001109928871,-0.001057077282,0.004386869413
Gate_0_ma6,36,0.001109928871,-9.648838229e-05,0.003360060585
Gate_0.005_ma1,12,0.002088034548,-0.001248987038,0.00627345904
Gate_0.005_ma1,36,0.002088034548,-1.861403371e-12,0.005190980907
Gate_0.005_ma3,12,0.0009414010298,-0.001057077282,0.003908400047
Gate_0.005_ma3,36,0.0009414010298,-0.0006864207136,0.002939879342
Gate_0.005_ma6,12,0.001261899078,-0.001124356989,0.004548778167
Gate_0.005_ma6,36,0.001261899078,-0.0002986379113,0.003883255961
Gate_0.01_ma1,12,-0.001387413706,-0.007575082409,0.003878283944
Gate_0.01_ma1,36,-0.001387413706,-0.007260065005,0.002955231868
Gate_0.01_ma3,12,-0.0002582335091,-0.007128338678,0.005727436152
Gate_0.01_ma3,36,-0.0002582335091,-0.00674035905,0.005588810673
Gate_0.01_ma6,12,-0.0008383813002,-0.005477022227,0.003362419926
Gate_0.01_ma6,36,-0.0008383813002,-0.005292098021,0.003088273331
Gate_0.02_ma1,12,-0.005166879551,-0.01987822486,0.01056365433
Gate_0.02_ma1,36,-0.005166879551,-0.01940088005,0.008985547506
Gate_0.02_ma3,12,-0.005890119245,-0.02074268771,0.01153181749
Gate_0.02_ma3,36,-0.005890119245,-0.02025297986,0.007151720748
Gate_0.02_ma6,12,-0.00264635529,-0.01867406106,0.01392152361
Gate_0.02_ma6,36,-0.00264635529,-0.01699930576,0.01020849603
Gate_0.04_ma1,12,-0.02423228691,-0.04878128852,0.003136964278
Gate_0.04_ma1,36,-0.02423228691,-0.04582824268,-0.003508935859
Gate_0.04_ma3,12,-0.02767285038,-0.05230365384,-0.001429403091
Gate_0.04_ma3,36,-0.02767285038,-0.04686676082,-0.006286863178
Gate_0.04_ma6,12,-0.02767285038,-0.05260862547,-0.0006946654678
Gate_0.04_ma6,36,-0.02767285038,-0.04720833069,-0.005715727933
Size_hist6_cap0.5,12,-0.01285091318,-0.02625506935,-7.575957879e-05
Size_hist6_cap0.5,36,-0.01285091318,-0.02250360963,-0.002637068968
Size_hist6_cap1,12,0.001983241203,-0.0007177940007,0.005608411338
Size_hist6_cap1,36,0.001983241203,0.000103197354,0.004591401892
Size_hist6_cap1.5,12,0.01473310128,0.003722879988,0.02552030835
Size_hist6_cap1.5,36,0.01473310128,0.007379680323,0.02237110372
Size_hist12_cap0.5,12,-0.01285091318,-0.02578415536,0.0006157180173
Size_hist12_cap0.5,36,-0.01285091318,-0.02268614132,-0.00247484478
Size_hist12_cap1,12,0.001983241203,-0.0007907140968,0.005633822641
Size_hist12_cap1,36,0.001983241203,5.657306673e-05,0.004656129974
Size_hist12_cap1.5,12,0.01473310128,0.004170313914,0.02510480936
Size_hist12_cap1.5,36,0.01473310128,0.006978175887,0.02216114431
Size_hist24_cap0.5,12,-0.01285091318,-0.02658169303,0.0004007218882
Size_hist24_cap0.5,36,-0.01285091318,-0.02277068284,-0.003120554341
Size_hist24_cap1,12,0.001983241203,-0.0007911116032,0.005455886821
Size_hist24_cap1,36,0.001983241203,0.000125470616,0.004541399099
Size_hist24_cap1.5,12,0.01473310128,0.004095770982,0.02498328906
Size_hist24_cap1.5,36,0.01473310128,0.007161772824,0.02200735512
Size_hist36_cap0.5,12,-0.01286609718,-0.02533415855,0.0006696204974
Size_hist36_cap0.5,36,-0.01286609718,-0.02258574937,-0.002900393471
Size_hist36_cap1,12,0.00195264893,-0.0006619190982,0.005792559584
Size_hist36_cap1,36,0.00195264893,0.0001069214197,0.004546560028
Size_hist36_cap1.5,12,0.01470113303,0.00437451316,0.02522193258
Size_hist36_cap1.5,36,0.01470113303,0.007243287025,0.02189449898
Size_fixed0.01,12,0.0009779327634,-0.001727668417,0.004278210421
Size_fixed0.01,36,0.0009779327634,-0.0007335615548,0.003132721546
Size_fixed0.02,12,-0.0003378458777,-0.00611200259,0.004825348741
Size_fixed0.02,36,-0.0003378458777,-0.005766921853,0.004216034503
Size_fixed0.04,12,-0.009973180452,-0.02350325671,0.003788283823
Size_fixed0.04,36,-0.009973180452,-0.020483909,0.001270265145
Rawq_coef0,12,-0.003505758292,-0.01190406165,0.005193951005
Rawq_coef0,36,-0.003505758292,-0.009434465335,0.002575891754
Rawq_coef0.25,12,-0.002593862375,-0.009498958075,0.004867333406
Rawq_coef0.25,36,-0.002593862375,-0.007696097458,0.002579916699
Rawq_coef0.5,12,-0.00162003186,-0.007706055741,0.004887212475
Rawq_coef0.5,36,-0.00162003186,-0.006704592573,0.00300302121
Rawq_coef1,12,-0.0018224928,-0.008641041057,0.003860687555
Rawq_coef1,36,-0.0018224928,-0.008946468259,0.003471548031
Rawq_coef2,12,-0.007863765548,-0.02153160558,0.002520970003
Rawq_coef2,36,-0.007863765548,-0.0217899568,0.00325831304
Carry_2cost,12,-0.0002840751103,-0.0003852532038,-0.0001922605457
Carry_2cost,36,-0.0002840751103,-0.0004184067351,-0.0001699122805
Gate_0_ma1_2cost,12,0.001203919678,-0.0009576779851,0.004942135142
Gate_0_ma1_2cost,36,0.001203919678,-0.0005810372465,0.004215315281
Gate_0.01_ma3_2cost,12,-0.0006857700841,-0.007433654925,0.005515841018
Gate_0.01_ma3_2cost,36,-0.0006857700841,-0.007640968064,0.005295598725
Gate_0.02_ma6_2cost,12,-0.003034474905,-0.01955018952,0.01419664453
Gate_0.02_ma6_2cost,36,-0.003034474905,-0.01732640356,0.01046086317
Size_hist24_cap1_2cost,12,0.001556504267,-0.001227685741,0.00489691574
Size_hist24_cap1_2cost,36,0.001556504267,-0.0001961798526,0.004064619475
Size_fixed0.02_2cost,12,-0.0008556042358,-0.006390624817,0.004445589326
Size_fixed0.02_2cost,36,-0.0008556042358,-0.006397670037,0.003964209911
Rawq_coef0.5_2cost,12,-0.001959566023,-0.007759525597,0.004551875704
Rawq_coef0.5_2cost,36,-0.001959566023,-0.006792168523,0.002611499896
