task,model,benchmark,phase,n_dates,rmse_ratio
B_FX_60,REJR_Specific,EJR,0,2,0.8522742394
B_FX_60,REJR_Specific,EJR,1,2,0.9545417911
B_FX_60,REJR_Specific,EJR,2,2,0.8798498509
B_FX_60,REJR_Specific,EJR,3,2,0.8715075315
B_FX_60,REJR_Specific,EJR,4,2,0.8614639241
B_FX_60,REJR_Specific,EJR,5,2,0.8790229073
B_FX_60,REJR_Specific,EJR,6,2,0.7708874775
B_FX_60,REJR_Specific,EJR,7,2,0.8353533452
B_FX_60,REJR_Specific,EJR,8,2,0.8238298411
B_FX_60,REJR_Specific,EJR,9,2,0.8140912042
B_FX_60,REJR_Specific,EJR,10,2,0.8199170426
B_FX_60,REJR_Specific,EJR,11,2,0.8690470894
B_FX_60,REJR_Specific,EJR,12,2,0.8850001154
B_FX_60,REJR_Specific,EJR,13,2,0.9106217151
B_FX_60,REJR_Specific,EJR,14,2,0.9209714037
B_FX_60,REJR_Specific,EJR,15,2,0.9136925697
B_FX_60,REJR_Specific,EJR,16,2,0.9288208331
B_FX_60,REJR_Specific,EJR,17,2,0.9481182266
B_FX_60,REJR_Specific,EJR,18,2,0.9687861696
B_FX_60,REJR_Specific,EJR,19,2,0.9246962445
B_FX_60,REJR_Specific,EJR,20,2,0.9443206507
B_FX_60,REJR_Specific,EJR,21,2,0.8677964103
B_FX_60,REJR_Specific,EJR,22,2,0.8517080613
B_FX_60,REJR_Specific,EJR,23,2,0.8353318837
B_FX_60,REJR_Specific,EJR,24,2,0.8361338889
B_FX_60,REJR_Specific,EJR,25,2,0.8513404986
B_FX_60,REJR_Specific,EJR,26,2,0.8779479888
B_FX_60,REJR_Specific,EJR,27,2,0.8846497642
B_FX_60,REJR_Specific,EJR,28,2,0.9028047764
B_FX_60,REJR_Specific,EJR,29,2,0.9144440977
B_FX_60,REJR_Specific,EJR,30,2,0.9465277418
B_FX_60,REJR_Specific,EJR,31,2,0.9239329317
B_FX_60,REJR_Specific,EJR,32,2,0.8913186022
B_FX_60,REJR_Specific,EJR,33,2,0.8827896893
B_FX_60,REJR_Specific,EJR,34,2,0.897657236
B_FX_60,REJR_Specific,EJR,35,2,0.933314493
B_FX_60,REJR_Specific,EJR,36,2,0.9126930415
B_FX_60,REJR_Specific,EJR,37,2,0.8604707706
B_FX_60,REJR_Specific,EJR,38,2,0.8732541986
B_FX_60,REJR_Specific,EJR,39,2,0.9210160042
B_FX_60,REJR_Specific,EJR,40,2,0.9107418375
B_FX_60,REJR_Specific,EJR,41,2,0.9168808762
B_FX_60,REJR_Specific,EJR,42,2,0.9263667483
B_FX_60,REJR_Specific,EJR,43,2,0.8883759579
B_FX_60,REJR_Specific,EJR,44,2,0.8429952479
B_FX_60,REJR_Specific,EJR,45,2,0.8193779554
B_FX_60,REJR_Specific,EJR,46,3,0.8155706702
B_FX_60,REJR_Specific,EJR,47,3,0.8199265024
B_FX_60,REJR_Specific,EJR,48,3,0.823282718
B_FX_60,REJR_Specific,EJR,49,3,0.8314043112
B_FX_60,REJR_Specific,EJR,50,3,0.7882892007
B_FX_60,REJR_Specific,EJR,51,3,0.8082452418
B_FX_60,REJR_Specific,EJR,52,3,0.7969698733
B_FX_60,REJR_Specific,EJR,53,3,0.8059911666
B_FX_60,REJR_Specific,EJR,54,3,0.7783451074
B_FX_60,REJR_Specific,EJR,55,3,0.724506492
B_FX_60,REJR_Specific,EJR,56,3,0.705080833
B_FX_60,REJR_Specific,EJR,57,3,0.722921978
B_FX_60,REJR_Specific,EJR,58,3,0.7374855557
B_FX_60,REJR_Specific,EJR,59,3,0.7569750394
B_FX_60,REJR_Specific,EJR,60,3,0.7804841978
B_FX_60,REJR_Specific,EJR,61,3,0.8437535604
B_FX_60,REJR_Specific,RW,0,2,0.4688817555
B_FX_60,REJR_Specific,RW,1,2,0.5697962007
B_FX_60,REJR_Specific,RW,2,2,0.5510759558
B_FX_60,REJR_Specific,RW,3,2,0.5520218625
B_FX_60,REJR_Specific,RW,4,2,0.7253841363
B_FX_60,REJR_Specific,RW,5,2,0.6501311965
B_FX_60,REJR_Specific,RW,6,2,0.5839289341
B_FX_60,REJR_Specific,RW,7,2,0.6507929399
B_FX_60,REJR_Specific,RW,8,2,0.6344045046
B_FX_60,REJR_Specific,RW,9,2,0.67031905
B_FX_60,REJR_Specific,RW,10,2,0.7099396558
B_FX_60,REJR_Specific,RW,11,2,0.8051217147
B_FX_60,REJR_Specific,RW,12,2,0.8414817626
B_FX_60,REJR_Specific,RW,13,2,0.9038293756
B_FX_60,REJR_Specific,RW,14,2,0.9566350145
B_FX_60,REJR_Specific,RW,15,2,0.9713979984
B_FX_60,REJR_Specific,RW,16,2,0.9203881584
B_FX_60,REJR_Specific,RW,17,2,0.9167650217
B_FX_60,REJR_Specific,RW,18,2,0.887519175
B_FX_60,REJR_Specific,RW,19,2,0.8861310488
B_FX_60,REJR_Specific,RW,20,2,0.9516333281
B_FX_60,REJR_Specific,RW,21,2,0.9202920279
B_FX_60,REJR_Specific,RW,22,2,0.9908739017
B_FX_60,REJR_Specific,RW,23,2,0.9763119813
B_FX_60,REJR_Specific,RW,24,2,0.9665316909
B_FX_60,REJR_Specific,RW,25,2,1.070979711
B_FX_60,REJR_Specific,RW,26,2,1.139117868
B_FX_60,REJR_Specific,RW,27,2,1.095883808
B_FX_60,REJR_Specific,RW,28,2,1.048756867
B_FX_60,REJR_Specific,RW,29,2,1.026284588
B_FX_60,REJR_Specific,RW,30,2,1.081215966
B_FX_60,REJR_Specific,RW,31,2,1.064307604
B_FX_60,REJR_Specific,RW,32,2,1.1634707
B_FX_60,REJR_Specific,RW,33,2,1.096284974
B_FX_60,REJR_Specific,RW,34,2,1.067575708
B_FX_60,REJR_Specific,RW,35,2,1.064916106
B_FX_60,REJR_Specific,RW,36,2,1.031205009
B_FX_60,REJR_Specific,RW,37,2,0.9904865805
B_FX_60,REJR_Specific,RW,38,2,1.039794591
B_FX_60,REJR_Specific,RW,39,2,1.072091378
B_FX_60,REJR_Specific,RW,40,2,1.235569169
B_FX_60,REJR_Specific,RW,41,2,1.233631514
B_FX_60,REJR_Specific,RW,42,2,1.327235865
B_FX_60,REJR_Specific,RW,43,2,1.433912699
B_FX_60,REJR_Specific,RW,44,2,1.495535587
B_FX_60,REJR_Specific,RW,45,2,1.439108663
B_FX_60,REJR_Specific,RW,46,3,1.151212533
B_FX_60,REJR_Specific,RW,47,3,0.9469407193
B_FX_60,REJR_Specific,RW,48,3,0.9110991452
B_FX_60,REJR_Specific,RW,49,3,0.9443751639
B_FX_60,REJR_Specific,RW,50,3,0.9292226489
B_FX_60,REJR_Specific,RW,51,3,0.9934697611
B_FX_60,REJR_Specific,RW,52,3,0.9022443134
B_FX_60,REJR_Specific,RW,53,3,0.8547166508
B_FX_60,REJR_Specific,RW,54,3,0.6961351501
B_FX_60,REJR_Specific,RW,55,3,0.6411834353
B_FX_60,REJR_Specific,RW,56,3,0.6924294746
B_FX_60,REJR_Specific,RW,57,3,0.6343492663
B_FX_60,REJR_Specific,RW,58,3,0.6441660535
B_FX_60,REJR_Specific,RW,59,3,0.6610993732
B_FX_60,REJR_Specific,RW,60,3,0.7067592258
B_FX_60,REJR_Specific,RW,61,3,0.7435203047
B_FX_36,REJR_Specific,EJR,0,4,0.9545985548
B_FX_36,REJR_Specific,EJR,1,4,0.9414002718
B_FX_36,REJR_Specific,EJR,2,4,0.92059598
B_FX_36,REJR_Specific,EJR,3,4,0.9270533498
B_FX_36,REJR_Specific,EJR,4,4,0.9144931622
B_FX_36,REJR_Specific,EJR,5,4,0.9132786561
B_FX_36,REJR_Specific,EJR,6,4,0.9293190345
B_FX_36,REJR_Specific,EJR,7,4,0.9331980444
B_FX_36,REJR_Specific,EJR,8,4,0.9190333628
B_FX_36,REJR_Specific,EJR,9,4,0.8553744099
B_FX_36,REJR_Specific,EJR,10,4,0.8563286544
B_FX_36,REJR_Specific,EJR,11,4,0.8244481469
B_FX_36,REJR_Specific,EJR,12,4,0.8285366125
B_FX_36,REJR_Specific,EJR,13,4,0.8549744353
B_FX_36,REJR_Specific,EJR,14,4,0.8805212124
B_FX_36,REJR_Specific,EJR,15,4,0.8909828259
B_FX_36,REJR_Specific,EJR,16,4,0.8974737568
B_FX_36,REJR_Specific,EJR,17,4,0.8771096388
B_FX_36,REJR_Specific,EJR,18,4,0.8900909742
B_FX_36,REJR_Specific,EJR,19,4,0.8779845701
B_FX_36,REJR_Specific,EJR,20,4,0.8847407237
B_FX_36,REJR_Specific,EJR,21,4,0.8931149066
B_FX_36,REJR_Specific,EJR,22,4,0.9246024877
B_FX_36,REJR_Specific,EJR,23,4,0.9156010364
B_FX_36,REJR_Specific,EJR,24,5,0.9812956579
B_FX_36,REJR_Specific,EJR,25,5,0.9449324746
B_FX_36,REJR_Specific,EJR,26,5,0.948900606
B_FX_36,REJR_Specific,EJR,27,5,0.9548857116
B_FX_36,REJR_Specific,EJR,28,5,0.9551400151
B_FX_36,REJR_Specific,EJR,29,5,0.9470026236
B_FX_36,REJR_Specific,EJR,30,5,0.9438490572
B_FX_36,REJR_Specific,EJR,31,5,0.9363525241
B_FX_36,REJR_Specific,EJR,32,5,0.9240302572
B_FX_36,REJR_Specific,EJR,33,5,0.9537416488
B_FX_36,REJR_Specific,EJR,34,5,0.9380217333
B_FX_36,REJR_Specific,EJR,35,5,0.9501487188
B_FX_36,REJR_Specific,EJR,36,4,0.9529497318
B_FX_36,REJR_Specific,EJR,37,4,0.9673436304
B_FX_36,REJR_Specific,RW,0,4,0.9260462481
B_FX_36,REJR_Specific,RW,1,4,0.8942973538
B_FX_36,REJR_Specific,RW,2,4,0.9045988558
B_FX_36,REJR_Specific,RW,3,4,0.8984888406
B_FX_36,REJR_Specific,RW,4,4,0.8997863416
B_FX_36,REJR_Specific,RW,5,4,0.9013677438
B_FX_36,REJR_Specific,RW,6,4,0.9418741473
B_FX_36,REJR_Specific,RW,7,4,0.936387653
B_FX_36,REJR_Specific,RW,8,4,0.9483082708
B_FX_36,REJR_Specific,RW,9,4,0.9298537614
B_FX_36,REJR_Specific,RW,10,4,0.8813092938
B_FX_36,REJR_Specific,RW,11,4,0.8300208873
B_FX_36,REJR_Specific,RW,12,4,0.828236745
B_FX_36,REJR_Specific,RW,13,4,0.9593915928
B_FX_36,REJR_Specific,RW,14,4,1.048776079
B_FX_36,REJR_Specific,RW,15,4,1.064965173
B_FX_36,REJR_Specific,RW,16,4,1.043976682
B_FX_36,REJR_Specific,RW,17,4,0.9801976478
B_FX_36,REJR_Specific,RW,18,4,0.9401198766
B_FX_36,REJR_Specific,RW,19,4,0.9223513276
B_FX_36,REJR_Specific,RW,20,4,0.9469395585
B_FX_36,REJR_Specific,RW,21,4,0.9542895478
B_FX_36,REJR_Specific,RW,22,4,0.9960781377
B_FX_36,REJR_Specific,RW,23,4,0.9866685767
B_FX_36,REJR_Specific,RW,24,5,1.147472634
B_FX_36,REJR_Specific,RW,25,5,1.207377786
B_FX_36,REJR_Specific,RW,26,5,1.286749867
B_FX_36,REJR_Specific,RW,27,5,1.294814312
B_FX_36,REJR_Specific,RW,28,5,1.230918984
B_FX_36,REJR_Specific,RW,29,5,1.19510664
B_FX_36,REJR_Specific,RW,30,5,1.184216128
B_FX_36,REJR_Specific,RW,31,5,1.077723889
B_FX_36,REJR_Specific,RW,32,5,1.061476591
B_FX_36,REJR_Specific,RW,33,5,1.111531251
B_FX_36,REJR_Specific,RW,34,5,1.12389935
B_FX_36,REJR_Specific,RW,35,5,1.023943689
B_FX_36,REJR_Specific,RW,36,4,0.928143295
B_FX_36,REJR_Specific,RW,37,4,0.9712718412
A_iron_real_36,S_EUR,history,0,4,0.8826664168
A_iron_real_36,S_EUR,history,1,4,0.904809422
A_iron_real_36,S_EUR,history,2,4,0.9052185579
A_iron_real_36,S_EUR,history,3,4,0.9003899455
A_iron_real_36,S_EUR,history,4,4,0.7751247717
A_iron_real_36,S_EUR,history,5,4,0.791511544
A_iron_real_36,S_EUR,history,6,4,0.6741235867
A_iron_real_36,S_EUR,history,7,4,0.7334057097
A_iron_real_36,S_EUR,history,8,4,0.6667739817
A_iron_real_36,S_EUR,history,9,4,0.6734914768
A_iron_real_36,S_EUR,history,10,4,0.7510079558
A_iron_real_36,S_EUR,history,11,4,0.7657494292
A_iron_real_36,S_EUR,history,12,4,0.7284220716
A_iron_real_36,S_EUR,history,13,4,0.7858047072
A_iron_real_36,S_EUR,history,14,4,0.6221848622
A_iron_real_36,S_EUR,history,15,4,0.6611953212
A_iron_real_36,S_EUR,history,16,4,0.6583506436
A_iron_real_36,S_EUR,history,17,4,0.6864400181
A_iron_real_36,S_EUR,history,18,4,0.7250300057
A_iron_real_36,S_EUR,history,19,4,0.7952293853
A_iron_real_36,S_EUR,history,20,4,0.8737762441
A_iron_real_36,S_EUR,history,21,4,0.910675111
A_iron_real_36,S_EUR,history,22,4,0.9522256907
A_iron_real_36,S_EUR,history,23,4,0.8744547266
A_iron_real_36,S_EUR,history,24,5,0.8161133325
A_iron_real_36,S_EUR,history,25,4,0.6458008316
A_iron_real_36,S_EUR,history,26,5,0.6854129992
A_iron_real_36,S_EUR,history,27,5,0.7132205961
A_iron_real_36,S_EUR,history,28,5,0.6446530816
A_iron_real_36,S_EUR,history,29,5,0.6135213877
A_iron_real_36,S_EUR,history,30,5,0.7006796193
A_iron_real_36,S_EUR,history,31,5,0.7289943311
A_iron_real_36,S_EUR,history,32,5,0.7476496145
A_iron_real_36,S_EUR,history,33,5,0.672424623
A_iron_real_36,S_EUR,history,34,5,0.5695931857
A_iron_real_36,S_EUR,history,35,4,0.6210502302
A_iron_real_36,S_EUR,history,36,4,0.6678398278
A_iron_real_36,S_EUR,history,37,4,0.8045710293
A_iron_real_36,S_EUR,RW,0,4,1.190718567
A_iron_real_36,S_EUR,RW,1,4,1.084620766
A_iron_real_36,S_EUR,RW,2,4,1.131831493
A_iron_real_36,S_EUR,RW,3,4,1.0882649
A_iron_real_36,S_EUR,RW,4,4,0.9143527457
A_iron_real_36,S_EUR,RW,5,4,0.8086265727
A_iron_real_36,S_EUR,RW,6,4,0.6907001103
A_iron_real_36,S_EUR,RW,7,4,0.7665030757
A_iron_real_36,S_EUR,RW,8,4,0.6861385886
A_iron_real_36,S_EUR,RW,9,4,0.6586626471
A_iron_real_36,S_EUR,RW,10,4,0.6853791157
A_iron_real_36,S_EUR,RW,11,4,0.6741912791
A_iron_real_36,S_EUR,RW,12,4,0.668974022
A_iron_real_36,S_EUR,RW,13,4,0.7920134439
A_iron_real_36,S_EUR,RW,14,4,0.7707397204
A_iron_real_36,S_EUR,RW,15,4,0.8626856305
A_iron_real_36,S_EUR,RW,16,4,0.9231664349
A_iron_real_36,S_EUR,RW,17,4,0.9177633668
A_iron_real_36,S_EUR,RW,18,4,0.9159543704
A_iron_real_36,S_EUR,RW,19,4,0.9912563622
A_iron_real_36,S_EUR,RW,20,4,0.9973397032
A_iron_real_36,S_EUR,RW,21,4,0.9525909556
A_iron_real_36,S_EUR,RW,22,4,1.06812897
A_iron_real_36,S_EUR,RW,23,4,1.018816149
A_iron_real_36,S_EUR,RW,24,5,1.014562663
A_iron_real_36,S_EUR,RW,25,4,0.8378473497
A_iron_real_36,S_EUR,RW,26,5,0.9323346764
A_iron_real_36,S_EUR,RW,27,5,1.026078116
A_iron_real_36,S_EUR,RW,28,5,1.21912168
A_iron_real_36,S_EUR,RW,29,5,1.371411714
A_iron_real_36,S_EUR,RW,30,5,1.328623088
A_iron_real_36,S_EUR,RW,31,5,1.142377921
A_iron_real_36,S_EUR,RW,32,5,1.279464945
A_iron_real_36,S_EUR,RW,33,5,1.437932966
A_iron_real_36,S_EUR,RW,34,5,1.337906796
A_iron_real_36,S_EUR,RW,35,4,1.627058415
A_iron_real_36,S_EUR,RW,36,4,1.597387587
A_iron_real_36,S_EUR,RW,37,4,1.317953338
A_oil_nominal_12,Q_CAD,history,0,13,0.8562068365
A_oil_nominal_12,Q_CAD,history,1,13,0.9102316276
A_oil_nominal_12,Q_CAD,history,2,13,0.8511233061
A_oil_nominal_12,Q_CAD,history,3,13,0.8832010668
A_oil_nominal_12,Q_CAD,history,4,14,0.9328354077
A_oil_nominal_12,Q_CAD,history,5,14,1.006674795
A_oil_nominal_12,Q_CAD,history,6,14,1.072457662
A_oil_nominal_12,Q_CAD,history,7,14,0.9879576293
A_oil_nominal_12,Q_CAD,history,8,14,0.959122959
A_oil_nominal_12,Q_CAD,history,9,14,1.001723152
A_oil_nominal_12,Q_CAD,history,10,13,0.8279811589
A_oil_nominal_12,Q_CAD,history,11,13,0.8889769495
A_oil_nominal_12,Q_CAD,history,12,13,0.8664122591
A_oil_nominal_12,Q_CAD,history,13,13,0.9463048368
A_oil_nominal_12,Q_CAD,RW,0,13,0.9466929259
A_oil_nominal_12,Q_CAD,RW,1,13,0.9383214785
A_oil_nominal_12,Q_CAD,RW,2,13,0.807771191
A_oil_nominal_12,Q_CAD,RW,3,13,0.9052001051
A_oil_nominal_12,Q_CAD,RW,4,14,1.030230376
A_oil_nominal_12,Q_CAD,RW,5,14,1.114353584
A_oil_nominal_12,Q_CAD,RW,6,14,1.151413741
A_oil_nominal_12,Q_CAD,RW,7,14,0.995071372
A_oil_nominal_12,Q_CAD,RW,8,14,1.079862807
A_oil_nominal_12,Q_CAD,RW,9,14,1.215323165
A_oil_nominal_12,Q_CAD,RW,10,13,0.9519211731
A_oil_nominal_12,Q_CAD,RW,11,13,1.05624572
A_oil_nominal_12,Q_CAD,RW,12,13,0.9741904745
A_oil_nominal_12,Q_CAD,RW,13,13,1.051937525
