year,country,sector,actual,ridge,persistence,trend
2011,BRL,energy,0.003752581601,0.003769225038,0,-0.0009442007563
2011,BRL,food,0.00126543217,0.0201150457,0,-0.003106548551
2011,BRL,raw,-0.001320728899,0.004481231951,0,-0.002487472446
2011,BRL,metals,0.02885090894,0.0007664335893,0,0.004911300967
2011,EUR,energy,-0.00632370714,-0.005461080127,0,-0.004575144788
2011,EUR,food,0.0002986166101,0.004058128381,0,0.001048352277
2011,EUR,raw,-0.0008080341043,0.001395391426,0,8.229404578e-05
2011,EUR,metals,-0.001397865699,-0.001813021953,0,-0.000514951038
2011,JPY,energy,-0.01456445665,-0.02024327152,0,-0.02365057297
2011,JPY,food,-0.0008711143935,0.01120340996,0,0.002736185414
2011,JPY,raw,0.0007951867557,0.00376404636,0,0.002328913002
2011,JPY,metals,-0.001185739697,-0.007274496701,0,-0.00396850443
2011,GBP,energy,-0.003875953307,-0.008561247003,0,-0.007259545523
2011,GBP,food,0.002573638821,-0.001324471042,0,-0.002317849839
2011,GBP,raw,0.00047437144,0.0009075067908,0,0.001502259182
2011,GBP,metals,-0.003800150218,-0.0006187987634,0,-0.001049706531
2011,CAD,energy,-0.005814244228,0.01119553786,0,0.01244610101
2011,CAD,food,-0.0008698792864,-0.007018181712,0,0.00255789791
2011,CAD,raw,-0.0001683112799,-0.0057731656,0,-0.007235820899
2011,CAD,metals,-0.003892349747,0.008648646378,0,0.007477161559
2011,SEK,energy,-0.003270917242,-0.003360674428,0,-0.001303242429
2011,SEK,food,-0.0003926410612,0.001602893728,0,-0.002941771154
2011,SEK,raw,-0.001552629525,0.0002678897534,0,-0.0007764751012
2011,SEK,metals,0.006496307945,0.001129305597,0,0.001745711289
2012,BRL,energy,-0.008892623765,-0.0006167124644,0,-0.0008326322507
2012,BRL,food,0.003147528386,0.008974258087,0,0.005761419572
2012,BRL,raw,-0.001092680532,0.0001735478972,0,-0.002503589364
2012,BRL,metals,0.01673855601,0.005117281259,0,0.01282331786
2012,EUR,energy,-0.006331747255,-0.006093005545,0,-0.005811169466
2012,EUR,food,0.0005261880311,0.002563823751,0,0.0005226823562
2012,EUR,raw,-0.0001548306969,0.00088111491,0,-0.0005405366914
2012,EUR,metals,-0.001010296954,-0.001070307646,0,0.0005568535205
2012,JPY,energy,-0.0276246197,-0.02202171124,0,-0.01617153638
2012,JPY,food,-0.001202297893,0.007382979109,0,-0.001288602018
2012,JPY,raw,0.00031829589,0.002858937219,0,0.002072850627
2012,JPY,metals,-0.000892646978,-0.003870037561,0,0.0007276389134
2012,GBP,energy,-0.01080123186,-0.008102593382,0,0.00054646116
2012,GBP,food,0.00197308022,-0.002309045078,0,-0.001575460172
2012,GBP,raw,0.000174803147,0.001357216814,0,0.00174014686
2012,GBP,metals,-0.001404709738,0.0003094683837,0,-0.001488688472
2012,CAD,energy,-0.006349611535,0.01460102456,0,0.01043645379
2012,CAD,food,-0.001260122532,-0.0006504571464,0,0.003407587768
2012,CAD,raw,0.0005584630441,-0.004053112491,0,-0.005441508901
2012,CAD,metals,-0.002142099803,0.005130677965,0,-0.0007885923895
2012,SEK,energy,-0.002942248975,-0.004150550625,0,-0.0005978576964
2012,SEK,food,-0.000918479692,0.0009212548074,0,-0.003189226736
2012,SEK,raw,-0.001870296345,-0.0004046185118,0,-0.000645217657
2012,SEK,metals,0.004699238833,0.00145000863,0,0.004659678058
2013,BRL,energy,-0.02062061419,-0.01042734452,0,0.008151619268
2013,BRL,food,0.001862000825,0.002803012618,0,0.0159078798
2013,BRL,raw,0.0004034855956,-0.002193061746,0,-0.001392223832
2013,BRL,metals,-0.006087055399,0.007169568468,0,0.02588116395
2013,EUR,energy,-0.003624843976,-0.006071092912,0,-0.002984429398
2013,EUR,food,0.0009179871935,0.002007480232,0,8.346118443e-05
2013,EUR,raw,0.0003702842087,0.0007312214122,0,-0.0007022283602
2013,EUR,metals,2.604179322e-05,-2.997849531e-05,0,0.000503854188
2013,JPY,energy,-0.033418059,-0.02353384308,0,0.001449187006
2013,JPY,food,0.0006985491213,0.005778392756,0,-0.004450476338
2013,JPY,raw,0.0007676261748,0.002843810487,0,0.001553888325
2013,JPY,metals,0.00160874823,-0.0004252761214,0,0.002749988879
2013,GBP,energy,-0.01136527025,-0.007029611667,0,0.003526993432
2013,GBP,food,7.289600008e-06,-0.002985113421,0,-9.479718045e-05
2013,GBP,raw,-0.0004144228151,0.001523095678,0,0.001409912091
2013,GBP,metals,0.0009949257689,0.0001064989584,0,-0.002560747329
2013,CAD,energy,0.005338070958,0.01913745015,0,-0.002975993872
2013,CAD,food,0.0001402386435,0.003989546994,0,0.0008723381982
2013,CAD,raw,0.0008468902839,-0.003725326219,0,-0.002612627844
2013,CAD,metals,-0.002838577791,0.003482629069,0,-0.004947541254
2013,SEK,energy,-0.001268281989,-0.005429317225,0,0.0005501682867
2013,SEK,food,-0.001442978579,0.001195704421,0,-0.00308341973
2013,SEK,raw,-0.0007746122311,-0.0003448473868,0,-0.0003547143473
2013,SEK,metals,0.003198511769,0.001527223827,0,0.005526335538
2014,BRL,energy,-0.01895047825,-0.01244080875,0,0.003752581601
2014,BRL,food,0.01666149116,0.0055621113,0,0.00126543217
2014,BRL,raw,0.002444830747,-0.002379832968,0,-0.001320728899
2014,BRL,metals,-0.01839812509,0.0114800045,0,0.02885090894
2014,EUR,energy,0.007121302161,-0.00446322053,0,-0.00632370714
2014,EUR,food,0.0005507820235,0.001799029397,0,0.0002986166101
2014,EUR,raw,0.0006802206103,0.0006291734209,0,-0.0008080341043
2014,EUR,metals,0.001046555835,7.267147181e-05,0,-0.001397865699
2014,JPY,energy,0.00738110318,-0.01815269314,0,-0.01456445665
2014,JPY,food,-0.001391434364,0.003693519985,0,-0.0008711143935
2014,JPY,raw,0.000613979666,0.002119370882,0,0.0007951867557
2014,JPY,metals,0.003665547882,-0.0007250862328,0,-0.001185739697
2014,GBP,energy,-0.002266065666,-0.004927097435,0,-0.003875953307
2014,GBP,food,-0.002201995958,-0.003630143867,0,0.002573638821
2014,GBP,raw,-0.000910357658,0.001319717092,0,0.00047437144
2014,GBP,metals,0.004924062059,-0.001135888125,0,-0.003800150218
2014,CAD,energy,0.005171074028,0.0187462333,0,-0.005814244228
2014,CAD,food,0.002310146698,0.006739007384,0,-0.0008698792864
2014,CAD,raw,0.001977185338,-0.003506823483,0,-0.0001683112799
2014,CAD,metals,-0.002871082527,0.002862218843,0,-0.003892349747
2014,SEK,energy,0.005524450937,-0.006413026748,0,-0.003270917242
2014,SEK,food,-0.003081027936,-0.000871135202,0,-0.0003926410612
2014,SEK,raw,0.001340970589,-0.0005535402279,0,-0.001552629525
2014,SEK,metals,-0.0003488921379,0.001275934087,0,0.006496307945
2015,BRL,energy,0.006517161065,-0.004958619348,0,-0.008892623765
2015,BRL,food,0.02363363202,0.005826776744,0,0.003147528386
2015,BRL,raw,0.005965844087,-0.001753293609,0,-0.001092680532
2015,BRL,metals,-0.0229753218,0.01314613215,0,0.01673855601
2015,EUR,energy,0.01886008085,-0.004460907001,0,-0.006331747255
2015,EUR,food,-0.0001012970785,0.001913014074,0,0.0005261880311
2015,EUR,raw,0.0005494048227,0.0003591347533,0,-0.0001548306969
2015,EUR,metals,0.001222978062,-6.52237528e-05,0,-0.001010296954
2015,JPY,energy,0.05202410983,-0.01685138212,0,-0.0276246197
2015,JPY,food,-0.001201605947,0.002513393373,0,-0.001202297893
2015,JPY,raw,0.0005693591101,0.001111575291,0,0.00031829589
2015,JPY,metals,0.004180495808,-0.0008524029185,0,-0.000892646978
2015,GBP,energy,0.00547715258,-0.005557366586,0,-0.01080123186
2015,GBP,food,-0.002115069076,-0.003792848702,0,0.00197308022
2015,GBP,raw,-0.00142937934,0.0006808146714,0,0.000174803147
2015,GBP,metals,0.00480592662,-0.001561948739,0,-0.001404709738
2015,CAD,energy,-0.002044421701,0.0164872826,0,-0.006349611535
2015,CAD,food,0.004479247046,0.00748604901,0,-0.001260122532
2015,CAD,raw,0.003047594588,-0.00300348809,0,0.0005584630441
2015,CAD,metals,-0.002300710896,0.001879720253,0,-0.002142099803
2015,SEK,energy,0.01039633057,-0.005687619506,0,-0.002942248975
2015,SEK,food,-0.002560942398,-0.0009432803277,0,-0.000918479692
2015,SEK,raw,0.001826227285,-0.0004369502367,0,-0.001870296345
2015,SEK,metals,-0.001963091606,0.001998501688,0,0.004699238833
2016,BRL,energy,0.02911637828,0.009862483671,0,-0.02062061419
2016,BRL,food,0.03090144438,0.01225002365,0,0.001862000825
2016,BRL,raw,0.007300139099,0.00153228076,0,0.0004034855956
2016,BRL,metals,-0.01360379859,0.01191986393,0,-0.006087055399
2016,EUR,energy,0.02182027515,-0.005167723747,0,-0.003624843976
2016,EUR,food,-0.0008892895134,0.001832093348,0,0.0009179871935
2016,EUR,raw,0.0002346453656,0.0001411086276,0,0.0003702842087
2016,EUR,metals,0.0004502468323,2.359011783e-05,0,2.604179322e-05
2016,JPY,energy,0.07839563783,-0.01798578258,0,-0.033418059
2016,JPY,food,-0.002469587082,0.001445593763,0,0.0006985491213
2016,JPY,raw,5.634773781e-05,0.0005283609907,0,0.0007676261748
2016,JPY,metals,0.003497721262,-0.002381150434,0,0.00160874823
2016,GBP,energy,0.008397093639,-0.007317545372,0,-0.01136527025
2016,GBP,food,-0.001504857558,-0.00380376632,0,7.289600008e-06
2016,GBP,raw,-0.001145798476,0.0003806737017,0,-0.0004144228151
2016,GBP,metals,0.003756618094,-0.001607038676,0,0.0009949257689
2016,CAD,energy,-0.01526870545,0.01457114786,0,0.005338070958
2016,CAD,food,0.004504928035,0.006676356395,0,0.0001402386435
2016,CAD,raw,0.003056601643,-0.002259248896,0,0.0008468902839
2016,CAD,metals,-0.001074703927,0.002235958574,0,-0.002838577791
2016,SEK,energy,0.01151046213,-0.004452425261,0,-0.001268281989
2016,SEK,food,-0.001592299237,0.0002634428467,0,-0.001442978579
2016,SEK,raw,0.0006802152608,-0.0002168059285,0,-0.0007746122311
2016,SEK,metals,-0.002001211429,0.00156998695,0,0.003198511769
2017,BRL,energy,0.0436575534,0.01402004522,0,-0.01895047825
2017,BRL,food,0.02051896828,0.009404196378,0,0.01666149116
2017,BRL,raw,0.007342205837,0.002499433748,0,0.002444830747
2017,BRL,metals,-0.0036207324,0.01259387816,0,-0.01839812509
2017,EUR,energy,0.01463652873,-0.005945255407,0,0.007121302161
2017,EUR,food,-0.001130113542,0.001939058922,0,0.0005507820235
2017,EUR,raw,0.0001285917478,-3.546072762e-05,0,0.0006802206103
2017,EUR,metals,0.0001484753103,0.001153371148,0,0.001046555835
2017,JPY,energy,0.04864810695,-0.02193317175,0,0.00738110318
2017,JPY,food,-3.609937317e-05,0.001636879337,0,-0.001391434364
2017,JPY,raw,0.000155157525,0.0004682203718,0,0.000613979666
2017,JPY,metals,0.003057631248,0.001411576676,0,0.003665547882
2017,GBP,energy,0.004287182422,-0.01001816634,0,-0.002266065666
2017,GBP,food,-0.0004532222187,-0.003581762683,0,-0.002201995958
2017,GBP,raw,-0.0007243416921,9.699451994e-05,0,-0.000910357658
2017,GBP,metals,0.001209077384,-0.001683736291,0,0.004924062059
2017,CAD,energy,-0.009831763995,0.01238187771,0,0.005171074028
2017,CAD,food,0.002874030208,0.00577319519,0,0.002310146698
2017,CAD,raw,0.00210409351,-0.002108448002,0,0.001977185338
2017,CAD,metals,-0.0001988077497,0.001840891646,0,-0.002871082527
2017,SEK,energy,0.005186740884,-0.001861033149,0,0.005524450937
2017,SEK,food,-0.0004951519162,0.002822182776,0,-0.003081027936
2017,SEK,raw,-0.0009923383337,6.612378182e-05,0,0.001340970589
2017,SEK,metals,0.0001373080995,0.003301424513,0,-0.0003488921379
2018,BRL,energy,0.03793034757,0.007848641832,0,0.006517161065
2018,BRL,food,0.003911547241,0.009684779016,0,0.02363363202
2018,BRL,raw,0.00554325154,0.002107482384,0,0.005965844087
2018,BRL,metals,0.005559801224,0.01568144485,0,-0.0229753218
2018,EUR,energy,0.004228686516,-0.00917178091,0,0.01886008085
2018,EUR,food,-0.0008628095613,0.001382668117,0,-0.0001012970785
2018,EUR,raw,0.0001752260211,-0.0005113416579,0,0.0005494048227
2018,EUR,metals,-0.0005691165982,0.003718626454,0,0.001222978062
2018,JPY,energy,0.01262457583,-0.03107437151,0,0.05202410983
2018,JPY,food,0.001048397943,-0.0003751505829,0,-0.001201605947
2018,JPY,raw,6.23748279e-05,-0.001171661837,0,0.0005693591101
2018,JPY,metals,-1.270271674e-05,0.009980621469,0,0.004180495808
2018,GBP,energy,0.0008597372922,-0.009536987266,0,0.00547715258
2018,GBP,food,0.0001772195519,-0.0039937304,0,-0.002115069076
2018,GBP,raw,-0.0004449937829,-0.0001870090961,0,-0.00142937934
2018,GBP,metals,7.242549258e-07,-9.831731603e-05,0,0.00480592662
2018,CAD,energy,0.003186322914,0.01078898161,0,-0.002044421701
2018,CAD,food,-0.001031089115,0.005665204718,0,0.004479247046
2018,CAD,raw,-0.0009341105041,-0.001684683632,0,0.003047594588
2018,CAD,metals,-4.429478761e-05,-0.0004476210273,0,-0.002300710896
2018,SEK,energy,-0.0006471333283,-0.003894369047,0,0.01039633057
2018,SEK,food,0.0007299262499,0.002953806798,0,-0.002560942398
2018,SEK,raw,-0.001010330031,0.0002108228223,0,0.001826227285
2018,SEK,metals,0.001477670251,0.004528822464,0,-0.001963091606
2019,BRL,energy,0.03499477265,-0.01167314496,0,0.02911637828
2019,BRL,food,-0.002438386633,0.009634356974,0,0.03090144438
2019,BRL,raw,0.004981991318,0.001350939348,0,0.007300139099
2019,BRL,metals,0.01068185979,0.009525582971,0,-0.01360379859
2019,EUR,energy,0.001228201552,-0.01506604408,0,0.02182027515
2019,EUR,food,-0.001008933583,0.0008971408114,0,-0.0008892895134
2019,EUR,raw,0.0004532022271,-0.0005175942852,0,0.0002346453656
2019,EUR,metals,-9.506769436e-05,0.004839091287,0,0.0004502468323
2019,JPY,energy,-0.004349425091,-0.05626358573,0,0.07839563783
2019,JPY,food,0.001192568026,-0.002841732415,0,-0.002469587082
2019,JPY,raw,0.0001509691523,-0.002053237379,0,5.634773781e-05
2019,JPY,metals,-0.001752358175,0.01610960746,0,0.003497721262
2019,GBP,energy,0.002160125035,-0.0107953058,0,0.008397093639
2019,GBP,food,-0.0005356574666,-0.004496891334,0,-0.001504857558
2019,GBP,raw,-0.0006769644479,-0.0004805422801,0,-0.001145798476
2019,GBP,metals,0.001336493904,0.001744497308,0,0.003756618094
2019,CAD,energy,0.006645289245,0.01657912276,0,-0.01526870545
2019,CAD,food,-0.00159576734,0.006252026091,0,0.004504928035
2019,CAD,raw,-0.002643565104,-0.001030320241,0,0.003056601643
2019,CAD,metals,-0.0003413039691,-0.003800269987,0,-0.001074703927
2019,SEK,energy,-0.002238578805,-0.008722785647,0,0.01151046213
2019,SEK,food,0.001300657434,0.002211098721,0,-0.001592299237
2019,SEK,raw,6.456060442e-06,0.0006341949376,0,0.0006802152608
2019,SEK,metals,0.002065007334,0.003348666908,0,-0.002001211429
2020,BRL,energy,0.025375115,-0.006010387243,0,0.0436575534
2020,BRL,food,-0.001469317815,0.01067231614,0,0.02051896828
2020,BRL,raw,0.002020556094,8.320364751e-05,0,0.007342205837
2020,BRL,metals,0.02024808071,0.00968187853,0,-0.0036207324
2020,EUR,energy,0.001777658709,-0.005831840506,0,0.01463652873
2020,EUR,food,-0.0009635592172,0.0009609576428,0,-0.001130113542
2020,EUR,raw,0.0006092722083,-0.0002583122692,0,0.0001285917478
2020,EUR,metals,-0.0006486301389,0.003526098199,0,0.0001484753103
2020,JPY,energy,0.004770843309,-0.02183985296,0,0.04864810695
2020,JPY,food,6.402977135e-05,-0.002907821031,0,-3.609937317e-05
2020,JPY,raw,7.266149147e-05,-0.001267964583,0,0.000155157525
2020,JPY,metals,-0.005197942792,0.01033780722,0,0.003057631248
2020,GBP,energy,1.455857833e-05,-0.004982509333,0,0.004287182422
2020,GBP,food,-0.0008824182931,-0.003639756958,0,-0.0004532222187
2020,GBP,raw,-0.0009007987168,-6.57890513e-05,0,-0.0007243416921
2020,GBP,metals,0.0008233449679,0.001312380498,0,0.001209077384
2020,CAD,energy,0.006183800111,0.006777820476,0,-0.009831763995
2020,CAD,food,-0.0004999276505,0.005448125252,0,0.002874030208
2020,CAD,raw,-0.002858762964,-0.0009962643598,0,0.00210409351
2020,CAD,metals,-0.001031985035,-0.00273919591,0,-0.0001988077497
2020,SEK,energy,0.003189236697,-0.003209631747,0,0.005186740884
2020,SEK,food,0.002428690199,0.0002363457855,0,-0.0004951519162
2020,SEK,raw,0.002744924382,0.0007065260807,0,-0.0009923383337
2020,SEK,metals,0.003050070836,0.001211962801,0,0.0001373080995
2021,BRL,energy,0.01574956767,0.003238121849,0,0.03793034757
2021,BRL,food,0.01380709567,0.01230812778,0,0.003911547241
2021,BRL,raw,-0.001030056542,-0.0004131305309,0,0.00554325154
2021,BRL,metals,0.01384482766,0.007114461907,0,0.005559801224
2021,EUR,energy,-0.002586021564,-0.0009356125476,0,0.004228686516
2021,EUR,food,-0.001240013435,0.001504738749,0,-0.0008628095613
2021,EUR,raw,0.0005944232864,0.0002503691208,0,0.0001752260211
2021,EUR,metals,-0.001423580546,0.001220358029,0,-0.0005691165982
2021,JPY,energy,-0.004036175293,-0.004703152243,0,0.01262457583
2021,JPY,food,0.0002300618317,-0.0004879691664,0,0.001048397943
2021,JPY,raw,-0.0001024847702,0.0006083671939,0,6.23748279e-05
2021,JPY,metals,-0.005795443744,0.002701143084,0,-1.270271674e-05
2021,GBP,energy,-0.01197608346,-0.001889567814,0,0.0008597372922
2021,GBP,food,-0.001382722316,-0.002881463974,0,0.0001772195519
2021,GBP,raw,-0.0007778454294,0.0003091832074,0,-0.0004449937829
2021,GBP,metals,0.003953514381,0.0002844537194,0,7.242549258e-07
2021,CAD,energy,0.01399627411,0.001860367876,0,0.003186322914
2021,CAD,food,0.002928282373,0.003592569757,0,-0.001031089115
2021,CAD,raw,-0.0005929093835,-0.0009550704857,0,-0.0009341105041
2021,CAD,metals,-0.0006767459436,0.0004572585632,0,-4.429478761e-05
2021,SEK,energy,0.004370028579,-0.002124194905,0,-0.0006471333283
2021,SEK,food,0.002421296519,-0.0004753527351,0,0.0007299262499
2021,SEK,raw,0.003712069276,0.0006054187546,0,-0.001010330031
2021,SEK,metals,0.002973970415,-0.0003223855265,0,0.001477670251
2022,BRL,energy,0.005449500469,0.001545230291,0,0.03499477265
2022,BRL,food,0.01948492136,0.01251377408,0,-0.002438386633
2022,BRL,raw,-0.004952133229,-0.0006240653316,0,0.004981991318
2022,BRL,metals,0.00303685858,0.005468963242,0,0.01068185979
2022,EUR,energy,-0.008430391888,-0.001686241218,0,0.001228201552
2022,EUR,food,-0.0004899557059,0.001768129117,0,-0.001008933583
2022,EUR,raw,0.0004339593623,0.0002872055473,0,0.0004532022271
2022,EUR,metals,-0.001821127399,0.0006192435222,0,-9.506769436e-05
2022,JPY,energy,-0.02689378117,-0.005295095914,0,-0.004349425091
2022,JPY,food,0.001335060082,0.0007754143553,0,0.001192568026
2022,JPY,raw,-0.0005518925411,0.001407201456,0,0.0001509691523
2022,JPY,metals,-0.005339698958,0.0009036441346,0,-0.001752358175
2022,GBP,energy,-0.0253605092,-0.003012394113,0,0.002160125035
2022,GBP,food,-0.0006562324039,-0.002516602427,0,-0.0005356574666
2022,GBP,raw,-1.388472544e-05,0.0003190903279,0,-0.0006769644479
2022,GBP,metals,0.001913795098,-0.0002169479,0,0.001336493904
2022,CAD,energy,0.02847531822,0.002960605824,0,0.006645289245
2022,CAD,food,0.003582742536,0.002395480803,0,-0.00159576734
2022,CAD,raw,-0.001113997885,-0.0008645506877,0,-0.002643565104
2022,CAD,metals,-0.0005654262588,0.0009255588126,0,-0.0003413039691
2022,SEK,energy,0.002534157648,-0.002744351673,0,-0.002238578805
2022,SEK,food,0.00241304581,-0.0002855767322,0,0.001300657434
2022,SEK,raw,0.002415969283,0.0003664558001,0,6.456060442e-06
2022,SEK,metals,0.001308123145,-0.000567869017,0,0.002065007334
2023,BRL,energy,0.00856586806,-0.004971159283,0,0.025375115
2023,BRL,food,0.02968561803,0.008973428422,0,-0.001469317815
2023,BRL,raw,-0.001762506087,-0.001083371336,0,0.002020556094
2023,BRL,metals,-0.0203498261,0.002522577363,0,0.02024808071
2023,EUR,energy,-0.008696855733,-0.001062345398,0,0.001777658709
2023,EUR,food,-0.0006643292279,0.001647965137,0,-0.0009635592172
2023,EUR,raw,0.0002997745211,0.000342804025,0,0.0006092722083
2023,EUR,metals,-0.0001723201434,0.0008548060109,0,-0.0006486301389
2023,JPY,energy,-0.03669394116,-0.002243940906,0,0.004770843309
2023,JPY,food,0.0005523308197,0.0009817551743,0,6.402977135e-05
2023,JPY,raw,-0.000648861975,0.001825977883,0,7.266149147e-05
2023,JPY,metals,0.001215056994,0.002370119879,0,-0.005197942792
2023,GBP,energy,-0.02274916051,-0.002113608146,0,1.455857833e-05
2023,GBP,food,-0.002815907229,-0.002068563532,0,-0.0008824182931
2023,GBP,raw,0.0009752533588,0.0004301792681,0,-0.0009007987168
2023,GBP,metals,0.003229396463,-0.0003179451047,0,0.0008233449679
2023,CAD,energy,0.03010752946,0.002545299697,0,0.006183800111
2023,CAD,food,0.002257206849,0.001666858299,0,-0.0004999276505
2023,CAD,raw,-0.003693288074,-0.0008081766973,0,-0.002858762964
2023,CAD,metals,-0.0008323446933,0.0008428447288,0,-0.001031985035
2023,SEK,energy,-0.001420539543,-0.00251911732,0,0.003189236697
2023,SEK,food,0.0001518531248,-3.223069596e-05,0,0.002428690199
2023,SEK,raw,-0.001936627962,-0.0001556654801,0,0.002744924382
2023,SEK,metals,-0.002042377977,-0.0001692954338,0,0.003050070836
2024,BRL,energy,0.01848715579,-0.00373738122,0,0.01574956767
2024,BRL,food,0.02265905759,0.002720997,0,0.01380709567
2024,BRL,raw,0.00116978285,-2.899170958e-05,0,-0.001030056542
2024,BRL,metals,-0.01558392547,0.002232545969,0,0.01384482766
2024,EUR,energy,,0.0004961059579,0,-0.002586021564
2024,EUR,food,,0.001932848924,0,-0.001240013435
2024,EUR,raw,,0.0003699917919,0,0.0005944232864
2024,EUR,metals,,0.0008479154053,0,-0.001423580546
2024,JPY,energy,-0.004974004859,0.0006406847068,0,-0.004036175293
2024,JPY,food,4.896390511e-05,0.001346551239,0,0.0002300618317
2024,JPY,raw,-0.0002802333416,0.001702724135,0,-0.0001024847702
2024,JPY,metals,0.005923605968,0.001811317762,0,-0.005795443744
2024,GBP,energy,-0.00116335998,-0.003167999347,0,-0.01197608346
2024,GBP,food,-0.005308926346,-0.001506768931,0,-0.001382722316
2024,GBP,raw,0.001018701092,-4.840010427e-06,0,-0.0007778454294
2024,GBP,metals,-0.001662149941,-0.001853143818,0,0.003953514381
2024,CAD,energy,,0.0001678284741,0,0.01399627411
2024,CAD,food,,0.001062041138,0,0.002928282373
2024,CAD,raw,,-0.0009296555517,0,-0.0005929093835
2024,CAD,metals,,0.001100130465,0,-0.0006767459436
2024,SEK,energy,,-0.001129485819,0,0.004370028579
2024,SEK,food,,0.0004696982271,0,0.002421296519
2024,SEK,raw,,-0.0002467353211,0,0.003712069276
2024,SEK,metals,,0.0003975987541,0,0.002973970415
