year,country,actual,forecast,zero,trend
2018,BRL,0.04394212186,0.06535603278,0,0.07114957985
2018,EUR,-0.01183445765,-0.02779993969,0,0.05940788189
2018,JPY,-0.09466522654,-0.09123616398,0,0.244739961
2018,GBP,-0.01456608387,0.05368503769,0,-0.3194167335
2018,CAD,0.03460552918,0.04514673847,0,-0.01805421698
2018,SEK,-0.006048405536,0.002538693067,0,-0.01503762547
2019,BRL,-0.00463178225,0.02492684476,0,0.1652839614
2019,EUR,0.01185784645,-0.01713279047,0,-0.04146166686
2019,JPY,0.03341599692,-0.03770948428,0,-0.1560635543
2019,GBP,-0.08523043262,0.02058501233,0,0.06274306845
2019,CAD,-0.03373335724,0.0239881442,0,0.09213205475
2019,SEK,0.02045061047,0.02222822829,0,-0.08253194965
2020,BRL,0.1419152331,0.03339229006,0,-0.03626264514
2020,EUR,-0.003022672327,-0.008116917989,0,-0.03600043201
2020,JPY,-0.02397196604,0.004960437927,0,-0.1769628388
2020,GBP,0.002068253064,-0.01735264895,0,0.1528993308
2020,CAD,0.08677279891,0.008854320313,0,0.06657291993
2020,SEK,0.02960910532,0.02150523888,0,-0.009311957813
2021,BRL,0.06774598853,0.030577669,0,0.002805049293
2021,EUR,-0.04463215402,-0.0175955722,0,0.04195872592
2021,JPY,-0.2188468178,-0.009125356668,0,0.04903071343
2021,GBP,0.03329941407,0.04356172186,0,-0.2593406508
2021,CAD,0.1694433936,0.02202456835,0,-0.05488838714
2021,SEK,-0.02664091982,0.002832235907,0,0.07369869085
2022,BRL,0.08453229298,0.02334800989,0,0.0195622491
2022,EUR,0.0009818361123,-0.02206487642,0,0.02961524544
2022,JPY,-0.2080005712,-0.06196246114,0,0.2281801161
2022,GBP,0.125790955,0.0728806901,0,-0.1492499778
2022,CAD,0.112499453,0.04484701101,0,-0.1128846045
2022,SEK,-0.02979162286,0.00301971781,0,-0.003034901625
2023,BRL,-0.0196727656,-0.07204477084,0,0.4033784008
2023,EUR,0.02982328383,-0.001911056329,0,-0.08064198834
2023,JPY,-0.05641408928,0.02656698563,0,-0.3491267277
2023,GBP,0.02449102001,-0.03143317345,0,0.4147953878
2023,CAD,-0.03925570939,-0.05837536456,0,0.4280913884
2023,SEK,-0.04002586618,-0.0004879318671,0,0.01816352673
2024,BRL,,-0.01005316374,0,-0.2197026843
2024,EUR,,0.01789081216,0,-0.08286971916
2024,JPY,,0.1555379645,0,-0.5355938419
2024,GBP,,0.01422792254,0,-0.1656471678
2024,CAD,,-0.09941971657,0,0.1931233971
2024,SEK,,0.02335540863,0,-0.09505138458
