variant,task,spec,period,n_dates,ratio,rw
Base,real_36,dynamic,all,128,0.9782854963,1.758404335
Base,real_36,dynamic,late,56,0.9496205895,1.529705557
Base,real_36,annual,all,90,1.166751248,1.683893261
Base,real_36,annual,late,56,0.9987440585,1.002662486
Base,real_36,structure,all,54,1.163808973,1.035076625
Base,real_36,structure,late,54,1.163808973,1.035076625
Base,real_36,All,all,54,1.165614491,1.036682429
Base,real_36,All,late,54,1.165614491,1.036682429
Base,real_60,dynamic,all,104,0.9479695561,2.082773729
Base,real_60,dynamic,late,32,0.9214385812,2.169819211
Base,real_60,annual,all,42,1.089432758,1.050034897
Base,real_60,annual,late,32,1.072427006,0.9280277987
Base,real_60,structure,all,6,1.321205122,1.078759234
Base,real_60,structure,late,6,1.321205122,1.078759234
Base,real_60,All,all,6,1.400881838,1.143814986
Base,real_60,All,late,6,1.400881838,1.143814986
Base,persistent_36,dynamic,all,128,0.9903946051,1.725813758
Base,persistent_36,dynamic,late,56,0.9596198819,1.539295424
Base,persistent_36,annual,all,90,1.197537334,1.803793726
Base,persistent_36,annual,late,56,1.026942071,1.041911906
Base,persistent_36,structure,all,54,1.109415562,0.9742065276
Base,persistent_36,structure,late,54,1.109415562,0.9742065276
Base,persistent_36,All,all,54,1.00328529,0.8810107879
Base,persistent_36,All,late,54,1.00328529,0.8810107879
Base,persistent_60,dynamic,all,104,0.9460426851,2.141441504
Base,persistent_60,dynamic,late,32,0.9190415167,2.24975432
Base,persistent_60,annual,all,42,1.085061199,1.386097011
Base,persistent_60,annual,late,32,1.08910687,1.206764677
Base,persistent_60,structure,all,6,1.421524261,1.125990565
Base,persistent_60,structure,late,6,1.421524261,1.125990565
Base,persistent_60,All,all,6,1.547569483,1.225831092
Base,persistent_60,All,late,6,1.547569483,1.225831092
Ridge1,real_36,dynamic,all,128,0.9792412174,1.773303559
Ridge1,real_36,dynamic,late,56,0.9495309001,1.542805546
Ridge1,real_36,annual,all,90,1.19452182,1.875682637
Ridge1,real_36,annual,late,56,1.00347103,1.02363632
Ridge1,real_36,structure,all,54,0.9955500368,0.9147102182
Ridge1,real_36,structure,late,54,0.9955500368,0.9147102182
Ridge1,real_36,All,all,54,1.14913586,1.055824694
Ridge1,real_36,All,late,54,1.14913586,1.055824694
Ridge1,real_60,dynamic,all,104,0.9479139685,2.101049418
Ridge1,real_60,dynamic,late,32,0.9222282721,2.201082846
Ridge1,real_60,annual,all,42,1.132738605,1.166565454
Ridge1,real_60,annual,late,32,1.11625058,1.006511399
Ridge1,real_60,structure,all,6,1.364135475,1.098482746
Ridge1,real_60,structure,late,6,1.364135475,1.098482746
Ridge1,real_60,All,all,6,1.5066206,1.213220216
Ridge1,real_60,All,late,6,1.5066206,1.213220216
Ridge1,persistent_36,dynamic,all,128,0.9924604255,1.740915014
Ridge1,persistent_36,dynamic,late,56,0.9597120163,1.551876842
Ridge1,persistent_36,annual,all,90,1.230374955,2.017225904
Ridge1,persistent_36,annual,late,56,1.035405943,1.064947786
Ridge1,persistent_36,structure,all,54,0.9894898577,0.8950742147
Ridge1,persistent_36,structure,late,54,0.9894898577,0.8950742147
Ridge1,persistent_36,All,all,54,1.089029435,0.9851158744
Ridge1,persistent_36,All,late,54,1.089029435,0.9851158744
Ridge1,persistent_60,dynamic,all,104,0.9460847037,2.161633983
Ridge1,persistent_60,dynamic,late,32,0.9201165612,2.283603525
Ridge1,persistent_60,annual,all,42,1.11492352,1.56165606
Ridge1,persistent_60,annual,late,32,1.120961977,1.336955459
Ridge1,persistent_60,structure,all,6,1.282661763,1.030383685
Ridge1,persistent_60,structure,late,6,1.282661763,1.030383685
Ridge1,persistent_60,All,all,6,1.581630728,1.270550464
Ridge1,persistent_60,All,late,6,1.581630728,1.270550464
Ridge100,real_36,dynamic,all,128,0.9783957645,1.655108985
Ridge100,real_36,dynamic,late,56,0.95268133,1.427661806
Ridge100,real_36,annual,all,90,1.088519035,1.116677295
Ridge100,real_36,annual,late,56,0.9842701582,0.9076510238
Ridge100,real_36,structure,all,54,1.176457521,0.9161663357
Ridge100,real_36,structure,late,54,1.176457521,0.9161663357
Ridge100,real_36,All,all,54,1.082947467,0.8433453783
Ridge100,real_36,All,late,54,1.082947467,0.8433453783
Ridge100,real_60,dynamic,all,104,0.9552216498,1.954615089
Ridge100,real_60,dynamic,late,32,0.9229175029,1.940078619
Ridge100,real_60,annual,all,42,0.9815075886,0.731596064
Ridge100,real_60,annual,late,32,0.9699877901,0.7212126342
Ridge100,real_60,structure,all,6,1.019743249,0.9322418616
Ridge100,real_60,structure,late,6,1.019743249,0.9322418616
Ridge100,real_60,All,all,6,1.035909013,0.9470204856
Ridge100,real_60,All,late,6,1.035909013,0.9470204856
Ridge100,persistent_36,dynamic,all,128,0.9848109576,1.625873775
Ridge100,persistent_36,dynamic,late,56,0.9612462719,1.441352234
Ridge100,persistent_36,annual,all,90,1.096963915,1.169163932
Ridge100,persistent_36,annual,late,56,0.9965233778,0.9377227532
Ridge100,persistent_36,structure,all,54,1.131453809,0.8718014902
Ridge100,persistent_36,structure,late,54,1.131453809,0.8718014902
Ridge100,persistent_36,All,all,54,0.9875052043,0.7608870126
Ridge100,persistent_36,All,late,54,0.9875052043,0.7608870126
Ridge100,persistent_60,dynamic,all,104,0.9533351105,2.001768736
Ridge100,persistent_60,dynamic,late,32,0.9189273758,2.002600608
Ridge100,persistent_60,annual,all,42,0.9996731637,0.8353616351
Ridge100,persistent_60,annual,late,32,0.9918067987,0.7850864636
Ridge100,persistent_60,structure,all,6,1.090451628,0.9523870105
Ridge100,persistent_60,structure,late,6,1.090451628,0.9523870105
Ridge100,persistent_60,All,all,6,1.097387181,0.9584444364
Ridge100,persistent_60,All,late,6,1.097387181,0.9584444364
Lag3,real_36,dynamic,all,128,0.9822399672,1.765512239
Lag3,real_36,dynamic,late,56,0.9624535746,1.550377695
Lag3,real_36,annual,all,78,1.075427791,1.20852406
Lag3,real_36,annual,late,56,0.9892441911,0.9237933836
Lag3,real_36,structure,all,30,1.296919807,1.360492544
Lag3,real_36,structure,late,30,1.296919807,1.360492544
Lag3,real_36,All,all,30,1.186259327,1.244407682
Lag3,real_36,All,late,30,1.186259327,1.244407682
Lag3,real_60,dynamic,all,104,0.9578003128,2.104372779
Lag3,real_60,dynamic,late,32,0.9349977924,2.201748672
Lag3,real_60,annual,all,30,1.089185576,0.955528349
Lag3,real_60,annual,late,30,1.089185576,0.955528349
Lag3,persistent_36,dynamic,all,128,0.9905701425,1.726119641
Lag3,persistent_36,dynamic,late,56,0.969882463,1.5557573
Lag3,persistent_36,annual,all,78,1.149785938,1.239845
Lag3,persistent_36,annual,late,56,1.022492929,0.9606793126
Lag3,persistent_36,structure,all,30,1.365262989,1.506085023
Lag3,persistent_36,structure,late,30,1.365262989,1.506085023
Lag3,persistent_36,All,all,30,1.331488777,1.46882712
Lag3,persistent_36,All,late,30,1.331488777,1.46882712
Lag3,persistent_60,dynamic,all,104,0.9550856936,2.16191106
Lag3,persistent_60,dynamic,late,32,0.9309850389,2.278991291
Lag3,persistent_60,annual,all,30,1.138995203,1.222567098
Lag3,persistent_60,annual,late,30,1.138995203,1.222567098
Window120,real_36,dynamic,all,128,0.991861147,1.656283921
Window120,real_36,dynamic,late,56,0.9725823474,1.068859684
Window120,real_36,annual,all,90,1.168010408,1.678831733
Window120,real_36,annual,late,56,0.9986672298,0.9895903962
Window120,real_36,structure,all,54,1.163808973,1.035076625
Window120,real_36,structure,late,54,1.163808973,1.035076625
Window120,real_36,All,all,54,1.165614491,1.036682429
Window120,real_36,All,late,54,1.165614491,1.036682429
Window120,real_60,dynamic,all,104,0.9208435161,1.911716039
Window120,real_60,dynamic,late,32,0.8426225465,1.572673558
Window120,real_60,annual,all,42,1.089432758,1.050034897
Window120,real_60,annual,late,32,1.072427006,0.9280277987
Window120,real_60,structure,all,6,1.321205122,1.078759234
Window120,real_60,structure,late,6,1.321205122,1.078759234
Window120,real_60,All,all,6,1.400881838,1.143814986
Window120,real_60,All,late,6,1.400881838,1.143814986
Window120,persistent_36,dynamic,all,128,0.9999486512,1.647301335
Window120,persistent_36,dynamic,late,56,0.9964445946,1.088926659
Window120,persistent_36,annual,all,90,1.198898902,1.798330807
Window120,persistent_36,annual,late,56,1.027081167,1.027715627
Window120,persistent_36,structure,all,54,1.109415562,0.9742065276
Window120,persistent_36,structure,late,54,1.109415562,0.9742065276
Window120,persistent_36,All,all,54,1.00328529,0.8810107879
Window120,persistent_36,All,late,54,1.00328529,0.8810107879
Window120,persistent_60,dynamic,all,104,0.9143328629,1.991689679
Window120,persistent_60,dynamic,late,32,0.8314649861,1.702911124
Window120,persistent_60,annual,all,42,1.085061199,1.386097011
Window120,persistent_60,annual,late,32,1.08910687,1.206764677
Window120,persistent_60,structure,all,6,1.421524261,1.125990565
Window120,persistent_60,structure,late,6,1.421524261,1.125990565
Window120,persistent_60,All,all,6,1.547569483,1.225831092
Window120,persistent_60,All,late,6,1.547569483,1.225831092
NoBRL,real_36,dynamic,all,128,0.9781189054,1.846383823
NoBRL,real_36,dynamic,late,56,0.9684460633,1.39387169
NoBRL,real_36,annual,all,90,1.006433784,1.418739529
NoBRL,real_36,annual,late,56,1.01035654,1.035186171
NoBRL,real_36,structure,all,54,1.176383844,1.080469058
NoBRL,real_36,structure,late,54,1.176383844,1.080469058
NoBRL,real_36,All,all,54,0.9720111061,0.8927595615
NoBRL,real_36,All,late,54,0.9720111061,0.8927595615
NoBRL,real_60,dynamic,all,104,0.9616393789,2.083080203
NoBRL,real_60,dynamic,late,32,0.9591048274,1.924731761
NoBRL,real_60,annual,all,42,1.027251792,0.8706486432
NoBRL,real_60,annual,late,32,1.036142599,0.8443282531
NoBRL,real_60,structure,all,6,1.076838435,0.9603087477
NoBRL,real_60,structure,late,6,1.076838435,0.9603087477
NoBRL,real_60,All,all,6,1.160517215,1.034932259
NoBRL,real_60,All,late,6,1.160517215,1.034932259
NoBRL,persistent_36,dynamic,all,128,0.988541036,1.892395963
NoBRL,persistent_36,dynamic,late,56,0.9716507189,1.435210125
NoBRL,persistent_36,annual,all,90,1.013548268,1.567115843
NoBRL,persistent_36,annual,late,56,1.021956974,1.070817275
NoBRL,persistent_36,structure,all,54,1.173513158,1.080895852
NoBRL,persistent_36,structure,late,54,1.173513158,1.080895852
NoBRL,persistent_36,All,all,54,0.9172711558,0.8448772649
NoBRL,persistent_36,All,late,54,0.9172711558,0.8448772649
NoBRL,persistent_60,dynamic,all,104,0.9546896567,2.145710838
NoBRL,persistent_60,dynamic,late,32,0.94753317,1.976513988
NoBRL,persistent_60,annual,all,42,1.013235777,1.091402194
NoBRL,persistent_60,annual,late,32,1.0342704,1.025622814
NoBRL,persistent_60,structure,all,6,1.184636468,1.050827396
NoBRL,persistent_60,structure,late,6,1.184636468,1.050827396
NoBRL,persistent_60,All,all,6,1.153082483,1.022837551
NoBRL,persistent_60,All,late,6,1.153082483,1.022837551
NoEUR,real_36,dynamic,all,128,0.9761187982,1.721009708
NoEUR,real_36,dynamic,late,56,0.9506148479,1.530763843
NoEUR,real_36,annual,all,90,1.175327203,1.846385733
NoEUR,real_36,annual,late,56,1.006089609,1.041017739
NoEUR,real_36,structure,all,54,1.159239183,1.044381536
NoEUR,real_36,structure,late,54,1.159239183,1.044381536
NoEUR,real_36,All,all,54,1.155453162,1.040970635
NoEUR,real_36,All,late,54,1.155453162,1.040970635
NoEUR,real_60,dynamic,all,104,0.941709444,1.994741784
NoEUR,real_60,dynamic,late,32,0.9115006273,2.07517027
NoEUR,real_60,annual,all,42,1.103345113,1.182735213
NoEUR,real_60,annual,late,32,1.103277642,1.038334117
NoEUR,real_60,structure,all,6,1.342876618,1.094223828
NoEUR,real_60,structure,late,6,1.342876618,1.094223828
NoEUR,real_60,All,all,6,1.382043567,1.126138457
NoEUR,real_60,All,late,6,1.382043567,1.126138457
NoEUR,persistent_36,dynamic,all,128,0.9851915018,1.676832059
NoEUR,persistent_36,dynamic,late,56,0.9605788407,1.523945937
NoEUR,persistent_36,annual,all,90,1.211097173,1.966463108
NoEUR,persistent_36,annual,late,56,1.034785376,1.080963543
NoEUR,persistent_36,structure,all,54,1.142348681,1.012843144
NoEUR,persistent_36,structure,late,54,1.142348681,1.012843144
NoEUR,persistent_36,All,all,54,1.039253928,0.9214360144
NoEUR,persistent_36,All,late,54,1.039253928,0.9214360144
NoEUR,persistent_60,dynamic,all,104,0.9420148957,2.059732837
NoEUR,persistent_60,dynamic,late,32,0.9112532843,2.162931575
NoEUR,persistent_60,annual,all,42,1.08629625,1.563971807
NoEUR,persistent_60,annual,late,32,1.101259457,1.375031027
NoEUR,persistent_60,structure,all,6,1.43886735,1.125663063
NoEUR,persistent_60,structure,late,6,1.43886735,1.125663063
NoEUR,persistent_60,All,all,6,1.534401743,1.200402085
NoEUR,persistent_60,All,late,6,1.534401743,1.200402085
