month,S,P_BR,P_US_NSA,P_US_SA
1995-01,0.8471,10.337122222991828,68.927406,150.5
1995-02,0.8408,10.442560869666345,69.202565,150.9
1995-03,0.8894,10.604420563146174,69.431865,151.2
1995-04,0.9075,10.862107982830626,69.661164,151.8
1995-05,0.8974,11.152126265972203,69.798744,152.1
1995-06,0.914,11.404164319583174,69.936324,152.4
1995-07,0.9288,11.673302597525337,69.936324,152.6
1995-08,0.942,11.788868293240839,70.119763,152.9
1995-09,0.9528,11.905578089343923,70.257343,153.1
1995-10,0.9597,12.073446740403671,70.486642,153.5
1995-11,0.9634,12.250926407487604,70.440782,153.7
1995-12,0.9683,12.442040859444411,70.394922,153.9
1996-01,0.9745,12.608764206960966,70.807661,154.7
1996-02,0.9811,12.738634478292663,71.036961,155.0
1996-03,0.9861,12.783219698966688,71.40384,155.5
1996-04,0.9902,12.944288267173668,71.678999,156.1
1996-05,0.9953,13.102208584033187,71.816579,156.4
1996-06,1.0013,13.258124866183183,71.862439,156.7
1996-07,1.0069,13.405290052197817,72.000018,157.0
1996-08,1.0134,13.464273328427486,72.137598,157.2
1996-09,1.0193,13.48446973842013,72.366897,157.7
1996-10,1.0251,13.524923147635388,72.596197,158.2
1996-11,1.0304,13.568202901707823,72.733776,158.7
1996-12,1.0373,13.631973455345848,72.733776,159.1
1997-01,1.0429,13.79283074211893,72.963076,159.4
1997-02,1.0493,13.861794895829524,73.192375,159.7
1997-03,1.0567,13.932490049798256,73.375815,159.8
1997-04,1.0609,14.055095962236479,73.467535,159.9
1997-05,1.0683,14.112721855681649,73.421675,159.9
1997-06,1.0746,14.188930553702331,73.513395,160.2
1997-07,1.0807,14.220146200920476,73.605114,160.4
1997-08,1.0879,14.217302171680293,73.742694,160.8
1997-09,1.0936,14.2258325529833,73.926133,161.2
1997-10,1.1001,14.258551967855162,74.109573,161.5
1997-11,1.1073,14.282791506200516,74.063713,161.7
1997-12,1.1136,14.344207509677178,73.971993,161.8
1998-01,1.1199,14.446051382995888,74.109573,162.0
1998-02,1.1271,14.512503219357669,74.247153,162.0
1998-03,1.1337,14.561845730303485,74.384732,162.0
1998-04,1.1412,14.596794160056213,74.522312,162.2
1998-05,1.1481,14.669778130856493,74.659892,162.6
1998-06,1.1546,14.672712086482663,74.751611,162.8
1998-07,1.1615,14.655104831978884,74.843331,163.2
1998-08,1.1717,14.580363797335792,74.935051,163.4
1998-09,1.1809,14.548286996981654,75.026771,163.5
1998-10,1.1884,14.55119665438105,75.21021,163.9
1998-11,1.1937,14.533735218395792,75.21021,164.1
1998-12,1.2054,14.5816965446165,75.16435,164.4
1999-01,1.5019,14.683768420428814,75.34779,164.7
1999-02,1.9137,14.837947988843316,75.43951,164.7
1999-03,1.8968,15.00116541672059,75.668809,164.8
1999-04,1.6941,15.085171943054227,76.219128,165.9
1999-05,1.6835,15.13042745888339,76.219128,166.0
1999-06,1.7654,15.159175271055268,76.219128,166.0
1999-07,1.8003,15.324410281509769,76.448427,166.7
1999-08,1.8807,15.410226979086223,76.631867,167.1
1999-09,1.8981,15.457998682721392,76.998746,167.8
1999-10,1.9695,15.641948867045777,77.136325,168.1
1999-11,1.9299,15.790547381282712,77.182185,168.4
1999-12,1.8428,15.885290665570409,77.182185,168.8
2000-01,1.8037,15.983779467696944,77.411485,169.3
2000-02,1.7753,16.00455838100495,77.870084,170.0
2000-03,1.742,16.039768409443163,78.512122,171.0
2000-04,1.7682,16.107135436762825,78.557982,170.9
2000-05,1.8279,16.1087461503065,78.649702,171.2
2000-06,1.8083,16.145796266452205,79.062441,172.2
2000-07,1.7978,16.405743586342087,79.24588,172.7
2000-08,1.8092,16.62065882732317,79.24588,172.7
2000-09,1.8392,16.658886342626012,79.658619,173.6
2000-10,1.8796,16.68220878350569,79.796199,173.9
2000-11,1.948,16.73559185161291,79.842059,174.2
2000-12,1.9633,16.834331843537427,79.796199,174.6
2001-01,1.9545,16.93028753504559,80.300657,175.6
2001-02,2.0019,17.008166857706797,80.621677,176.0
2001-03,2.089,17.072797891766083,80.805116,176.1
2001-04,2.1925,17.171820119538328,81.126135,176.4
2001-05,2.2972,17.242224582028435,81.493014,177.3
2001-06,2.3758,17.331884149854982,81.630594,177.7
2001-07,2.466,17.562398209048055,81.401295,177.4
2001-08,2.5106,17.68533499651139,81.401295,177.4
2001-09,2.6717,17.734853934501622,81.768174,178.1
2001-10,2.7402,17.882053222157985,81.493014,177.6
2001-11,2.5431,18.00901580003531,81.355435,177.5
2001-12,2.3627,18.12607440273554,81.034416,177.4
2002-01,2.3779,18.220329989629768,81.217855,177.7
2002-02,2.4196,18.285923177592437,81.538874,178.0
2002-03,2.3466,18.39563871665799,81.997473,178.5
2002-04,2.3204,18.542803826391257,82.456072,179.3
2002-05,2.4804,18.58174371442668,82.456072,179.5
2002-06,2.714,18.65978703802727,82.501932,179.6
2002-07,2.9346,18.881838503779797,82.593652,180.0
2002-08,3.1101,19.004570454054363,82.868811,180.5
2002-09,3.342,19.141403361323558,83.006391,180.8
2002-10,3.8059,19.3921557453569,83.14397,181.2
2002-11,3.5764,19.977798848866676,83.14397,181.5
2002-12,3.6259,20.397332624692876,82.960531,181.8
2003-01,3.4384,20.856272608748466,83.32741,182.6
2003-02,3.5908,21.18371608870582,83.969448,183.6
2003-03,3.4469,21.444275796596898,84.473907,183.9
2003-04,3.1187,21.65228527182389,84.290467,183.2
2003-05,2.9557,21.784364211982016,84.152888,182.9
2003-06,2.8832,21.751687665664043,84.244607,183.1
2003-07,2.8798,21.795191040995373,84.336327,183.7
2003-08,3.0025,21.86929469053476,84.657346,184.5
2003-09,2.9228,22.03987518912093,84.932506,185.1
2003-10,2.8615,22.10379082716938,84.840786,184.9
2003-11,2.9138,22.178943715981756,84.611487,185.0
2003-12,2.9253,22.294274223304864,84.519767,185.5
2004-01,2.8518,22.463710707401983,84.932506,186.3
2004-02,2.9303,22.600739342717134,85.391105,186.7
2004-03,2.9055,22.706962817627904,85.941423,187.1
2004-04,2.906,22.790978580053128,86.216582,187.4
2004-05,3.1004,22.907212570811403,86.721041,188.2
2004-06,3.1291,23.069853780064168,86.996201,188.9
2004-07,3.0368,23.279789449462754,86.858621,189.1
2004-08,3.0029,23.440419996664044,86.904481,189.2
2004-09,2.8911,23.517773382653036,87.08792,189.8
2004-10,2.8529,23.621251585536708,87.546519,190.8
2004-11,2.786,23.784238221476908,87.592379,191.7
2004-12,2.7182,23.988782670181607,87.27136,191.7
2005-01,2.693,24.12791760966866,87.454799,191.6
2005-02,2.5978,24.270272323565706,87.959258,192.4
2005-03,2.7047,24.418320984739456,88.647156,193.1
2005-04,2.5792,24.630760377306686,89.243335,193.7
2005-05,2.4528,24.751451103155485,89.151615,193.6
2005-06,2.4135,24.746500812934855,89.197475,193.7
2005-07,2.3735,24.80836706496719,89.610214,194.9
2005-08,2.3606,24.850541288977634,90.068813,196.1
2005-09,2.2944,24.937518183489058,91.16945,198.8
2005-10,2.2565,25.124549569865227,91.35289,199.1
2005-11,2.2108,25.262734592499488,90.619131,198.1
2005-12,2.2855,25.353680437032487,90.252252,198.1
2006-01,2.2739,25.50326715161098,90.940151,199.3
2006-02,2.1619,25.607830546932586,91.12359,199.4
2006-03,2.152,25.717944218284394,91.628049,199.7
2006-04,2.1293,25.771951901142792,92.407667,200.7
2006-05,2.1781,25.797723853043934,92.866266,201.3
2006-06,2.2483,25.743548632952542,93.049705,201.8
2006-07,2.1893,25.792461375355153,93.324865,202.9
2006-08,2.1559,25.80535760604283,93.508304,203.8
2006-09,2.1687,25.85954885701552,93.049705,202.8
2006-10,2.1483,25.94488536824367,92.545247,201.9
2006-11,2.1579,26.02531451288523,92.407667,202.0
2006-12,2.1499,26.150236022547077,92.545247,203.1
2007-01,2.1385,26.265297061046283,92.827743,203.437
2007-02,2.0963,26.380864368114885,93.324406,204.226
2007-03,2.0887,26.47847356627691,94.17419,205.288
2007-04,2.032,26.5446697501926,94.78596,205.904
2007-05,1.9816,26.618994825493136,95.365171,206.755
2007-06,1.9319,26.693528011004513,95.549986,207.234
2007-07,1.8828,26.757592478230922,95.52568,207.603
2007-08,1.966,26.883353162878606,95.350496,207.667
2007-09,1.8996,26.931743198571787,95.613273,208.547
2007-10,1.801,27.0125384281675,95.817808,209.19
2007-11,1.7699,27.115186074194536,96.386929,210.834
2007-12,1.786,27.315838451143577,96.322267,211.445
2008-01,1.7743,27.463343978779754,96.801044,212.174
2008-02,1.7277,27.597914364275773,97.082165,212.687
2008-03,1.7076,27.730384353224295,97.923694,213.448
2008-04,1.6889,27.88290146716703,98.517579,213.942
2008-05,1.6605,28.10317638875765,99.347185,215.208
2008-06,1.6189,28.311139894034458,100.348306,217.463
2008-07,1.5914,28.461188935472844,100.875236,219.016
2008-08,1.6123,28.540880264492166,100.472586,218.69
2008-09,1.7996,28.615086553179843,100.333631,218.877
2008-10,2.1729,28.74385444266915,99.320127,216.995
2008-11,2.2663,28.84733231866276,97.417859,213.153
2008-12,2.3944,28.928104849155016,96.410318,211.398
2009-01,2.3074,29.066959752430957,96.829935,211.933
2009-02,2.3127,29.226828031069328,97.311464,212.705
2009-03,2.3138,29.285281687131466,97.548101,212.495
2009-04,2.2059,29.425851039229695,97.791617,212.709
2009-05,2.0609,29.564152539114072,98.074114,213.022
2009-06,1.9576,29.670583488254884,98.91656,214.79
2009-07,1.9328,29.741792888626694,98.759719,214.726
2009-08,1.8452,29.786405577959638,98.981223,215.445
2009-09,1.8198,29.857892951346738,99.043134,215.861
2009-10,1.7384,29.941495051610506,99.138522,216.509
2009-11,1.7262,30.06425518132211,99.208688,217.234
2009-12,1.7503,30.175492925493003,99.033962,217.347
2010-01,1.7798,30.4018091224342,99.372407,217.488
2010-02,1.8416,30.63894323358919,99.397172,217.281
2010-03,1.7858,30.798265738403856,99.805325,217.353
2010-04,1.7566,30.97381585311276,99.978675,217.403
2010-05,1.8132,31.107003261281147,100.056178,217.29
2010-06,1.8065,31.107003261281147,99.958497,217.199
2010-07,1.7696,31.110113961607276,99.979592,217.605
2010-08,1.7596,31.122558007191916,100.117631,217.923
2010-09,1.7187,31.262609518224277,100.175873,218.275
2010-10,1.6835,31.49707908961096,100.300612,219.035
2010-11,1.7133,31.75850484605473,100.342803,219.59
2010-12,1.6934,31.958583426584873,100.515236,220.472
2011-01,1.6749,32.22383966902553,100.994013,221.187
2011-02,1.668,32.48163038637774,101.492051,221.898
2011-03,1.6591,32.738235266430124,102.481708,223.046
2011-04,1.5864,32.99031967798164,103.141631,224.093
2011-05,1.6135,33.14537418046815,103.626829,224.806
2011-06,1.587,33.195092241738855,103.515848,224.806
2011-07,1.5639,33.248204389325636,103.607568,225.395
2011-08,1.597,33.37122274556614,103.893275,226.106
2011-09,1.7498,33.548090226117644,104.051033,226.597
2011-10,1.7726,33.69234701408995,103.836409,226.75
2011-11,1.7905,33.86754721856322,103.748816,227.169
2011-12,1.8369,34.03688495465603,103.492918,227.223
2012-01,1.7897,34.2274915104021,103.948307,227.842
2012-02,1.7184,34.381515222198914,104.405988,228.329
2012-03,1.7953,34.45371640416553,105.198906,228.807
2012-04,1.8548,34.674220189152194,105.516715,229.187
2012-05,1.986,34.79904738183314,105.392893,228.713
2012-06,2.0492,34.8268866197386,105.238345,228.524
2012-07,2.0287,34.976642232203474,105.066829,228.59
2012-08,2.0294,35.12004646535551,105.651543,229.918
2012-09,2.0281,35.32023073020804,106.122982,231.015
2012-10,2.0298,35.52862009151627,106.081709,231.638
2012-11,2.0678,35.741791812065365,105.579084,231.249
2012-12,2.0778,36.02415196738068,105.294753,231.221
2013-01,2.0311,36.333959674300154,105.606142,231.679
2013-02,1.9733,36.55196343234596,106.471059,232.937
2013-03,1.9828,36.72375766047798,106.749428,232.282
2013-04,2.0022,36.92573832761061,106.638448,231.797
2013-05,2.0348,37.06236355942277,106.828307,231.893
2013-06,2.173,37.158725704677266,107.084664,232.445
2013-07,2.2522,37.16987332238867,107.126855,232.9
2013-08,2.3422,37.2590810183624,107.255722,233.456
2013-09,2.2705,37.38948780192667,107.38046,233.544
2013-10,2.1886,37.602607882397656,107.103925,233.669
2013-11,2.2954,37.8056619649626,106.885174,234.1
2013-12,2.3455,38.15347405504026,106.876002,234.719
2014-01,2.3822,38.363318162342985,107.273607,235.288
2014-02,2.3837,38.628025057663145,107.670295,235.547
2014-03,2.3261,38.98340288819365,108.363696,236.028
2014-04,2.2328,39.24459168754455,108.720945,236.468
2014-05,2.2209,39.425116809307255,109.100665,236.918
2014-06,2.2355,39.58281727654448,109.303824,237.231
2014-07,2.2246,39.58677555827214,109.261174,237.498
2014-08,2.268,39.685742497167816,109.078652,237.46
2014-09,2.3329,39.91195122940167,109.160741,237.477
2014-10,2.4483,40.07958142456516,108.886499,237.43
2014-11,2.5484,40.28398728983045,108.298575,236.983
2014-12,2.6394,40.59820239069113,107.684512,236.252
2015-01,2.6342,41.101620100335694,107.17776,234.747
2015-02,2.8165,41.603059865559786,107.643238,235.342
2015-03,3.1395,42.15222025578518,108.2839,235.976
2015-04,3.0432,42.45150101960126,108.504028,236.222
2015-05,3.0617,42.765642127146315,109.057098,237.001
2015-06,3.1117,43.10349069995077,109.439111,237.657
2015-07,3.2231,43.37073234229046,109.446448,238.034
2015-08,3.5143,43.466147953443496,109.291442,238.033
2015-09,3.9065,43.7008651523921,109.121302,237.498
2015-10,3.8801,44.059212246641714,109.072232,237.733
2015-11,3.7765,44.50421029033279,108.842015,238.017
2015-12,3.8711,44.93145070911999,108.470091,237.761
2016-01,4.0524,45.502080133125816,108.649403,237.652
2016-02,3.9737,45.91159885432394,108.73883,237.336
2016-03,3.7039,46.10901872939753,109.20706,238.08
2016-04,3.5658,46.390283743646854,109.724818,238.992
2016-05,3.5393,46.7521279568473,110.168741,239.557
2016-06,3.4245,46.91576040469627,110.530576,240.222
2016-07,3.2756,47.1597223588007,110.351722,240.101
2016-08,3.2097,47.36722513717942,110.453073,240.545
2016-09,3.2564,47.40511891728916,110.718601,241.176
2016-10,3.1858,47.528372226474104,110.85664,241.741
2016-11,3.342,47.61392329648176,110.684207,242.026
2016-12,3.3523,47.7567650663712,110.720436,242.637
2017-01,3.1966,47.93824077362341,111.365684,243.618
2017-02,3.1042,48.09643696817638,111.716054,244.006
2017-03,3.1279,48.21667806059681,111.806857,243.892
2017-04,3.1362,48.284181409881654,112.138423,244.193
2017-05,3.2095,48.43386237225229,112.234271,244.004
2017-06,3.2954,48.322464488796115,112.33608,244.163
2017-07,3.2061,48.43843840356922,112.258576,244.243
2017-08,3.1509,48.530471436536004,112.594729,245.183
2017-09,3.1348,48.60812019083446,113.190908,246.435
2017-10,3.1912,48.812274295635966,113.119366,246.626
2017-11,3.2594,48.94894866366374,113.122118,247.284
2017-12,3.2919,49.164324037783864,113.055621,247.805
2018-01,3.2106,49.30690057749343,113.671519,248.859
2018-02,3.2415,49.46468265934141,114.186985,249.529
2018-03,3.2792,49.50920087373481,114.445176,249.577
2018-04,3.4075,49.618121115657026,114.900106,250.227
2018-05,3.6361,49.81659360011965,115.377966,250.792
2018-06,3.7732,50.444282679481155,115.561864,251.018
2018-07,3.8288,50.61074881232345,115.56966,251.214
2018-08,3.9298,50.56519913839236,115.633864,251.663
2018-09,4.1165,50.807912094256636,115.768233,252.182
2018-10,3.7584,51.03654769868079,115.972768,252.772
2018-11,3.7867,50.929370948513565,115.584335,252.594
2018-12,3.8851,51.005765004936336,115.215163,252.767
2019-01,3.7417,51.16898345295213,115.434832,252.561
2019-02,3.7236,51.389010081799825,115.922781,253.319
2019-03,3.8465,51.77442765741333,116.576743,254.277
2019-04,3.8962,52.06954189506058,117.194017,255.233
2019-05,4.0015,52.137232299524165,117.443495,255.296
2019-06,3.8588,52.142446022754115,117.466883,255.213
2019-07,3.7793,52.24151667019735,117.663164,255.802
2019-08,4.02,52.29898233853457,117.657202,256.036
2019-09,4.1215,52.27806274559916,117.74938,256.43
2019-10,4.087,52.33034080834475,118.018578,257.155
2019-11,4.1553,52.597225546467314,117.955291,257.879
2019-12,4.1096,53.20209364025169,117.847979,258.63
2020-01,4.1495,53.313818036896215,118.305202,259.127
2020-02,4.341,53.44710258198845,118.629431,259.25
2020-03,4.8839,53.48451555379584,118.37124,258.076
2020-04,5.3256,53.31871355557907,117.579699,256.032
2020-05,5.6434,53.11610244406787,117.581992,255.802
2020-06,5.1966,53.254204310422445,118.225406,257.042
2020-07,5.2802,53.44591944593997,118.823419,258.352
2020-08,5.4612,53.57418965261022,119.198094,259.316
2020-09,5.3995,53.917064466386925,119.364107,259.997
2020-10,5.6258,54.38075122079785,119.413636,260.319
2020-11,5.4178,54.86473990666294,119.340718,260.911
2020-12,5.1456,55.6054138954029,119.453075,262.045
2021-01,5.3562,55.7444274301414,119.961203,262.687
2021-02,5.4165,56.223829506040616,120.617916,263.579
2021-03,5.6461,56.7467111204468,121.472286,264.961
2021-04,5.5621,56.92262592492019,122.470655,266.614
2021-05,5.2911,57.39508372009703,123.452516,268.383
2021-06,5.0319,57.69927766381355,124.599471,270.654
2021-07,5.1567,58.25319072938616,125.19886,271.903
2021-08,5.2517,58.759993488731816,125.45751,272.676
2021-09,5.2797,59.44160941320111,125.798249,273.91
2021-10,5.54,60.18462953086612,126.843395,276.55
2021-11,5.5569,60.756383511409354,127.466631,278.919
2021-12,5.6514,61.199905111042646,127.858275,280.845
2022-01,5.5341,61.53038459864228,128.934148,282.543
2022-02,5.1966,62.15184148308857,130.111829,284.5
2022-03,4.9684,63.158701315114605,131.849002,287.674
2022-04,4.758,63.82818354905481,132.585053,288.561
2022-05,4.9551,64.12817601173536,134.046607,291.298
2022-06,5.0492,64.55783479101399,135.887882,294.957
2022-07,5.3681,64.11884151443509,135.871831,294.913
2022-08,5.1433,63.88801368498312,135.823678,295.097
2022-09,5.237,63.70273844529667,136.115805,296.349
2022-10,5.2503,64.07858460212393,136.667958,298.007
2022-11,5.2747,64.34130679899263,136.52992,298.786
2022-12,5.2424,64.74022290114638,136.110761,298.832
2023-01,5.2007,65.08334608252247,137.199016,300.42
2023-02,5.1717,65.63004618961565,137.964876,301.45
2023-03,5.2115,66.09601951756193,138.42164,301.821
2023-04,5.0197,66.49920523661906,139.121921,302.845
2023-05,4.9828,66.65215340866328,139.47229,303.334
2023-06,4.8516,66.59883168593635,139.922634,304.014
2023-07,4.8008,66.67875028395947,140.189539,304.609
2023-08,4.9035,66.83211140961258,140.801768,306.082
2023-09,4.937,67.00587489927757,141.151679,307.276
2023-10,5.0648,67.16668899903584,141.097565,307.696
2023-11,4.8983,67.35475572823313,140.813233,308.148
2023-12,4.8972,67.73194236031124,140.673361,308.741
2024-01,4.9144,68.01641651822455,141.439679,309.698
2024-02,4.9644,68.58095277532581,142.315145,310.967
2024-03,4.9801,68.69068229976634,143.235094,312.345
2024-04,5.1291,68.95170689250546,143.79275,313.023
2024-05,5.133,69.26888474421098,144.03168,313.175
2024-06,5.389,69.41434940217383,144.080291,313.044
2024-07,5.542,69.67812392990209,144.24768,313.569
2024-08,5.5526,69.66418830511611,144.365081,314.062
2024-09,5.5416,69.97071073365862,144.596674,314.732
2024-10,5.6241,70.36254671376712,144.763145,315.631
2024-11,5.8071,70.63696064595081,144.684725,316.528
2024-12,6.097,71.00427284130976,144.736088,317.604
2025-01,6.0218,71.11787967785585,145.683553,318.961
2025-02,5.7656,72.04952390163578,146.330636,319.679
2025-03,5.7468,72.45300123548495,146.659451,319.785
2025-04,5.7837,72.76454914079753,147.116216,320.302
2025-05,5.6674,72.95373696856359,147.423477,320.62
2025-06,5.5471,73.12882593728814,147.926101,321.435
2025-07,5.5285,73.31896088472509,148.149439,322.169
2025-08,5.4469,73.2383100277519,148.575019,323.291
2025-09,5.3674,73.5898539158851,148.952904,324.245
2025-10,5.3855,73.65608478440939,,
2025-11,5.3409,73.78866573702133,148.641974,325.063
2025-12,5.4531,74.0321683339535,148.610789,326.031
2026-01,5.338,74.27647448945557,149.160191,326.588
2026-02,5.2006,74.79640981088174,149.863223,327.46
2026-03,5.2316,75.4546182172175,151.4353,330.293
2026-04,5.0331,75.96016415927285,152.722587,332.407
2026-05,4.9837,76.40073311139663,153.68702,333.979
2026-06,5.1276,76.52297428437487,153.150001,332.568
2026-07,5.1139,76.57654036637392,153.134408,332.813
2026-08,5.1532,,,
1994-01,,1.4131,67.047151,146.3
1994-02,,1.98215537,67.27645,146.7
1994-03,,2.829526790675,67.50575,147.1
1994-04,,4.03716882493509,67.597469,147.2
1994-05,,5.814734258554011,67.643329,147.5
1994-06,,8.572662717386178,67.872629,147.9
1994-07,,9.159032847255393,68.056068,148.4
1994-08,,9.329390858214342,68.331228,149.0
1994-09,,9.472130538345022,68.514667,149.3
1994-10,,9.720300358449661,68.560527,149.4
1994-11,,9.993440798522096,68.652247,149.8
1994-12,,10.164328636176823,68.652247,150.1
