month,BIL,SPY
1994-01,,
1994-02,,
1994-03,,
1994-04,,
1994-05,,
1994-06,,
1994-07,,
1994-08,,
1994-09,,
1994-10,,
1994-11,,
1994-12,,
1995-01,,
1995-02,,
1995-03,,
1995-04,,
1995-05,,
1995-06,,
1995-07,,
1995-08,,
1995-09,,
1995-10,,
1995-11,,
1995-12,,
1996-01,,
1996-02,,
1996-03,,
1996-04,,
1996-05,,
1996-06,,
1996-07,,
1996-08,,
1996-09,,
1996-10,,
1996-11,,
1996-12,,
1997-01,,
1997-02,,
1997-03,,
1997-04,,
1997-05,,
1997-06,,
1997-07,,
1997-08,,
1997-09,,
1997-10,,
1997-11,,
1997-12,,
1998-01,,
1998-02,,
1998-03,,
1998-04,,
1998-05,,
1998-06,,
1998-07,,
1998-08,,
1998-09,,
1998-10,,
1998-11,,
1998-12,,
1999-01,,
1999-02,,
1999-03,,
1999-04,,
1999-05,,
1999-06,,
1999-07,,
1999-08,,
1999-09,,
1999-10,,
1999-11,,
1999-12,,
2000-01,,
2000-02,,
2000-03,,
2000-04,,
2000-05,,
2000-06,,
2000-07,,
2000-08,,
2000-09,,
2000-10,,
2000-11,,
2000-12,,
2001-01,,
2001-02,,
2001-03,,
2001-04,,
2001-05,,
2001-06,,
2001-07,,
2001-08,,
2001-09,,
2001-10,,
2001-11,,
2001-12,,
2002-01,,
2002-02,,
2002-03,,
2002-04,,
2002-05,,
2002-06,,
2002-07,,
2002-08,,
2002-09,,
2002-10,,
2002-11,,
2002-12,,
2003-01,,
2003-02,,
2003-03,,
2003-04,,
2003-05,,
2003-06,,
2003-07,,
2003-08,,
2003-09,,
2003-10,,
2003-11,,
2003-12,,
2004-01,,
2004-02,,
2004-03,,
2004-04,,
2004-05,,
2004-06,,
2004-07,,
2004-08,,
2004-09,,
2004-10,,
2004-11,,
2004-12,,
2005-01,,
2005-02,,
2005-03,,
2005-04,,
2005-05,,
2005-06,,
2005-07,,
2005-08,,
2005-09,,
2005-10,,
2005-11,,
2005-12,,
2006-01,,
2006-02,,
2006-03,,
2006-04,,
2006-05,,
2006-06,,
2006-07,,
2006-08,,
2006-09,,
2006-10,,
2006-11,,
2006-12,,
2007-01,,100.53397369384766
2007-02,,98.56175231933594
2007-03,,99.70399475097656
2007-04,,104.1204605102539
2007-05,70.16234588623047,107.65218353271484
2007-06,70.46873474121094,106.0782470703125
2007-07,70.7503433227539,102.75692749023438
2007-08,71.05158996582031,104.07559967041016
2007-09,71.18655395507812,108.10484313964844
2007-10,71.46665954589844,109.57144927978516
2007-11,71.74929809570312,105.32743072509766
2007-12,71.91838836669922,104.14136505126953
2008-01,72.20111083984375,97.84485626220703
2008-02,72.31916809082031,95.31633758544922
2008-03,72.488037109375,94.4640121459961
2008-04,72.44062042236328,98.96636962890625
2008-05,72.51016235351562,100.46238708496094
2008-06,72.67957305908203,92.06614685058594
2008-07,72.81597137451172,91.2388687133789
2008-08,72.87310791015625,92.64884948730469
2008-09,73.2435302734375,83.92377471923828
2008-10,73.07320404052734,70.0606689453125
2008-11,73.0365219116211,65.18396759033203
2008-12,73.05878448486328,65.82258605957031
2009-01,73.20236206054688,60.417598724365234
2009-02,73.19916534423828,53.92576599121094
2009-03,73.19438934326172,58.41839599609375
2009-04,73.23908233642578,64.22198486328125
2009-05,73.2470703125,67.97599029541016
2009-06,73.23750305175781,67.93147277832031
2009-07,73.19116973876953,72.99957275390625
2009-08,73.24229431152344,75.6961441040039
2009-09,73.26145935058594,78.38014221191406
2009-10,73.26466369628906,76.87324523925781
2009-11,73.23430633544922,81.6091537475586
2009-12,73.25664520263672,83.16796875
2010-01,73.25664520263672,80.14544677734375
2010-02,73.24069213867188,82.64556884765625
2010-03,73.24069213867188,87.677001953125
2010-04,73.208740234375,89.0333480834961
2010-05,73.24069213867188,81.95925903320312
2010-06,73.25664520263672,77.71858978271484
2010-07,73.2247085571289,83.02684020996094
2010-08,73.2247085571289,79.29224395751953
2010-09,73.2247085571289,86.39320373535156
2010-10,73.24069213867188,89.69364166259766
2010-11,73.24069213867188,89.69364166259766
2010-12,73.2247085571289,95.68986511230469
2011-01,73.2247085571289,97.91947174072266
2011-02,73.2247085571289,101.32090759277344
2011-03,73.2247085571289,101.33309936523438
2011-04,73.2247085571289,104.267822265625
2011-05,73.24069213867188,103.09855651855469
2011-06,73.24069213867188,101.35928344726562
2011-07,73.24069213867188,99.33163452148438
2011-08,73.24069213867188,93.8708267211914
2011-09,73.2247085571289,87.35421752929688
2011-10,73.19281005859375,96.88865661621094
2011-11,73.208740234375,96.49494934082031
2011-12,73.19598388671875,97.50314331054688
2012-01,73.18002319335938,102.02485656738281
2012-02,73.19598388671875,106.45328521728516
2012-03,73.18002319335938,109.8771743774414
2012-04,73.19598388671875,109.14370727539062
2012-05,73.19598388671875,102.58903503417969
2012-06,73.16402435302734,106.75215911865234
2012-07,73.16402435302734,108.0150146484375
2012-08,73.16402435302734,110.7210464477539
2012-09,73.16402435302734,113.52796173095703
2012-10,73.18002319335938,111.46194458007812
2012-11,73.16402435302734,112.09276580810547
2012-12,73.16402435302734,113.09429168701172
2013-01,73.16402435302734,118.88359069824219
2013-02,73.16402435302734,120.40042877197266
2013-03,73.16402435302734,124.97213745117188
2013-04,73.1480941772461,127.37311553955078
2013-05,73.16402435302734,130.38040161132812
2013-06,73.1480941772461,128.6405487060547
2013-07,73.1480941772461,135.28829956054688
2013-08,73.1480941772461,131.23069763183594
2013-09,73.13209533691406,135.38368225097656
2013-10,73.11614227294922,141.6527862548828
2013-11,73.10013580322266,145.85105895996094
2013-12,73.10013580322266,149.6324920654297
2014-01,73.10013580322266,144.35818481445312
2014-02,73.11614227294922,150.9287872314453
2014-03,73.10013580322266,152.18081665039062
2014-04,73.10013580322266,153.23866271972656
2014-05,73.10013580322266,156.7947998046875
2014-06,73.08417510986328,160.0318603515625
2014-07,73.0682144165039,157.8814697265625
2014-08,73.08417510986328,164.11192321777344
2014-09,73.08417510986328,161.8478240966797
2014-10,73.0682144165039,165.65945434570312
2014-11,73.0682144165039,170.21044921875
2014-12,73.05223083496094,169.77871704101562
2015-01,73.03623962402344,164.748291015625
2015-02,73.03623962402344,174.00787353515625
2015-03,73.03623962402344,171.2749786376953
2015-04,73.02027893066406,172.9592742919922
2015-05,73.00432586669922,175.18287658691406
2015-06,73.00432586669922,171.62454223632812
2015-07,73.00432586669922,175.50140380859375
2015-08,73.00432586669922,164.80459594726562
2015-09,72.97240447998047,160.59945678710938
2015-10,72.9564208984375,174.260009765625
2015-11,72.97240447998047,174.89697265625
2015-12,72.9564208984375,171.87432861328125
2016-01,72.97240447998047,163.31724548339844
2016-02,72.97240447998047,163.18228149414062
2016-03,72.97240447998047,174.15895080566406
2016-04,73.00432586669922,174.8453369140625
2016-05,73.00432586669922,177.81973266601562
2016-06,72.98834991455078,178.43780517578125
2016-07,73.02027893066406,184.94569396972656
2016-08,73.02027893066406,185.1671600341797
2016-09,73.03623962402344,185.17791748046875
2016-10,73.05223083496094,181.9674530029297
2016-11,73.02027893066406,188.6708984375
2016-12,73.0362548828125,192.49562072753906
2017-01,73.06822204589844,195.9402618408203
2017-02,73.10498046875,203.63897705078125
2017-03,73.09217834472656,203.89353942871094
2017-04,73.14657592773438,205.91741943359375
2017-05,73.15777587890625,208.82350158691406
2017-06,73.2330322265625,210.15475463867188
2017-07,73.25707244873047,214.4742889404297
2017-08,73.34040832519531,215.1000518798828
2017-09,73.39335632324219,219.4342498779297
2017-10,73.4447250366211,224.60498046875
2017-11,73.48490905761719,231.4701690673828
2017-12,73.53958892822266,234.2774658203125
2018-01,73.63611602783203,247.4811553955078
2018-02,73.69734954833984,238.48265075683594
2018-03,73.79325103759766,231.9457244873047
2018-04,73.86991119384766,233.1444549560547
2018-05,73.9806137084961,238.81201171875
2018-06,74.09061431884766,240.1853790283203
2018-07,74.19351959228516,249.08348083496094
2018-08,74.31118774414062,257.0342102050781
2018-09,74.41516876220703,258.56231689453125
2018-10,74.5420913696289,240.69456481933594
2018-11,74.68072509765625,245.15924072265625
2018-12,74.81720733642578,223.57334899902344
2019-01,74.94808959960938,241.47390747070312
2019-02,75.08657836914062,249.301513671875
2019-03,75.21798706054688,253.81396484375
2019-04,75.36277770996094,264.1828308105469
2019-05,75.52268981933594,247.3356475830078
2019-06,75.65978240966797,264.5467834472656
2019-07,75.79631042480469,268.546630859375
2019-08,75.9247817993164,264.0502624511719
2019-09,76.04768371582031,269.1880798339844
2019-10,76.16991424560547,275.1384582519531
2019-11,76.25234985351562,285.09796142578125
2019-12,76.33745574951172,293.3816223144531
2020-01,76.42931365966797,293.26312255859375
2020-02,76.51958465576172,270.0467224121094
2020-03,76.67604064941406,236.3256378173828
2020-04,76.6609878540039,266.3351745605469
2020-05,76.64756774902344,279.0247497558594
2020-06,76.64756774902344,283.9730529785156
2020-07,76.65595245361328,300.6968078613281
2020-08,76.65595245361328,321.6846008300781
2020-09,76.63919830322266,309.63946533203125
2020-10,76.64756774902344,301.9190673828125
2020-11,76.63919830322266,334.7608337402344
2020-12,76.64170837402344,347.1632385253906
2021-01,76.64170837402344,343.6254577636719
2021-02,76.63334655761719,353.1800842285156
2021-03,76.62496185302734,369.2142333984375
2021-04,76.62496185302734,388.7495422363281
2021-05,76.6165771484375,391.3020935058594
2021-06,76.59986877441406,400.0780029296875
2021-07,76.59143829345703,409.8449401855469
2021-08,76.58309173583984,422.0418701171875
2021-09,76.59143829345703,402.3724670410156
2021-10,76.58309173583984,430.60430908203125
2021-11,76.56633758544922,427.1444091796875
2021-12,76.56633758544922,446.8989562988281
2022-01,76.56633758544922,423.3289794921875
2022-02,76.5495834350586,410.83355712890625
2022-03,76.58476257324219,426.27685546875
2022-04,76.57638549804688,388.86297607421875
2022-05,76.60152435302734,389.7407531738281
2022-06,76.66102600097656,357.6025390625
2022-07,76.68871307373047,390.5332336425781
2022-08,76.83723449707031,374.5987243652344
2022-09,76.99610900878906,339.9686584472656
2022-10,77.11820983886719,367.59979248046875
2022-11,77.36124420166016,388.0352478027344
2022-12,77.64175415039062,365.67340087890625
2023-01,77.86244201660156,388.6696472167969
2023-02,78.13168334960938,378.8974914550781
2023-03,78.4435043334961,392.9461364746094
2023-04,78.72828674316406,399.223388671875
2023-05,79.02363586425781,401.0663146972656
2023-06,79.38764953613281,427.0553283691406
2023-07,79.694091796875,441.03424072265625
2023-08,80.08992767333984,433.86651611328125
2023-09,80.40956115722656,413.2863464355469
2023-10,80.7560806274414,404.3144836425781
2023-11,81.13418579101562,441.2460632324219
2023-12,81.4810562133789,461.39129638671875
2024-01,81.82877349853516,468.7396545410156
2024-02,82.1923599243164,493.2016906738281
2024-03,82.52949523925781,509.3303527832031
2024-04,82.88615417480469,488.7943420410156
2024-05,83.26519775390625,513.5174560546875
2024-06,83.59768676757812,531.63427734375
2024-07,83.97454833984375,538.072021484375
2024-08,84.3622817993164,550.6444091796875
2024-09,84.71846771240234,562.21044921875
2024-10,85.05293273925781,557.1935424804688
2024-11,85.36825561523438,590.4208374023438
2024-12,85.71238708496094,576.2152709960938
2025-01,86.01239013671875,591.6904296875
2025-02,86.2908706665039,584.178955078125
2025-03,86.57305908203125,551.62890625
2025-04,86.86759948730469,546.8462524414062
2025-05,87.18310546875,581.2127685546875
2025-06,87.47492218017578,611.0790405273438
2025-07,87.78683471679688,625.1531982421875
2025-08,88.11231231689453,637.9810180664062
2025-09,88.4032974243164,660.7061157226562
2025-10,88.71363067626953,676.4556274414062
2025-11,88.9687728881836,677.7747192382812
2025-12,89.26697540283203,678.3152465820312
2026-01,89.53073120117188,688.3121337890625
2026-02,89.76982116699219,682.3637084960938
2026-03,90.02818298339844,648.6688842773438
2026-04,90.28828430175781,716.8132934570312
2026-05,90.57485961914062,754.5361328125
2026-06,90.82164001464844,746.77001953125
2026-07,91.12777709960938,747.030029296875
2026-08,91.3800048828125,767.0499877929688
