month,JPY,SEK,BRL,CAD,EUR,GBP,USD
1994-01,109.019931,7.922019,0.1667836363636,1.323004,0.895367,0.66689,1.0
1994-02,104.279553,7.992788,0.2317636363636,1.348998,0.885669,0.672721,1.0
1994-03,102.850239,7.828218,0.3321236363636,1.383903,0.866071,0.673402,1.0
1994-04,100.950253,7.685201,0.4735527272727,1.383504,0.85918,0.661376,1.0
1994-05,104.519933,7.784868,0.6819127272727,1.385492,0.850731,0.662029,1.0
1994-06,99.000125,7.702998,0.975,1.381996,0.830461,0.64914,1.0
1994-07,100.529663,7.792498,0.939,1.383001,0.830192,0.654664,1.0
1994-08,100.200431,7.74683,0.888,1.371003,0.824817,0.651469,1.0
1994-09,98.520548,7.467413,0.852,1.342506,0.805802,0.632912,1.0
1994-10,97.320534,7.213727,0.845,1.351707,0.788774,0.616449,1.0
1994-11,99.000205,7.565129,0.844,1.378503,0.820176,0.639593,1.0
1994-12,99.719521,7.461489,0.845,1.403995,0.812982,0.639877,1.0
1995-01,98.729843,7.445487,0.841,1.4192,0.796337,0.628258,1.0
1995-02,96.829678,7.369998,0.851,1.388796,0.78183,0.633512,1.0
1995-03,87.199588,7.407979,0.9,1.402297,0.746597,0.619385,1.0
1995-04,84.07007,7.261491,0.913,1.362497,0.746692,0.620154,1.0
1995-05,82.799798,7.24348,0.908,1.371996,0.744469,0.62247,1.0
1995-06,84.849884,7.285478,0.921,1.376996,0.744624,0.626958,1.0
1995-07,87.819667,7.037593,0.9353,1.370199,0.736773,0.623829,1.0
1995-08,97.20065,7.297027,0.95,1.342001,0.777381,0.64371,1.0
1995-09,98.769786,6.95019,0.9531,1.347501,0.758455,0.63291,1.0
1995-10,102.119979,6.66051,0.962,1.336001,0.753636,0.633915,1.0
1995-11,101.230541,6.530417,0.9661,1.356704,0.765738,0.652403,1.0
1995-12,103.169893,6.617711,0.9706,1.362498,0.760896,0.644663,1.0
1996-01,107.070564,6.950223,0.9782,1.383205,0.789478,0.664012,1.0
1996-02,104.899665,6.747485,0.985,1.371999,0.778095,0.653935,1.0
1996-03,106.479938,6.698481,0.988,1.363,0.77912,0.655521,1.0
1996-04,104.319921,6.780987,0.9925,1.361695,0.800282,0.662777,1.0
1996-05,108.370249,6.758009,0.9981,1.371803,0.801057,0.649352,1.0
1996-06,109.819518,6.651779,1.006,1.365092,0.795425,0.645867,1.0
1996-07,106.819833,6.590014,1.0107,1.374801,0.772786,0.641603,1.0
1996-08,108.789522,6.629977,1.0165,1.367195,0.779144,0.642547,1.0
1996-09,111.620352,6.634023,1.0211,1.362601,0.796242,0.640166,1.0
1996-10,113.649607,6.560489,1.0275,1.340396,0.785318,0.61425,1.0
1996-11,113.71024,6.697519,1.0331,1.347706,0.792042,0.594532,1.0
1996-12,116.400769,6.885929,1.0393,1.370003,0.798091,0.588411,1.0
1997-01,121.409836,7.226011,1.0457,1.348701,0.840689,0.623403,1.0
1997-02,120.81013,7.497493,1.0512,1.367797,0.866078,0.614099,1.0
1997-03,123.589819,7.581211,1.0595,1.376,0.860785,0.614515,1.0
1997-04,126.799718,7.823306,1.0635,1.396299,0.881135,0.613949,1.0
1997-05,116.469984,7.709014,1.0709,1.3828,0.870277,0.610539,1.0
1997-06,114.429833,7.740518,1.0767,1.378799,0.88494,0.600494,1.0
1997-07,118.149677,7.955482,1.083,1.380097,0.925532,0.610947,1.0
1997-08,119.450521,7.838529,1.0915,1.387607,0.911544,0.616715,1.0
1997-09,121.179695,7.581006,1.0958,1.381303,0.898473,0.619579,1.0
1997-10,120.220167,7.496408,1.1027,1.405401,0.875067,0.597194,1.0
1997-11,127.659366,7.732485,1.1093,1.420995,0.891806,0.595946,1.0
1997-12,130.120176,7.908224,1.1165,1.433206,0.905625,0.60383,1.0
1998-01,127.249234,8.087976,1.1235,1.464697,0.922952,0.610871,1.0
1998-02,126.3,8.016028,1.1303,1.422807,0.917431,0.607425,1.0
1998-03,132.819789,7.97099,1.137,1.423498,0.929213,0.593965,1.0
1998-04,132.129941,7.744998,1.1438,1.434802,0.908678,0.599592,1.0
1998-05,138.599877,7.839503,1.1502,1.453097,0.905994,0.613422,1.0
1998-06,138.919609,7.972169,1.1565,1.466493,0.912492,0.599626,1.0
1998-07,144.259689,7.921485,1.1632,1.504593,0.903204,0.610798,1.0
1998-08,142.029922,8.092988,1.177,1.5615,0.897481,0.599952,1.0
1998-09,135.419387,7.851475,1.1855,1.523997,0.853541,0.588891,1.0
1998-10,116.250274,7.797505,1.1919,1.550001,0.844609,0.595948,1.0
1998-11,123.019884,8.101493,1.201,1.535999,0.868282,0.60687,1.0
1998-12,113.820441,8.132016,1.2085,1.548001,0.857082,0.604633,1.0
1999-01,116.040056,7.800422,2.07,1.516163,0.878426,0.606992,1.0
1999-02,119.195861,8.170721,2.09,1.514249,0.907606,0.623797,1.0
1999-03,118.981568,8.273133,1.72,1.509123,0.930925,0.620276,1.0
1999-04,119.750873,8.405681,1.6625,1.464471,0.943663,0.620081,1.0
1999-05,121.633512,8.576894,1.734,1.473891,0.956389,0.623948,1.0
1999-06,120.855926,8.46921,1.77,1.47773,0.968242,0.635457,1.0
1999-07,115.195437,8.204133,1.79,1.505424,0.935104,0.616981,1.0
1999-08,109.268892,8.219994,1.925,1.489927,0.945805,0.622813,1.0
1999-09,105.644632,8.179559,1.921,1.467604,0.937647,0.607126,1.0
1999-10,104.840716,8.284703,1.953,1.475079,0.956663,0.611595,1.0
1999-11,102.010498,8.473804,1.923,1.472517,0.990393,0.626424,1.0
1999-12,102.259606,8.523293,1.809,1.454111,0.995421,0.618853,1.0
2000-01,106.853233,8.783577,1.8135021958942,1.449801,1.021346,0.617608,1.0
2000-02,109.954705,8.680255,1.7709491455631,1.451204,1.029442,0.63146,1.0
2000-03,103.140375,8.670051,1.7595519732021,1.452842,1.046792,0.626505,1.0
2000-04,107.297744,8.959824,1.8055035773253,1.481233,1.100715,0.637755,1.0
2000-05,107.384715,9.012684,1.8310222508868,1.502956,1.074922,0.669139,1.0
2000-06,105.242779,8.812265,1.8135203013813,1.481478,1.046463,0.661679,1.0
2000-07,109.315157,9.190739,1.786541166288,1.482419,1.0819,0.668506,1.0
2000-08,106.411408,9.449809,1.8234897821693,1.475522,1.122839,0.688525,1.0
2000-09,108.317171,9.727895,1.8415288077581,1.505762,1.140901,0.680776,1.0
2000-10,109.160033,10.079957,1.9094689319235,1.531068,1.188072,0.690151,1.0
2000-11,111.054813,10.035698,1.9624596959926,1.540189,1.151543,0.705666,1.0
2000-12,114.905965,9.490919,1.9504567436862,1.500806,1.074691,0.670715,1.0
2001-01,116.076617,9.511998,1.9714839126224,1.50156,1.076079,0.685139,1.0
2001-02,117.268599,9.795415,2.0354671280277,1.530169,1.081315,0.690636,1.0
2001-03,125.384964,10.36798,2.1525135869565,1.574275,1.132246,0.701087,1.0
2001-04,123.557909,10.267575,2.2024560612889,1.543488,1.126634,0.69795,1.0
2001-05,119.103774,10.760613,2.3412735849057,1.550236,1.179245,0.704363,1.0
2001-06,124.257075,10.863797,2.3134433962264,1.52441,1.179245,0.711203,1.0
2001-07,124.842947,10.597944,2.4264991433467,1.529298,1.142204,0.701656,1.0
2001-08,118.639441,10.411116,2.531011137803,1.544333,1.091941,0.686285,1.0
2001-09,119.395466,10.658307,2.6722155295148,1.579017,1.09517,0.681196,1.0
2001-10,122.063703,10.630613,2.7165450121654,1.586706,1.10595,0.687127,1.0
2001-11,123.690717,10.666442,2.5414699932569,1.579793,1.123848,0.701056,1.0
2001-12,130.863497,10.553954,2.3221377510496,1.597299,1.134687,0.690457,1.0
2002-01,132.835475,10.617112,2.4190112307514,1.582957,1.157809,0.707537,1.0
2002-02,134.16946,10.475668,2.3369552652873,1.605132,1.155936,0.70645,1.0
2002-03,132.40486,10.351215,2.3255387436956,1.595942,1.146263,0.702659,1.0
2002-04,128.39698,10.273091,2.3624555950266,1.568162,1.110124,0.686945,1.0
2002-05,123.990625,9.701715,2.5119846596357,1.532119,1.065303,0.682327,1.0
2002-06,118.496241,9.124311,2.8229573934837,1.504261,1.002506,0.651429,1.0
2002-07,120.024532,9.449555,3.344986200552,1.576715,1.022181,0.639988,1.0
2002-08,118.326045,9.328893,3.0540018305705,1.55751,1.016984,0.645988,1.0
2002-09,121.369168,9.281542,3.9525354969574,1.578702,1.014199,0.638438,1.0
2002-10,122.70884,9.215328,3.6659570154096,1.5662,1.013788,0.641322,1.0
2002-11,122.453914,9.111816,3.6294953158054,1.570061,1.007354,0.644203,1.0
2002-12,118.613522,8.727758,3.5400019071231,1.578144,0.953562,0.620292,1.0
2003-01,119.424926,8.532267,3.5369822485207,1.53125,0.924556,0.606232,1.0
2003-02,118.085698,8.482471,3.5619551103691,1.492116,0.927472,0.634576,1.0
2003-03,118.568151,8.500046,3.3875172097292,1.47196,0.917852,0.632951,1.0
2003-04,119.468152,8.191088,2.8855448746743,1.440841,0.898392,0.626179,1.0
2003-05,118.685502,7.739807,2.9412113009643,1.371511,0.845881,0.608696,1.0
2003-06,120.171524,8.093813,2.8782707622298,1.356962,0.87512,0.606633,1.0
2003-07,119.915179,8.118042,2.9779996465807,1.401926,0.883548,0.620163,1.0
2003-08,116.463805,8.446966,2.9630273634117,1.396815,0.915164,0.633843,1.0
2003-09,110.538963,7.691813,2.9292825266049,1.348867,0.858222,0.599554,1.0
2003-10,109.03459,7.784719,2.8447771467906,1.316985,0.860437,0.590518,1.0
2003-11,109.421377,7.543355,2.9417208604302,1.296648,0.83375,0.581207,1.0
2003-12,106.927949,7.189232,2.9056215360253,1.285352,0.791766,0.558036,1.0
2004-01,105.830103,7.424096,2.9649547803618,1.334222,0.807494,0.55281,1.0
2004-02,109.220486,7.433967,2.9227733934611,1.349493,0.805283,0.539539,1.0
2004-03,103.869437,7.573707,2.8942244764398,1.307183,0.818063,0.544748,1.0
2004-04,110.379175,7.657404,2.9220724868168,1.371307,0.83703,0.563907,1.0
2004-05,109.231021,7.451467,3.0824725364814,1.361781,0.819807,0.544966,1.0
2004-06,108.926368,7.523735,3.1137803373097,1.34455,0.822707,0.551831,1.0
2004-07,111.462746,7.671484,3.0410333084143,1.322452,0.830634,0.550336,1.0
2004-08,109.858806,7.535546,2.9266782264057,1.317645,0.825696,0.557757,1.0
2004-09,110.540737,7.300185,2.8509952453864,1.268434,0.805867,0.553469,1.0
2004-10,106.092486,7.107639,2.8591505063987,1.220539,0.785114,0.546165,1.0
2004-11,102.700263,6.712147,2.7395261376457,1.187288,0.752162,0.523956,1.0
2004-12,102.525512,6.622568,2.6577343807356,1.205198,0.73416,0.51762,1.0
2005-01,103.536632,6.985577,2.6332182585347,1.240276,0.767165,0.530265,1.0
2005-02,104.126122,6.832315,2.6039073696915,1.232556,0.754318,0.520291,1.0
2005-03,106.788028,7.052607,2.6737118173403,1.2139,0.771367,0.531086,1.0
2005-04,105.147797,7.085359,2.5332252836305,1.249595,0.771784,0.522883,1.0
2005-05,108.239397,7.429081,2.3747465736761,1.259509,0.810964,0.549104,1.0
2005-06,110.775719,7.795154,2.3552762156798,1.23222,0.826993,0.557559,1.0
2005-07,112.387332,7.777061,2.3990738443728,1.228479,0.826925,0.569999,1.0
2005-08,111.542876,7.657075,2.3776848663715,1.192982,0.819807,0.559846,1.0
2005-09,113.145657,7.745142,2.2190666002325,1.167829,0.830427,0.56631,1.0
2005-10,116.144057,7.931465,2.2596689678117,1.177826,0.831739,0.562796,1.0
2005-11,119.636333,8.095165,2.2110629620189,1.167559,0.84969,0.579616,1.0
2005-12,117.741799,7.958379,2.3278799694838,1.163431,0.847673,0.58091,1.0
2006-01,117.32134,7.63352,2.2055619739231,1.144578,0.825219,0.564697,1.0
2006-02,116.362105,7.957053,2.1373473684211,1.139537,0.842105,0.572295,1.0
2006-03,117.663582,7.792052,2.1801057501652,1.163582,0.826173,0.575347,1.0
2006-04,114.293691,7.41565,2.0973119566084,1.124432,0.797639,0.553721,1.0
2006-05,112.154181,7.208346,2.2836493627603,1.096285,0.777122,0.533028,1.0
2006-06,114.646425,7.266971,2.1879965389759,1.111618,0.786596,0.544403,1.0
2006-07,114.216339,7.231926,2.1740424531997,1.123678,0.783269,0.535991,1.0
2006-08,117.158198,7.210879,2.1343086141156,1.107307,0.77815,0.524551,1.0
2006-09,117.962085,7.329937,2.1601895734597,1.116588,0.789889,0.535308,1.0
2006-10,117.824512,7.255829,2.1402016383113,1.128781,0.78765,0.526544,1.0
2006-11,116.128788,6.868258,2.1623484848485,1.140379,0.757576,0.510795,1.0
2006-12,119.157175,6.864389,2.1367501898254,1.160289,0.759301,0.509871,1.0
2007-01,121.406515,6.987803,2.1293036899799,1.183032,0.771962,0.512004,1.0
2007-02,118.424041,7.021649,2.1186132768148,1.167133,0.756945,0.509916,1.0
2007-03,118.125845,7.01772,2.0386694698904,1.153777,0.750863,0.510437,1.0
2007-04,119.676589,6.727159,2.0336640940831,1.116281,0.735024,0.501801,1.0
2007-05,121.57883,6.908868,1.9287891176689,1.069501,0.743329,0.505501,1.0
2007-06,123.383932,6.851166,1.9223991114402,1.054795,0.740466,0.499074,1.0
2007-07,119.347779,6.704603,1.8582476107099,1.060772,0.729554,0.49172,1.0
2007-08,116.198468,6.834148,1.9584823057278,1.054068,0.729661,0.494673,1.0
2007-09,115.346639,6.498836,1.8442767473023,0.99598,0.705268,0.491431,1.0
2007-10,115.241919,6.381325,1.7445836505849,0.953001,0.692185,0.482661,1.0
2007-11,110.717431,6.348825,1.7723731454509,0.995529,0.677461,0.48408,1.0
2007-12,112.037226,6.413627,1.7603423680456,0.981523,0.679302,0.498166,1.0
2008-01,106.207128,6.370208,1.7646940147949,0.998386,0.672495,0.502824,1.0
2008-02,104.193314,6.194237,1.6810179996044,0.982066,0.659326,0.504516,1.0
2008-03,99.525677,5.942955,1.7426005565393,1.026183,0.632431,0.503289,1.0
2008-04,104.646075,6.021557,1.7007722007722,1.009588,0.643501,0.508462,1.0
2008-05,105.584215,6.01496,1.6372839824607,0.991875,0.644828,0.506835,1.0
2008-06,105.58234,6.007549,1.5929967013448,1.011292,0.634357,0.502569,1.0
2008-07,108.26981,6.062968,1.5642175389149,1.022997,0.640574,0.505381,1.0
2008-08,108.734306,6.405226,1.6335934848999,1.052596,0.678656,0.546318,1.0
2008-09,105.201706,6.847724,1.9244214500454,1.046004,0.699154,0.552541,1.0
2008-10,97.961903,7.765149,2.1091165634554,1.229207,0.783883,0.616838,1.0
2008-11,95.434902,8.097509,2.334171446531,1.239491,0.785731,0.652078,1.0
2008-12,90.63735,7.810591,2.3306747143781,1.221384,0.718546,0.684415,1.0
2009-01,89.71598,8.277934,2.312734082397,1.240247,0.780275,0.70057,1.0
2009-02,97.461246,9.057577,2.3800221448909,1.264236,0.790889,0.706343,1.0
2009-03,98.564773,8.220619,2.3119176435227,1.253757,0.751428,0.699429,1.0
2009-04,98.184557,8.053861,2.1732580037665,1.189153,0.753296,0.672957,1.0
2009-05,95.914314,7.566889,2.0087955738403,1.099518,0.70932,0.619166,1.0
2009-06,95.875195,7.649993,1.9434696476581,1.151479,0.707514,0.602873,1.0
2009-07,95.720753,7.310652,1.8731079360588,1.077522,0.707314,0.605178,1.0
2009-08,93.259529,7.160244,1.8980521300448,1.106572,0.700673,0.617538,1.0
2009-09,89.510346,6.987639,1.7790070340777,1.072799,0.68292,0.620979,1.0
2009-10,90.986486,7.016554,1.727972972973,1.077838,0.675676,0.603885,1.0
2009-11,86.380883,6.958197,1.7473873394129,1.057179,0.665646,0.60677,1.0
2009-12,92.433708,7.116479,1.7432319866722,1.050118,0.694155,0.616479,1.0
2010-01,90.326507,7.331233,1.8620936560218,1.068595,0.716025,0.620471,1.0
2010-02,89.108327,7.167281,1.8215917464996,1.057775,0.73692,0.657848,1.0
2010-03,93.426812,7.206395,1.783737665999,1.015431,0.741895,0.660138,1.0
2010-04,94.48742,7.226211,1.7242959068719,1.004807,0.751033,0.653624,1.0
2010-05,91.508897,7.819127,1.8154708702365,1.047696,0.812546,0.689551,1.0
2010-06,88.656181,7.762937,1.799527340885,1.050444,0.81493,0.666164,1.0
2010-07,86.444581,7.240789,1.7595947190666,1.032699,0.767578,0.64085,1.0
2010-08,84.440063,7.404574,1.76238170347,1.063801,0.788644,0.650473,1.0
2010-09,83.294256,6.698491,1.6999560375147,1.03114,0.732708,0.630092,1.0
2010-10,80.73176,6.75543,1.7058526376561,1.021145,0.721657,0.626831,1.0
2010-11,83.859055,7.056086,1.7212648099708,1.023696,0.769349,0.644445,1.0
2010-12,81.312678,6.709699,1.6597066307439,0.997006,0.748391,0.644178,1.0
2011-01,82.157464,6.476044,1.6770376862401,0.999051,0.730353,0.628761,1.0
2011-02,81.870753,6.321021,1.6576550527685,0.978387,0.722857,0.616452,1.0
2011-03,82.783135,6.287675,1.6230027451256,0.970296,0.703878,0.622017,1.0
2011-04,81.204576,5.998654,1.5790040376851,0.948991,0.672948,0.600067,1.0
2011-05,81.487661,6.182273,1.5820646506778,0.972193,0.695169,0.606222,1.0
2011-06,80.433128,6.347402,1.5637583892617,0.965267,0.691898,0.624472,1.0
2011-07,77.552595,6.359677,1.5730014025245,0.950631,0.701262,0.613499,1.0
2011-08,76.50519,6.341869,1.6010380622837,0.978616,0.692042,0.612872,1.0
2011-09,76.864401,6.856254,1.8564022809746,1.044583,0.740576,0.64182,1.0
2011-10,78.008714,6.43454,1.6889507892293,0.994929,0.714235,0.623598,1.0
2011-11,77.507825,6.816217,1.8140557460128,1.019377,0.745268,0.6378,1.0
2011-12,77.440297,6.887704,1.8671458381637,1.021331,0.772857,0.645568,1.0
2012-01,76.37371,6.752201,1.7374772313297,0.996812,0.758956,0.633804,1.0
2012-02,80.279699,6.552704,1.701405936175,0.988024,0.743882,0.627762,1.0
2012-03,82.030548,6.622866,1.821129080563,0.996631,0.748727,0.624364,1.0
2012-04,80.104435,6.749281,1.8858786135916,0.98267,0.756773,0.615219,1.0
2012-05,78.739015,7.236314,2.0104007095058,1.028864,0.806257,0.644925,1.0
2012-06,79.531374,6.96807,2.0482922954726,1.022319,0.794281,0.640826,1.0
2012-07,78.174862,6.804787,2.0446922826441,1.002279,0.814067,0.638188,1.0
2012-08,78.471176,6.610261,2.0461501863453,0.990167,0.792959,0.6306,1.0
2012-09,77.625677,6.535035,2.0287703016241,0.980974,0.773395,0.617208,1.0
2012-10,79.873778,6.618949,2.0310167013007,1.000924,0.769645,0.62068,1.0
2012-11,82.681349,6.670645,2.1092715231788,0.993686,0.77006,0.624365,1.0
2012-12,86.107322,6.504472,2.0491132332879,0.99568,0.75792,0.618539,1.0
2013-01,91.01107,6.370849,1.9846494464945,1.001993,0.738007,0.632472,1.0
2013-02,92.215706,6.43423,1.9705232690989,1.025288,0.761673,0.657323,1.0
2013-03,94.392815,6.525029,2.0072627879734,1.016868,0.780945,0.660367,1.0
2013-04,97.421971,6.534578,2.0070379436965,1.010786,0.764994,0.645884,1.0
2013-05,100.315239,6.599108,2.1270182992465,1.032908,0.768876,0.656351,1.0
2013-06,98.922018,6.710474,2.2094036697248,1.048471,0.764526,0.655352,1.0
2013-07,97.928437,6.563315,2.2847457627119,1.02968,0.753296,0.658004,1.0
2013-08,98.231961,6.611485,2.3514922553835,1.052966,0.755572,0.645221,1.0
2013-09,97.578675,6.410589,2.2514624213254,1.030137,0.740466,0.619067,1.0
2013-10,98.225937,6.454952,2.1964665347115,1.044718,0.733084,0.623268,1.0
2013-11,102.27757,6.544339,2.3206964954816,1.057527,0.7347,0.611821,1.0
2013-12,104.938003,6.423827,2.3621202233341,1.06381,0.725111,0.604525,1.0
2014-01,102.197396,6.548461,2.4288990825688,1.119488,0.739864,0.607687,1.0
2014-02,101.809889,6.408818,2.3253456888438,1.111779,0.723956,0.598168,1.0
2014-03,103.292718,6.489919,2.268349289237,1.104221,0.725268,0.600667,1.0
2014-04,102.577617,6.550397,2.2561732851986,1.096823,0.722022,0.594224,1.0
2014-05,101.682957,6.674726,2.227897405747,1.083633,0.734916,0.59756,1.0
2014-06,101.361839,6.718553,2.1966612974081,1.068165,0.732172,0.586836,1.0
2014-07,102.892593,6.895956,2.2539801180955,1.09201,0.74744,0.59257,1.0
2014-08,103.965726,6.950106,2.2444646648468,1.085381,0.758265,0.603048,1.0
2014-09,109.759199,7.268934,2.4494158785663,1.117222,0.794723,0.617738,1.0
2014-10,111.929096,7.398914,2.4524113701693,1.127435,0.798467,0.626198,1.0
2014-11,118.312906,7.422895,2.5499479291837,1.13971,0.801089,0.637106,1.0
2014-12,119.619471,7.736595,2.6527468907009,1.158307,0.823655,0.641545,1.0
2015-01,117.717824,8.280584,2.6637770897833,1.266962,0.884564,0.664396,1.0
2015-02,119.261566,8.335676,2.898487544484,1.245107,0.88968,0.647509,1.0
2015-03,119.853146,8.634724,3.249186727391,1.276884,0.929454,0.675992,1.0
2015-04,118.823005,8.315738,2.963174320107,1.201962,0.891663,0.647971,1.0
2015-05,123.928897,8.502461,3.1469462169553,1.244303,0.911577,0.655424,1.0
2015-06,122.450621,8.235767,3.1011707927429,1.23684,0.893735,0.635803,1.0
2015-07,124.31841,8.627884,3.3713868879365,1.304824,0.911826,0.642017,1.0
2015-08,121.328578,8.473651,3.6264823896567,1.325279,0.891663,0.648712,1.0
2015-09,120.226725,8.398018,3.9996429527805,1.341962,0.892618,0.659198,1.0
2015-10,120.613597,8.520105,3.8780067168921,1.317509,0.907688,0.651902,1.0
2015-11,123.09292,8.703091,3.848095283108,1.336894,0.945269,0.666226,1.0
2015-12,120.391292,8.440801,3.9604114999541,1.388445,0.918527,0.674153,1.0
2016-01,121.108059,8.560714,4.0562271062271,1.406868,0.915751,0.699725,1.0
2016-02,113.096988,8.561627,3.9854886113152,1.356264,0.918442,0.721712,1.0
2016-03,112.340799,8.10303,3.6165129556434,1.29451,0.878349,0.695257,1.0
2016-04,107.287556,8.040779,3.4848724019995,1.252828,0.876962,0.68425,1.0
2016-05,111.018469,8.329747,3.5727093419401,1.302672,0.896539,0.683029,1.0
2016-06,102.729238,8.488741,3.2334714465862,1.295622,0.900739,0.74446,1.0
2016-07,103.329434,8.609106,3.2824619814632,1.317646,0.899847,0.759471,1.0
2016-08,103.314768,8.548239,3.2353575278476,1.310007,0.898311,0.761822,1.0
2016-09,101.326046,8.620195,3.2443329450766,1.31619,0.895977,0.771463,1.0
2016-10,105.033802,9.012425,3.1825324319386,1.339759,0.913576,0.822675,1.0
2016-11,113.286319,9.171415,3.3961448048895,1.338317,0.940291,0.801598,1.0
2016-12,117.066692,9.062233,3.254435063087,1.345982,0.948677,0.812238,1.0
2017-01,113.379823,8.787076,3.1180846118085,1.306927,0.9298,0.800604,1.0
2017-02,112.13551,9.028499,3.0961592903652,1.319619,0.943663,0.804992,1.0
2017-03,111.823029,8.916098,3.161537742026,1.3343,0.935366,0.800234,1.0
2017-04,111.399817,8.81226,3.176395242452,1.364501,0.914913,0.772855,1.0
2017-05,110.863559,8.694234,3.2514927368327,1.346404,0.891186,0.778585,1.0
2017-06,111.943568,8.447073,3.2947774272695,1.295566,0.876271,0.770531,1.0
2017-07,110.599471,8.137034,3.1349876353714,1.247122,0.852733,0.762514,1.0
2017-08,110.621564,8.018436,3.1636363636364,1.265962,0.845666,0.777784,1.0
2017-09,112.502118,8.172963,3.1877858715907,1.244028,0.847027,0.746891,1.0
2017-10,113.42155,8.370424,3.2702354356419,1.289225,0.859254,0.754881,1.0
2017-11,112.313275,8.37269,3.2633977550848,1.288463,0.843953,0.742552,1.0
2017-12,112.574002,8.207955,3.3126823980655,1.253981,0.83382,0.73979,1.0
2018-01,108.854459,7.838565,3.1603114714618,1.227422,0.802761,0.705708,1.0
2018-02,107.024726,8.262895,3.2434092025544,1.277878,0.818733,0.723882,1.0
2018-03,106.444282,8.346969,3.3226199172145,1.290074,0.811622,0.710088,1.0
2018-04,109.379916,8.692193,3.4714794271049,1.286696,0.827883,0.728206,1.0
2018-05,108.838362,8.777075,3.7290366698008,1.285409,0.854774,0.749466,1.0
2018-06,110.68794,8.966375,3.8493738205524,1.324584,0.85778,0.760036,1.0
2018-07,111.486026,8.739775,3.7336400817996,1.303511,0.852079,0.760225,1.0
2018-08,110.763025,9.115527,4.1705433010042,1.303922,0.858295,0.770234,1.0
2018-09,113.363856,8.905494,4.0199550794748,1.301313,0.863856,0.7665,1.0
2018-10,113.226719,9.190228,3.7058667609118,1.312599,0.883548,0.785236,1.0
2018-11,113.557531,9.084867,3.8597587815829,1.330751,0.880359,0.784118,1.0
2018-12,109.912664,8.956157,3.8812227074236,1.362882,0.873362,0.781249,1.0
2019-01,108.643802,9.029422,3.6595577994429,1.315198,0.870474,0.762343,1.0
2019-02,110.756833,9.183952,3.739313244569,1.317624,0.875964,0.751883,1.0
2019-03,110.769915,9.255007,3.9043168669337,1.335113,0.890076,0.763952,1.0
2019-04,111.365662,9.4803,3.9267249064004,1.343822,0.891424,0.768836,1.0
2019-05,108.752578,9.540848,3.9872657160793,1.355484,0.896781,0.795382,1.0
2019-06,107.732865,9.282337,3.8234622144112,1.308699,0.878735,0.78783,1.0
2019-07,108.546319,9.563716,3.7826203927899,1.31486,0.896781,0.821657,1.0
2019-08,106.270388,9.821946,4.1572127582457,1.328199,0.906125,0.820632,1.0
2019-09,107.989714,9.822573,4.1590596014326,1.324823,0.918358,0.813417,1.0
2019-10,108.239197,9.637619,3.9908552985476,1.315492,0.896539,0.772216,1.0
2019-11,109.661264,9.560645,4.2304680386086,1.330723,0.910581,0.776043,1.0
2019-12,108.545487,9.29927,4.0196724230016,1.299448,0.890155,0.757344,1.0
2020-01,108.894318,9.660514,4.2668295331162,1.323471,0.904814,0.761627,1.0
2020-02,108.736449,9.723786,4.4850141204336,1.344356,0.910996,0.777216,1.0
2020-03,108.525009,10.096112,5.2027199707923,1.425429,0.912742,0.809082,1.0
2020-04,106.53733,9.804983,5.3847922030158,1.386263,0.919456,0.799053,1.0
2020-05,107.121049,9.417205,5.3568606321839,1.372126,0.897989,0.80898,1.0
2020-06,107.751384,9.372031,5.4579389176639,1.368459,0.893017,0.814815,1.0
2020-07,104.920662,8.679524,5.1670324105334,1.34183,0.844024,0.760069,1.0
2020-08,105.921273,8.617085,5.42202680067,1.306616,0.837521,0.750461,1.0
2020-09,105.705501,9.029125,5.6634779637854,1.338914,0.854117,0.779254,1.0
2020-10,104.599077,8.860489,5.7793639938451,1.3298,0.854847,0.77114,1.0
2020-11,104.165275,8.495659,5.3020868113523,1.295159,0.834725,0.749958,1.0
2020-12,103.080434,8.177247,5.1939532230462,1.273979,0.81493,0.732646,1.0
2021-01,104.68853,8.331411,5.4851680949242,1.27884,0.823995,0.728271,1.0
2021-02,106.28661,8.364656,5.4982262189588,1.26483,0.825014,0.7182,1.0
2021-03,110.797441,8.732026,5.7491684434968,1.260725,0.852878,0.726729,1.0
2021-04,108.938917,8.412514,5.3465485846714,1.227777,0.827678,0.718946,1.0
2021-05,109.654946,8.295222,5.2346528973035,1.207032,0.819605,0.704967,1.0
2021-06,110.594076,8.508078,4.9688657017839,1.238808,0.841468,0.722021,1.0
2021-07,109.65436,8.566815,5.1060465898579,1.243882,0.840972,0.716004,1.0
2021-08,109.810715,8.587544,5.1872570559405,1.258746,0.845023,0.725663,1.0
2021-09,111.987218,8.781674,5.4090163226531,1.273858,0.863632,0.743182,1.0
2021-10,113.885788,8.533104,5.6417346500644,1.235122,0.858738,0.725547,1.0
2021-11,112.822318,9.052187,5.6113702367333,1.277656,0.880049,0.749564,1.0
2021-12,115.115663,9.050238,5.5713402790041,1.270793,0.882924,0.741904,1.0
2022-01,115.444604,9.402115,5.3809609178917,1.275816,0.896379,0.745366,1.0
2022-02,115.465667,9.470042,5.1636753281543,1.273685,0.892937,0.746049,1.0
2022-03,121.763805,9.311774,4.7751553914062,1.251779,0.90082,0.762048,1.0
2022-04,129.990512,9.768311,4.896394686907,1.273814,0.948767,0.796091,1.0
2022-05,128.218053,9.806123,4.7573042098385,1.266965,0.933445,0.794717,1.0
2022-06,136.266487,10.33022,5.2208529893136,1.292481,0.962742,0.826225,1.0
2022-07,133.771328,10.185821,5.171504216513,1.284566,0.980584,0.823593,1.0
2022-08,138.72,10.6788,5.1482,1.3111,1.0,0.86035,1.0
2022-09,144.655314,11.181063,5.394337299959,1.374744,1.025851,0.905827,1.0
2022-10,148.678636,10.995562,5.3151099455316,1.367057,1.008675,0.86862,1.0
2022-11,139.051658,10.538261,5.306765612953,1.351291,0.963763,0.833539,1.0
2022-12,131.876992,10.427339,5.2865179073692,1.353835,0.937559,0.831549,1.0
2023-01,130.407089,10.475399,5.1115111234192,1.344964,0.923105,0.813007,1.0
2023-02,136.76429,10.432244,5.2057632545437,1.357096,0.941708,0.825888,1.0
2023-03,133.177011,10.372874,5.072,1.355126,0.91954,0.80846,1.0
2023-04,136.00765,10.337401,4.9969948092159,1.364266,0.910664,0.80184,1.0
2023-05,139.595619,10.884396,5.0817186183656,1.364972,0.936067,0.808808,1.0
2023-06,144.63464,10.864624,4.8580894533407,1.326615,0.920302,0.789877,1.0
2023-07,142.184523,10.513925,4.7202213553479,1.321419,0.907194,0.778055,1.0
2023-08,145.8318,10.897129,4.8842473316158,1.354527,0.920132,0.788719,1.0
2023-09,149.235416,10.885879,5.0089673400038,1.34293,0.943931,0.816103,1.0
2023-10,150.955834,11.138054,5.061022695169,1.385441,0.941708,0.822733,1.0
2023-11,147.461348,10.457232,4.9386149483121,1.360351,0.914829,0.79012,1.0
2023-12,141.475113,10.041629,4.8523076923077,1.325068,0.904977,0.786471,1.0
2024-01,147.817662,10.397896,4.9597674633201,1.343361,0.922765,0.788364,1.0
2024-02,150.129318,10.35932,4.9929798632921,1.359597,0.923702,0.791197,1.0
2024-03,151.188604,10.660438,4.9978725372306,1.357136,0.924984,0.790954,1.0
2024-04,156.997574,10.965665,5.1248367232693,1.368912,0.93301,0.797518,1.0
2024-05,157.132326,10.524327,5.1988573534832,1.364173,0.921489,0.786629,1.0
2024-06,160.616534,10.611397,5.5035030359645,1.370388,0.934143,0.79064,1.0
2024-07,150.314001,10.724511,5.621906169191,1.383173,0.923532,0.779276,1.0
2024-08,145.386489,10.224136,5.6061152701362,1.347614,0.901957,0.758726,1.0
2024-09,142.74741,10.09289,5.4040728831726,1.351643,0.893176,0.746186,1.0
2024-10,152.821173,10.688109,5.7558353243889,1.390737,0.918949,0.769647,1.0
2024-11,150.198826,10.905132,6.0936375686423,1.400871,0.94679,0.787777,1.0
2024-12,156.954471,11.029936,6.1847146019829,1.43883,0.962557,0.798133,1.0
2025-01,154.902338,11.040123,5.8382565188107,1.446647,0.962186,0.804465,1.0
2025-02,150.763615,10.746326,5.831524349246,1.442609,0.960523,0.793468,1.0
2025-03,149.422099,10.031438,5.7796578825705,1.436246,0.924642,0.772409,1.0
2025-04,143.040535,9.646971,5.6132067176646,1.382924,0.879275,0.748967,1.0
2025-05,143.716377,9.58947,5.6799541405768,1.380721,0.881912,0.741864,1.0
2025-06,144.343003,9.510666,5.4935153583618,1.367491,0.853242,0.729949,1.0
2025-07,149.851476,9.747947,5.5826489603355,1.383715,0.873668,0.755635,1.0
2025-08,147.297993,9.482759,5.4257162463544,1.375107,0.85778,0.743524,1.0
2025-09,147.994208,9.417,5.317434630781,1.392215,0.851716,0.743889,1.0
2025-10,154.18037,9.4556,5.3809070451792,1.402718,0.865501,0.763026,1.0
2025-11,156.12139,9.484264,5.3390973543144,1.401522,0.864603,0.756701,1.0
2025-12,156.67234,9.209787,5.4777872340426,1.369191,0.851064,0.742638,1.0
2026-01,154.031378,8.826663,5.2213272925581,1.352462,0.838997,0.726739,1.0
2026-02,155.976281,9.033715,5.1556120288014,1.367133,0.847099,0.742313,1.0
2026-03,159.497304,9.517307,5.2239519916507,1.39346,0.869716,0.755201,1.0
2026-04,156.562981,9.276619,4.9813707058622,1.366775,0.854555,0.740258,1.0
2026-05,159.266575,9.251116,5.0452593610443,1.380453,0.858811,0.744787,1.0
2026-06,162.43637,9.736265,5.1784272424083,1.423556,0.877655,0.756345,1.0
2026-07,160.235089,9.565085,5.0583369612538,1.404092,0.870701,0.745085,1.0
2026-08,159.727492,9.58089,5.1717833735771,1.388582,0.862366,0.7386,1.0
