month,BRL,CAD,GBP,JPY,EUR,USD,SEK
1994-01,8862.72,3.88,5.375,2.28125,,3.0,7.5
1994-02,11521.55,4.1,5.125,2.21875,,3.25,7.25
1994-03,14440.99,5.64,5.125,4.5,,3.5,7.25
1994-04,10788.79,6.07,5.125,2.21875,,3.75,7.25
1994-05,9125.33,6.59,5.125,2.09375,,4.25,7.0
1994-06,15405.6,5.69,5.125,2.09375,,4.25,6.92
1994-07,70.8,5.38,5.125,2.125,,4.25,6.92
1994-08,55.5,5.38,5.125,2.15625,,4.75,7.2
1994-09,57.33,5.0,5.625,2.375,,4.75,7.2
1994-10,64.76,4.94,5.625,2.28125,,4.75,7.2
1994-11,65.45,5.44,5.625,2.28125,,5.5,7.4
1994-12,49.86,5.69,6.125,2.28125,,5.5,7.6
1995-01,46.14,7.25,6.125,2.25,,5.5,7.6
1995-02,56.28,8.12,6.625,2.21875,,6.0,7.83
1995-03,65.73,8.06,6.625,1.75,,6.0,8.2
1995-04,85.43,7.97,6.625,1.3125,,6.0,8.41
1995-05,60.94,7.59,6.625,1.32,,6.0,8.41
1995-06,60.8,7.19,6.625,1.27,,6.0,8.66
1995-07,60.4,6.56,6.625,0.84,,5.75,8.91
1995-08,50.87,6.25,6.625,0.86,,5.75,8.91
1995-09,50.37,6.19,6.625,0.53,,5.75,8.91
1995-10,42.99,6.19,6.625,0.47,,5.75,8.91
1995-11,41.91,5.94,6.625,0.47,,5.75,8.91
1995-12,40.25,5.78,6.375,0.46,,5.5,8.91
1996-01,33.93,5.56,6.125,0.49,,5.25,8.45
1996-02,34.38,5.19,6.125,0.46,,5.25,8.05
1996-03,29.84,5.0,5.9375,0.49,,5.25,7.4
1996-04,25.97,4.75,5.9375,0.5,,5.25,6.9
1996-05,28.75,4.75,5.9375,0.49,,5.25,6.5
1996-06,24.4,4.75,5.6875,0.47,,5.25,6.1
1996-07,22.9,4.5,5.6875,0.5,,5.25,5.55
1996-08,24.06,4.0,5.6875,0.47,,5.25,5.25
1996-09,25.05,4.0,5.6875,0.52,,5.25,5.05
1996-10,22.95,3.25,5.9375,0.49,,5.25,4.6
1996-11,24.9,3.0,5.9375,0.48,,5.25,4.35
1996-12,23.0,3.0,5.9375,0.44,,5.25,4.1
1997-01,21.3,3.0,5.9375,0.48,,5.25,4.1
1997-02,25.92,3.0,5.9375,0.47,,5.25,4.1
1997-03,23.76,3.0,5.9375,0.72,,5.5,4.1
1997-04,20.7,3.0,5.9375,0.53,,5.5,4.1
1997-05,21.84,3.0,6.25,0.5,,5.5,4.1
1997-06,20.7,3.25,6.5,0.52,,5.5,4.1
1997-07,18.74,3.25,6.75,0.5,,5.5,4.1
1997-08,20.7,3.25,7.0,0.51,,5.5,4.1
1997-09,19.67,3.25,7.0,0.65,,5.5,4.1
1997-10,38.98,3.5,7.0,0.48,,5.5,4.1
1997-11,46.02,3.75,7.25,0.39,,5.5,4.1
1997-12,38.74,4.25,7.25,0.47,,5.5,4.35
1998-01,34.5,4.75,7.25,0.48,,5.5,4.35
1998-02,34.5,4.75,7.25,0.47,,5.5,4.35
1998-03,28.0,4.75,7.25,0.7,,5.5,4.35
1998-04,23.25,4.75,7.25,0.46,,5.5,4.35
1998-05,21.75,4.75,7.25,0.47,,5.5,4.35
1998-06,21.0,4.75,7.5,0.34,,5.5,4.1
1998-07,19.75,4.75,7.5,0.46,,5.5,4.1
1998-08,19.75,5.75,7.5,0.45,,5.5,4.1
1998-09,19.0,5.5,7.5,0.47,,5.25,4.1
1998-10,19.0,5.25,7.25,0.33,,5.0,4.1
1998-11,19.0,5.0,6.75,0.3,,4.75,3.6
1998-12,29.0,5.0,6.25,0.32,,4.75,3.4
1999-01,25.0,5.0,6.0,0.24,2.0,4.75,3.4
1999-02,25.0,5.0,5.5,0.1,2.0,4.75,3.15
1999-03,42.0,4.75,5.5,0.05,2.0,4.75,2.9
1999-04,32.0,4.75,5.25,0.03,1.5,4.75,2.9
1999-05,23.5,4.5,5.25,0.03,1.5,4.75,2.9
1999-06,21.0,4.5,5.0,0.03,1.5,5.0,2.9
1999-07,19.5,4.5,5.0,0.03,1.5,5.0,2.9
1999-08,19.5,4.5,5.0,0.03,1.5,5.25,2.9
1999-09,19.0,4.5,5.25,0.05,1.5,5.25,2.9
1999-10,19.0,4.5,5.25,0.02,1.5,5.25,2.9
1999-11,19.0,4.75,5.5,0.02,2.0,5.5,3.25
1999-12,19.0,4.75,5.5,0.05,2.0,5.5,3.25
2000-01,19.0,4.75,5.75,0.02,2.0,5.5,3.25
2000-02,19.0,5.0,6.0,0.05,2.25,5.75,3.75
2000-03,18.5,5.25,6.0,0.04,2.5,6.0,3.75
2000-04,18.5,5.25,6.0,0.02,2.75,6.0,3.75
2000-05,18.5,5.75,6.0,0.03,2.75,6.5,3.75
2000-06,17.5,5.75,6.0,0.03,3.25,6.5,3.75
2000-07,16.5,5.75,6.0,0.02,3.25,6.5,3.75
2000-08,16.5,5.75,6.0,0.25,3.25,6.5,3.75
2000-09,16.5,5.75,6.0,0.28,3.5,6.5,3.75
2000-10,16.5,5.75,6.0,0.25,3.75,6.5,3.75
2000-11,16.5,5.75,6.0,0.26,3.75,6.5,3.75
2000-12,15.75,5.75,6.0,0.2,3.75,6.5,4.0
2001-01,15.25,5.5,6.0,0.25,3.75,5.5,4.0
2001-02,15.25,5.5,5.75,0.26,3.75,5.5,4.0
2001-03,15.75,5.0,5.75,0.12,3.75,5.0,4.0
2001-04,16.25,4.75,5.5,0.02,3.75,4.5,4.0
2001-05,16.75,4.5,5.25,0.03,3.5,4.0,4.0
2001-06,18.25,4.5,5.25,0.06,3.5,3.75,4.0
2001-07,19.0,4.25,5.25,0.02,3.5,3.75,4.25
2001-08,19.0,4.0,5.0,0.01,3.25,3.5,4.25
2001-09,19.0,3.5,4.75,0.003,2.75,3.0,3.75
2001-10,19.0,2.75,4.5,0.003,2.75,2.5,3.75
2001-11,19.0,2.25,4.0,0.003,2.25,2.0,3.75
2001-12,19.0,2.25,4.0,0.002,2.25,1.75,3.75
2002-01,19.0,2.0,4.0,0.001,2.25,1.75,3.75
2002-02,18.75,2.0,4.0,0.001,2.25,1.75,3.75
2002-03,18.5,2.0,4.0,0.012,2.25,1.75,4.0
2002-04,18.5,2.25,4.0,0.002,2.25,1.75,4.0
2002-05,18.5,2.25,4.0,0.002,2.25,1.75,4.25
2002-06,18.5,2.5,4.0,0.002,2.25,1.75,4.25
2002-07,18.0,2.75,4.0,0.001,2.25,1.75,4.25
2002-08,18.0,2.75,4.0,0.002,2.25,1.75,4.25
2002-09,18.0,2.75,4.0,0.067,2.25,1.75,4.25
2002-10,21.0,2.75,4.0,0.002,2.25,1.75,4.25
2002-11,22.0,2.75,4.0,0.002,2.25,1.25,4.0
2002-12,25.0,2.75,4.0,0.002,1.75,1.25,3.75
2003-01,25.5,2.75,4.0,0.001,1.75,1.25,3.75
2003-02,26.5,2.75,3.75,0.001,1.75,1.25,3.75
2003-03,26.5,3.0,3.75,0.021,1.5,1.25,3.5
2003-04,26.5,3.25,3.75,0.002,1.5,1.25,3.5
2003-05,26.5,3.25,3.75,0.002,1.5,1.25,3.5
2003-06,26.0,3.25,3.75,0.001,1.0,1.0,3.0
2003-07,24.5,3.0,3.5,0.002,1.0,1.0,2.75
2003-08,22.0,3.0,3.5,0.001,1.0,1.0,2.75
2003-09,20.0,2.75,3.5,0.013,1.0,1.0,2.75
2003-10,19.0,2.75,3.5,0.002,1.0,1.0,2.75
2003-11,17.5,2.75,3.75,0.001,1.0,1.0,2.75
2003-12,16.5,2.75,3.75,0.001,1.0,1.0,2.75
2004-01,16.5,2.5,3.75,0.001,1.0,1.0,2.75
2004-02,16.5,2.5,4.0,0.001,1.0,1.0,2.5
2004-03,16.25,2.25,4.0,0.005,1.0,1.0,2.5
2004-04,16.0,2.0,4.0,0.001,1.0,1.0,2.0
2004-05,16.0,2.0,4.25,0.002,1.0,1.0,2.0
2004-06,16.0,2.0,4.5,0.002,1.0,1.25,2.0
2004-07,16.0,2.0,4.5,0.001,1.0,1.25,2.0
2004-08,16.0,2.0,4.75,0.001,1.0,1.5,2.0
2004-09,16.25,2.25,4.75,0.005,1.0,1.75,2.0
2004-10,16.75,2.5,4.75,0.002,1.0,1.75,2.0
2004-11,17.25,2.5,4.75,0.001,1.0,2.0,2.0
2004-12,17.75,2.5,4.75,0.002,1.0,2.25,2.0
2005-01,18.25,2.5,4.75,0.001,1.0,2.25,2.0
2005-02,18.75,2.5,4.75,0.001,1.0,2.5,2.0
2005-03,19.25,2.5,4.75,0.022,1.0,2.75,2.0
2005-04,19.5,2.5,4.75,0.001,1.0,2.75,2.0
2005-05,19.75,2.5,4.75,0.002,1.0,3.0,2.0
2005-06,19.75,2.5,4.75,0.001,1.0,3.25,1.5
2005-07,19.75,2.5,4.75,0.001,1.0,3.25,1.5
2005-08,19.75,2.5,4.5,0.001,1.0,3.5,1.5
2005-09,19.5,2.75,4.5,0.004,1.0,3.75,1.5
2005-10,19.0,3.0,4.5,0.0,1.0,3.75,1.5
2005-11,18.5,3.0,4.5,0.001,1.0,4.0,1.5
2005-12,18.0,3.25,4.5,0.004,1.25,4.25,1.5
2006-01,17.25,3.5,4.5,0.001,1.25,4.5,1.75
2006-02,17.25,3.5,4.5,0.002,1.25,4.5,1.75
2006-03,16.5,3.75,4.5,0.004,1.5,4.75,2.0
2006-04,15.75,4.0,4.5,0.006,1.5,4.75,2.0
2006-05,15.75,4.25,4.5,0.021,1.5,5.0,2.0
2006-06,15.25,4.25,4.5,0.027,1.75,5.25,2.25
2006-07,14.75,4.25,4.5,0.267,1.75,5.25,2.25
2006-08,14.25,4.25,4.75,0.266,2.0,5.25,2.25
2006-09,14.25,4.25,4.75,0.339,2.0,5.25,2.5
2006-10,13.75,4.25,4.75,0.256,2.25,5.25,2.5
2006-11,13.25,4.25,5.0,0.271,2.25,5.25,2.75
2006-12,13.25,4.25,5.0,0.275,2.5,5.25,3.0
2007-01,13.0,4.25,5.25,0.282,2.5,5.25,3.0
2007-02,13.0,4.25,5.25,0.589,2.5,5.25,3.25
2007-03,12.75,4.25,5.25,0.715,2.75,5.25,3.25
2007-04,12.5,4.25,5.25,0.539,2.75,5.25,3.25
2007-05,12.5,4.25,5.5,0.544,2.75,5.25,3.25
2007-06,12.0,4.25,5.5,0.605,3.0,5.25,3.5
2007-07,11.5,4.5,5.75,0.516,3.0,5.25,3.5
2007-08,11.5,4.5,5.75,0.498,3.0,5.25,3.5
2007-09,11.25,4.5,5.75,0.675,3.0,4.75,3.75
2007-10,11.25,4.5,5.75,0.524,3.0,4.5,4.0
2007-11,11.25,4.5,5.75,0.52,3.0,4.5,4.0
2007-12,11.25,4.25,5.5,0.459,3.0,4.25,4.0
2008-01,11.25,4.0,5.5,0.508,3.0,3.0,4.0
2008-02,11.25,4.0,5.25,0.512,3.0,3.0,4.25
2008-03,11.25,3.5,5.25,0.641,3.0,2.25,4.25
2008-04,11.75,3.0,5.0,0.522,3.0,2.0,4.25
2008-05,11.75,3.0,5.0,0.527,3.0,2.0,4.25
2008-06,12.25,3.0,5.0,0.572,3.0,2.0,4.25
2008-07,13.0,3.0,5.0,0.519,3.25,2.0,4.5
2008-08,13.0,3.0,5.0,0.516,3.25,2.0,4.5
2008-09,13.75,3.0,5.0,0.544,3.25,2.0,4.75
2008-10,13.75,2.25,4.5,0.384,3.25,1.0,3.75
2008-11,13.75,2.25,3.0,0.318,2.75,1.0,3.75
2008-12,13.75,1.5,2.0,0.103,2.0,0.125,2.0
2009-01,12.75,1.0,1.5,0.128,1.0,0.125,2.0
2009-02,12.75,1.0,1.0,0.109,1.0,0.125,1.0
2009-03,11.25,0.5,0.5,0.088,0.5,0.125,1.0
2009-04,10.25,0.25,0.5,0.113,0.25,0.125,0.5
2009-05,10.25,0.25,0.5,0.099,0.25,0.125,0.5
2009-06,9.25,0.25,0.5,0.11,0.25,0.125,0.5
2009-07,8.75,0.25,0.5,0.105,0.25,0.125,0.25
2009-08,8.75,0.25,0.5,0.11,0.25,0.125,0.25
2009-09,8.75,0.25,0.5,0.103,0.25,0.125,0.25
2009-10,8.75,0.25,0.5,0.112,0.25,0.125,0.25
2009-11,8.75,0.25,0.5,0.113,0.25,0.125,0.25
2009-12,8.75,0.25,0.5,0.094,0.25,0.125,0.25
2010-01,8.75,0.25,0.5,0.095,0.25,0.125,0.25
2010-02,8.75,0.25,0.5,0.097,0.25,0.125,0.25
2010-03,8.75,0.25,0.5,0.082,0.25,0.125,0.25
2010-04,9.5,0.25,0.5,0.096,0.25,0.125,0.25
2010-05,9.5,0.25,0.5,0.089,0.25,0.125,0.25
2010-06,10.25,0.5,0.5,0.096,0.25,0.125,0.25
2010-07,10.75,0.75,0.5,0.098,0.25,0.125,0.5
2010-08,10.75,0.75,0.5,0.095,0.25,0.125,0.5
2010-09,10.75,1.0,0.5,0.113,0.25,0.125,0.75
2010-10,10.75,1.0,0.5,0.093,0.25,0.125,1.0
2010-11,10.75,1.0,0.5,0.09,0.25,0.125,1.0
2010-12,10.75,1.0,0.5,0.079,0.25,0.125,1.25
2011-01,11.25,1.0,0.5,0.087,0.25,0.125,1.25
2011-02,11.25,1.0,0.5,0.091,0.25,0.125,1.5
2011-03,11.75,1.0,0.5,0.062,0.25,0.125,1.5
2011-04,12.0,1.0,0.5,0.064,0.5,0.125,1.75
2011-05,12.0,1.0,0.5,0.067,0.5,0.125,1.75
2011-06,12.25,1.0,0.5,0.067,0.5,0.125,1.75
2011-07,12.5,1.0,0.5,0.078,0.75,0.125,2.0
2011-08,12.5,1.0,0.5,0.075,0.75,0.125,2.0
2011-09,12.0,1.0,0.5,0.075,0.75,0.125,2.0
2011-10,11.5,1.0,0.5,0.081,0.75,0.125,2.0
2011-11,11.5,1.0,0.5,0.081,0.5,0.125,2.0
2011-12,11.0,1.0,0.5,0.075,0.25,0.125,1.75
2012-01,10.5,1.0,0.5,0.075,0.25,0.125,1.75
2012-02,10.5,1.0,0.5,0.081,0.25,0.125,1.5
2012-03,9.75,1.0,0.5,0.076,0.25,0.125,1.5
2012-04,9.0,1.0,0.5,0.08,0.25,0.125,1.5
2012-05,8.5,1.0,0.5,0.095,0.25,0.125,1.5
2012-06,8.5,1.0,0.5,0.076,0.25,0.125,1.5
2012-07,8.0,1.0,0.5,0.09,0.0,0.125,1.5
2012-08,7.5,1.0,0.5,0.093,0.0,0.125,1.5
2012-09,7.5,1.0,0.5,0.078,0.0,0.125,1.25
2012-10,7.25,1.0,0.5,0.089,0.0,0.125,1.25
2012-11,7.25,1.0,0.5,0.091,0.0,0.125,1.25
2012-12,7.25,1.0,0.5,0.076,0.0,0.125,1.0
2013-01,7.25,1.0,0.5,0.082,0.0,0.125,1.0
2013-02,7.25,1.0,0.5,0.083,0.0,0.125,1.0
2013-03,7.25,1.0,0.5,0.058,0.0,0.125,1.0
2013-04,7.5,1.0,0.5,0.071,0.0,0.125,1.0
2013-05,8.0,1.0,0.5,0.073,0.0,0.125,1.0
2013-06,8.0,1.0,0.5,0.07,0.0,0.125,1.0
2013-07,8.5,1.0,0.5,0.073,0.0,0.125,1.0
2013-08,9.0,1.0,0.5,0.072,0.0,0.125,1.0
2013-09,9.0,1.0,0.5,0.062,0.0,0.125,1.0
2013-10,9.5,1.0,0.5,0.072,0.0,0.125,1.0
2013-11,10.0,1.0,0.5,0.071,0.0,0.125,1.0
2013-12,10.0,1.0,0.5,0.068,0.0,0.125,0.75
2014-01,10.5,1.0,0.5,0.071,0.0,0.125,0.75
2014-02,10.75,1.0,0.5,0.072,0.0,0.125,0.75
2014-03,10.75,1.0,0.5,0.044,0.0,0.125,0.75
2014-04,11.0,1.0,0.5,0.065,0.0,0.125,0.75
2014-05,11.0,1.0,0.5,0.069,0.0,0.125,0.75
2014-06,11.0,1.0,0.5,0.058,-0.1,0.125,0.75
2014-07,11.0,1.0,0.5,0.065,-0.1,0.125,0.25
2014-08,11.0,1.0,0.5,0.07,-0.1,0.125,0.25
2014-09,11.0,1.0,0.5,0.029,-0.2,0.125,0.25
2014-10,11.25,1.0,0.5,0.06,-0.2,0.125,0.0
2014-11,11.25,1.0,0.5,0.067,-0.2,0.125,0.0
2014-12,11.75,1.0,0.5,0.066,-0.2,0.125,0.0
2015-01,12.25,0.75,0.5,0.071,-0.2,0.125,0.0
2015-02,12.25,0.75,0.5,0.074,-0.2,0.125,-0.1
2015-03,12.75,0.75,0.5,0.015,-0.2,0.125,-0.25
2015-04,13.25,0.75,0.5,0.063,-0.2,0.125,-0.25
2015-05,13.25,0.75,0.5,0.073,-0.2,0.125,-0.25
2015-06,13.75,0.75,0.5,0.011,-0.2,0.125,-0.25
2015-07,14.25,0.5,0.5,0.064,-0.2,0.125,-0.35
2015-08,14.25,0.5,0.5,0.071,-0.2,0.125,-0.35
2015-09,14.25,0.5,0.5,0.01,-0.2,0.125,-0.35
2015-10,14.25,0.5,0.5,0.074,-0.2,0.125,-0.35
2015-11,14.25,0.5,0.5,0.076,-0.2,0.125,-0.35
2015-12,14.25,0.5,0.5,0.038,-0.3,0.375,-0.35
2016-01,14.25,0.5,0.5,0.066,-0.3,0.375,-0.35
2016-02,14.25,0.5,0.5,-0.001,-0.3,0.375,-0.5
2016-03,14.25,0.5,0.5,-0.002,-0.4,0.375,-0.5
2016-04,14.25,0.5,0.5,-0.056,-0.4,0.375,-0.5
2016-05,14.25,0.5,0.5,-0.054,-0.4,0.375,-0.5
2016-06,14.25,0.5,0.5,-0.064,-0.4,0.375,-0.5
2016-07,14.25,0.5,0.5,-0.046,-0.4,0.375,-0.5
2016-08,14.25,0.5,0.25,-0.048,-0.4,0.375,-0.5
2016-09,14.25,0.5,0.25,-0.06,-0.4,0.375,-0.5
2016-10,14.0,0.5,0.25,-0.047,-0.4,0.375,-0.5
2016-11,14.0,0.5,0.25,-0.054,-0.4,0.375,-0.5
2016-12,13.75,0.5,0.25,-0.058,-0.4,0.625,-0.5
2017-01,13.0,0.5,0.25,-0.058,-0.4,0.625,-0.5
2017-02,12.25,0.5,0.25,-0.048,-0.4,0.625,-0.5
2017-03,12.25,0.5,0.25,-0.06,-0.4,0.875,-0.5
2017-04,11.25,0.5,0.25,-0.074,-0.4,0.875,-0.5
2017-05,11.25,0.5,0.25,-0.065,-0.4,0.875,-0.5
2017-06,10.25,0.5,0.25,-0.069,-0.4,1.125,-0.5
2017-07,9.25,0.75,0.25,-0.064,-0.4,1.125,-0.5
2017-08,9.25,0.75,0.25,-0.066,-0.4,1.125,-0.5
2017-09,8.25,1.0,0.25,-0.063,-0.4,1.125,-0.5
2017-10,7.5,1.0,0.25,-0.046,-0.4,1.125,-0.5
2017-11,7.5,1.0,0.5,-0.055,-0.4,1.125,-0.5
2017-12,7.0,1.0,0.5,-0.062,-0.4,1.375,-0.5
2018-01,7.0,1.25,0.5,-0.05,-0.4,1.375,-0.5
2018-02,6.75,1.25,0.5,-0.053,-0.4,1.375,-0.5
2018-03,6.5,1.25,0.5,-0.068,-0.4,1.625,-0.5
2018-04,6.5,1.25,0.5,-0.067,-0.4,1.625,-0.5
2018-05,6.5,1.25,0.5,-0.065,-0.4,1.625,-0.5
2018-06,6.5,1.25,0.5,-0.069,-0.4,1.875,-0.5
2018-07,6.5,1.5,0.5,-0.065,-0.4,1.875,-0.5
2018-08,6.5,1.5,0.75,-0.055,-0.4,1.875,-0.5
2018-09,6.5,1.5,0.75,-0.064,-0.4,2.125,-0.5
2018-10,6.5,1.75,0.75,-0.068,-0.4,2.125,-0.5
2018-11,6.5,1.75,0.75,-0.062,-0.4,2.125,-0.5
2018-12,6.5,1.75,0.75,-0.055,-0.4,2.375,-0.5
2019-01,6.5,1.75,0.75,-0.06,-0.4,2.375,-0.25
2019-02,6.5,1.75,0.75,-0.054,-0.4,2.375,-0.25
2019-03,6.5,1.75,0.75,-0.06,-0.4,2.375,-0.25
2019-04,6.5,1.75,0.75,-0.073,-0.4,2.375,-0.25
2019-05,6.5,1.75,0.75,-0.059,-0.4,2.375,-0.25
2019-06,6.5,1.75,0.75,-0.076,-0.4,2.375,-0.25
2019-07,6.5,1.75,0.75,-0.071,-0.4,2.375,-0.25
2019-08,6.0,1.75,0.75,-0.061,-0.4,2.125,-0.25
2019-09,5.5,1.75,0.75,-0.064,-0.5,1.875,-0.25
2019-10,5.0,1.75,0.75,-0.03,-0.5,1.625,-0.25
2019-11,5.0,1.75,0.75,-0.034,-0.5,1.625,-0.25
2019-12,4.5,1.75,0.75,-0.068,-0.5,1.625,-0.25
2020-01,4.5,1.75,0.75,-0.039,-0.5,1.625,0.0
2020-02,4.25,1.75,0.75,-0.025,-0.5,1.625,0.0
2020-03,3.75,0.25,0.1,-0.07,-0.5,0.125,0.0
2020-04,3.75,0.25,0.1,-0.06,-0.5,0.125,0.0
2020-05,3.0,0.25,0.1,-0.073,-0.5,0.125,0.0
2020-06,2.25,0.25,0.1,-0.068,-0.5,0.125,0.0
2020-07,2.25,0.25,0.1,-0.021,-0.5,0.125,0.0
2020-08,2.0,0.25,0.1,-0.057,-0.5,0.125,0.0
2020-09,2.0,0.25,0.1,-0.061,-0.5,0.125,0.0
2020-10,2.0,0.25,0.1,-0.029,-0.5,0.125,0.0
2020-11,2.0,0.25,0.1,-0.032,-0.5,0.125,0.0
2020-12,2.0,0.25,0.1,-0.033,-0.5,0.125,0.0
2021-01,2.0,0.25,0.1,-0.012,-0.5,0.125,0.0
2021-02,2.0,0.25,0.1,-0.022,-0.5,0.125,0.0
2021-03,2.75,0.25,0.1,-0.044,-0.5,0.125,0.0
2021-04,2.75,0.25,0.1,-0.017,-0.5,0.125,0.0
2021-05,3.5,0.25,0.1,-0.034,-0.5,0.125,0.0
2021-06,4.25,0.25,0.1,-0.05,-0.5,0.125,0.0
2021-07,4.25,0.25,0.1,-0.044,-0.5,0.125,0.0
2021-08,5.25,0.25,0.1,-0.036,-0.5,0.125,0.0
2021-09,6.25,0.25,0.1,-0.049,-0.5,0.125,0.0
2021-10,7.75,0.25,0.1,-0.027,-0.5,0.125,0.0
2021-11,7.75,0.25,0.1,-0.048,-0.5,0.125,0.0
2021-12,9.25,0.25,0.25,-0.018,-0.5,0.125,0.0
2022-01,9.25,0.25,0.25,-0.021,-0.5,0.125,0.0
2022-02,10.75,0.25,0.5,-0.012,-0.5,0.125,0.0
2022-03,11.75,0.5,0.75,-0.02,-0.5,0.375,0.0
2022-04,11.75,1.0,0.75,-0.021,-0.5,0.375,0.0
2022-05,12.75,1.0,1.0,-0.026,-0.5,0.875,0.25
2022-06,13.25,1.5,1.25,-0.04,-0.5,1.625,0.25
2022-07,13.25,2.5,1.25,-0.01,0.0,2.375,0.75
2022-08,13.75,2.5,1.75,-0.041,0.0,2.375,0.75
2022-09,13.75,3.25,2.25,-0.073,0.75,3.125,1.75
2022-10,13.75,3.75,2.25,-0.062,0.75,3.125,1.75
2022-11,13.75,3.75,3.0,-0.079,1.5,3.875,2.5
2022-12,13.75,4.25,3.5,-0.022,2.0,4.375,2.5
2023-01,13.75,4.5,3.5,-0.014,2.0,4.375,2.5
2023-02,13.75,4.5,4.0,-0.011,2.5,4.625,3.0
2023-03,13.75,4.5,4.25,-0.03,3.0,4.875,3.0
2023-04,13.75,4.5,4.25,-0.073,3.0,4.875,3.0
2023-05,13.75,4.5,4.5,-0.071,3.25,5.125,3.5
2023-06,13.75,4.75,5.0,-0.077,3.5,5.125,3.5
2023-07,13.75,5.0,5.0,-0.061,3.5,5.375,3.75
2023-08,13.25,5.0,5.25,-0.056,3.75,5.375,3.75
2023-09,12.75,5.0,5.25,-0.062,4.0,5.375,4.0
2023-10,12.75,5.0,5.25,-0.02,4.0,5.375,4.0
2023-11,12.25,5.0,5.25,-0.022,4.0,5.375,4.0
2023-12,11.75,5.0,5.25,-0.039,4.0,5.375,4.0
2024-01,11.75,5.0,5.25,-0.011,4.0,5.375,4.0
2024-02,11.25,5.0,5.25,-0.005,4.0,5.375,4.0
2024-03,10.75,5.0,5.25,0.074,4.0,5.375,4.0
2024-04,10.75,5.0,5.25,0.076,4.0,5.375,4.0
2024-05,10.5,5.0,5.25,0.077,4.0,5.375,3.75
2024-06,10.5,4.75,5.25,0.076,3.75,5.375,3.75
2024-07,10.5,4.5,5.25,0.079,3.75,5.375,3.75
2024-08,10.5,4.5,5.0,0.227,3.75,5.375,3.5
2024-09,10.75,4.25,5.0,0.225,3.5,4.875,3.5
2024-10,10.75,3.75,5.0,0.227,3.25,4.875,3.25
2024-11,11.25,3.75,4.75,0.227,3.25,4.625,2.75
2024-12,12.25,3.25,4.75,0.227,3.0,4.375,2.75
2025-01,13.25,3.0,4.75,0.477,3.0,4.375,2.5
2025-02,13.25,3.0,4.5,0.477,2.75,4.375,2.25
2025-03,14.25,2.75,4.5,0.476,2.5,4.375,2.25
2025-04,14.25,2.75,4.5,0.476,2.25,4.375,2.25
2025-05,14.75,2.75,4.25,0.476,2.25,4.375,2.25
2025-06,15.0,2.75,4.25,0.477,2.0,4.375,2.0
2025-07,15.0,2.75,4.25,0.478,2.0,4.375,2.0
2025-08,15.0,2.75,4.0,0.477,2.0,4.375,2.0
2025-09,15.0,2.5,4.0,0.477,2.0,4.125,2.0
2025-10,15.0,2.25,4.0,0.477,2.0,3.875,1.75
2025-11,15.0,2.25,4.0,0.477,2.0,3.875,1.75
2025-12,15.0,2.25,3.75,0.727,2.0,3.625,1.75
2026-01,15.0,2.25,3.75,0.727,2.0,3.625,1.75
2026-02,15.0,2.25,3.75,0.727,2.0,3.625,1.75
2026-03,14.75,2.25,3.75,0.727,2.0,3.625,1.75
2026-04,14.5,2.25,3.75,0.727,2.0,3.625,1.75
2026-05,14.5,2.25,3.75,0.727,2.0,3.625,1.75
2026-06,14.25,2.25,3.75,0.976,2.25,3.625,1.75
2026-07,14.25,2.25,3.75,0.977,2.25,3.625,1.75
2026-08,14.0,2.25,3.75,0.977,2.25,3.625,1.75
