iso,year,indicator,value
BRA,2025,TM.VAL.AGRI.ZS.UN,0.800264811840218
BRA,2024,TM.VAL.AGRI.ZS.UN,0.78333011913232
BRA,2023,TM.VAL.AGRI.ZS.UN,0.796975113612751
BRA,2022,TM.VAL.AGRI.ZS.UN,0.920762602473935
BRA,2021,TM.VAL.AGRI.ZS.UN,1.04685586370637
BRA,2020,TM.VAL.AGRI.ZS.UN,1.05566991798218
BRA,2019,TM.VAL.AGRI.ZS.UN,1.03615646115777
BRA,2018,TM.VAL.AGRI.ZS.UN,1.08102408006015
BRA,2017,TM.VAL.AGRI.ZS.UN,1.20802138114272
BRA,2016,TM.VAL.AGRI.ZS.UN,1.25031640027636
BRA,2015,TM.VAL.AGRI.ZS.UN,1.05647426970271
BRA,2014,TM.VAL.AGRI.ZS.UN,1.001939079543
BRA,2013,TM.VAL.AGRI.ZS.UN,1.0235292769287
BRA,2012,TM.VAL.AGRI.ZS.UN,1.09987775750507
BRA,2011,TM.VAL.AGRI.ZS.UN,1.45624651102594
BRA,2010,TM.VAL.AGRI.ZS.UN,1.30077469214003
BRA,2009,TM.VAL.AGRI.ZS.UN,1.15804191327834
BRA,2008,TM.VAL.AGRI.ZS.UN,1.21482878978292
BRA,2007,TM.VAL.AGRI.ZS.UN,1.3918003164712
BRA,2006,TM.VAL.AGRI.ZS.UN,1.523372651686
BRA,2005,TM.VAL.AGRI.ZS.UN,1.53839392286824
BRA,2004,TM.VAL.AGRI.ZS.UN,1.75482338353976
BRA,2003,TM.VAL.AGRI.ZS.UN,1.74992448176169
BRA,2002,TM.VAL.AGRI.ZS.UN,1.49577865541106
BRA,2001,TM.VAL.AGRI.ZS.UN,1.35187448266584
BRA,2000,TM.VAL.AGRI.ZS.UN,1.96870875648152
BRA,1999,TM.VAL.AGRI.ZS.UN,2.02275590026406
BRA,1998,TM.VAL.AGRI.ZS.UN,2.10345679893423
BRA,1997,TM.VAL.AGRI.ZS.UN,2.56766327450195
BRA,1996,TM.VAL.AGRI.ZS.UN,3.00288193277142
BRA,1995,TM.VAL.AGRI.ZS.UN,2.7154854438422
BRA,1994,TM.VAL.AGRI.ZS.UN,3.25090817949909
CAN,2025,TM.VAL.AGRI.ZS.UN,
CAN,2024,TM.VAL.AGRI.ZS.UN,0.738437413415825
CAN,2023,TM.VAL.AGRI.ZS.UN,0.715084737464956
CAN,2022,TM.VAL.AGRI.ZS.UN,0.793783535163874
CAN,2021,TM.VAL.AGRI.ZS.UN,0.869601545187658
CAN,2020,TM.VAL.AGRI.ZS.UN,0.791460448880503
CAN,2019,TM.VAL.AGRI.ZS.UN,0.818097239320139
CAN,2018,TM.VAL.AGRI.ZS.UN,0.843182146273577
CAN,2017,TM.VAL.AGRI.ZS.UN,0.850565136922254
CAN,2016,TM.VAL.AGRI.ZS.UN,0.921041251576187
CAN,2015,TM.VAL.AGRI.ZS.UN,0.959155846191642
CAN,2014,TM.VAL.AGRI.ZS.UN,0.976408105137819
CAN,2013,TM.VAL.AGRI.ZS.UN,0.958587390344187
CAN,2012,TM.VAL.AGRI.ZS.UN,0.985217057631166
CAN,2011,TM.VAL.AGRI.ZS.UN,1.02434826404352
CAN,2010,TM.VAL.AGRI.ZS.UN,1.02696325401277
CAN,2009,TM.VAL.AGRI.ZS.UN,0.990948173387687
CAN,2008,TM.VAL.AGRI.ZS.UN,1.00735570140523
CAN,2007,TM.VAL.AGRI.ZS.UN,1.07552688758483
CAN,2006,TM.VAL.AGRI.ZS.UN,1.12328496673818
CAN,2005,TM.VAL.AGRI.ZS.UN,1.23666149899926
CAN,2004,TM.VAL.AGRI.ZS.UN,1.32531210566495
CAN,2003,TM.VAL.AGRI.ZS.UN,1.36331630987889
CAN,2002,TM.VAL.AGRI.ZS.UN,1.36711676814238
CAN,2001,TM.VAL.AGRI.ZS.UN,1.34065618003988
CAN,2000,TM.VAL.AGRI.ZS.UN,1.36459187094221
CAN,1999,TM.VAL.AGRI.ZS.UN,1.31754450318137
CAN,1998,TM.VAL.AGRI.ZS.UN,1.39757384623607
CAN,1997,TM.VAL.AGRI.ZS.UN,1.44521234878956
CAN,1996,TM.VAL.AGRI.ZS.UN,1.46524183784706
CAN,1995,TM.VAL.AGRI.ZS.UN,1.72622562845206
CAN,1994,TM.VAL.AGRI.ZS.UN,1.52922799352677
DEU,2025,TM.VAL.AGRI.ZS.UN,
DEU,2024,TM.VAL.AGRI.ZS.UN,1.06880017334015
DEU,2023,TM.VAL.AGRI.ZS.UN,1.00312542797056
DEU,2022,TM.VAL.AGRI.ZS.UN,1.16062705047413
DEU,2021,TM.VAL.AGRI.ZS.UN,1.27499214106383
DEU,2020,TM.VAL.AGRI.ZS.UN,1.16060082592656
DEU,2019,TM.VAL.AGRI.ZS.UN,1.21273412447377
DEU,2018,TM.VAL.AGRI.ZS.UN,1.30445032119442
DEU,2017,TM.VAL.AGRI.ZS.UN,1.35911384761965
DEU,2016,TM.VAL.AGRI.ZS.UN,1.42970591897161
DEU,2015,TM.VAL.AGRI.ZS.UN,1.43282100040842
DEU,2014,TM.VAL.AGRI.ZS.UN,1.47007976942912
DEU,2013,TM.VAL.AGRI.ZS.UN,1.53658751512939
DEU,2012,TM.VAL.AGRI.ZS.UN,1.55846642844458
DEU,2011,TM.VAL.AGRI.ZS.UN,1.68225003751225
DEU,2010,TM.VAL.AGRI.ZS.UN,1.6553513671869
DEU,2009,TM.VAL.AGRI.ZS.UN,1.42139722917594
DEU,2008,TM.VAL.AGRI.ZS.UN,1.42450502602817
DEU,2007,TM.VAL.AGRI.ZS.UN,1.38581532391662
DEU,2006,TM.VAL.AGRI.ZS.UN,1.41197624094796
DEU,2005,TM.VAL.AGRI.ZS.UN,1.50311522650681
DEU,2004,TM.VAL.AGRI.ZS.UN,1.4735443479443
DEU,2003,TM.VAL.AGRI.ZS.UN,1.57657951464992
DEU,2002,TM.VAL.AGRI.ZS.UN,1.73944459698461
DEU,2001,TM.VAL.AGRI.ZS.UN,1.72473896802562
DEU,2000,TM.VAL.AGRI.ZS.UN,1.73774085981019
DEU,1999,TM.VAL.AGRI.ZS.UN,1.88565265764339
DEU,1998,TM.VAL.AGRI.ZS.UN,2.12163255236703
DEU,1997,TM.VAL.AGRI.ZS.UN,2.22577217349074
DEU,1996,TM.VAL.AGRI.ZS.UN,2.24402763829406
DEU,1995,TM.VAL.AGRI.ZS.UN,2.64851634821889
DEU,1994,TM.VAL.AGRI.ZS.UN,2.64231050234467
GBR,2025,TM.VAL.AGRI.ZS.UN,1.05917865962303
GBR,2024,TM.VAL.AGRI.ZS.UN,1.13269191503966
GBR,2023,TM.VAL.AGRI.ZS.UN,1.06562849121524
GBR,2022,TM.VAL.AGRI.ZS.UN,1.18579817518999
GBR,2021,TM.VAL.AGRI.ZS.UN,1.4869527942149
GBR,2020,TM.VAL.AGRI.ZS.UN,1.24585406565188
GBR,2019,TM.VAL.AGRI.ZS.UN,1.15669272987337
GBR,2018,TM.VAL.AGRI.ZS.UN,1.28073783430478
GBR,2017,TM.VAL.AGRI.ZS.UN,1.18619425511005
GBR,2016,TM.VAL.AGRI.ZS.UN,1.16947697032523
GBR,2015,TM.VAL.AGRI.ZS.UN,1.26314439690289
GBR,2014,TM.VAL.AGRI.ZS.UN,1.24898641105134
GBR,2013,TM.VAL.AGRI.ZS.UN,1.15167449760631
GBR,2012,TM.VAL.AGRI.ZS.UN,0.97053599589766
GBR,2011,TM.VAL.AGRI.ZS.UN,1.09876421808847
GBR,2010,TM.VAL.AGRI.ZS.UN,1.14877939138989
GBR,2009,TM.VAL.AGRI.ZS.UN,0.841235286211973
GBR,2008,TM.VAL.AGRI.ZS.UN,1.11753880751584
GBR,2007,TM.VAL.AGRI.ZS.UN,1.32332395397789
GBR,2006,TM.VAL.AGRI.ZS.UN,1.25753906679075
GBR,2005,TM.VAL.AGRI.ZS.UN,1.38584723575812
GBR,2004,TM.VAL.AGRI.ZS.UN,1.44243497726915
GBR,2003,TM.VAL.AGRI.ZS.UN,1.51839270962425
GBR,2002,TM.VAL.AGRI.ZS.UN,1.53567335306144
GBR,2001,TM.VAL.AGRI.ZS.UN,1.45871397612791
GBR,2000,TM.VAL.AGRI.ZS.UN,1.5338261800071
GBR,1999,TM.VAL.AGRI.ZS.UN,1.67823965138851
GBR,1998,TM.VAL.AGRI.ZS.UN,1.76827539701769
GBR,1997,TM.VAL.AGRI.ZS.UN,2.00694208499445
GBR,1996,TM.VAL.AGRI.ZS.UN,2.09322549590449
GBR,1995,TM.VAL.AGRI.ZS.UN,2.43455290594717
GBR,1994,TM.VAL.AGRI.ZS.UN,2.5037289230321
JPN,2025,TM.VAL.AGRI.ZS.UN,1.5823067631368
JPN,2024,TM.VAL.AGRI.ZS.UN,1.53478878210103
JPN,2023,TM.VAL.AGRI.ZS.UN,1.54130141040524
JPN,2022,TM.VAL.AGRI.ZS.UN,1.56416892216271
JPN,2021,TM.VAL.AGRI.ZS.UN,1.56655188964557
JPN,2020,TM.VAL.AGRI.ZS.UN,1.51244355443879
JPN,2019,TM.VAL.AGRI.ZS.UN,1.64102697371147
JPN,2018,TM.VAL.AGRI.ZS.UN,1.63129567856084
JPN,2017,TM.VAL.AGRI.ZS.UN,1.71849322512998
JPN,2016,TM.VAL.AGRI.ZS.UN,1.82638082000351
JPN,2015,TM.VAL.AGRI.ZS.UN,1.81225347432227
JPN,2014,TM.VAL.AGRI.ZS.UN,1.60344339209654
JPN,2013,TM.VAL.AGRI.ZS.UN,1.70976413605006
JPN,2012,TM.VAL.AGRI.ZS.UN,1.67868442152645
JPN,2011,TM.VAL.AGRI.ZS.UN,1.97858736677206
JPN,2010,TM.VAL.AGRI.ZS.UN,1.93869048100808
JPN,2009,TM.VAL.AGRI.ZS.UN,1.84065386320038
JPN,2008,TM.VAL.AGRI.ZS.UN,1.89894884987304
JPN,2007,TM.VAL.AGRI.ZS.UN,2.18259548039818
JPN,2006,TM.VAL.AGRI.ZS.UN,2.32275002779384
JPN,2005,TM.VAL.AGRI.ZS.UN,2.38623168752666
JPN,2004,TM.VAL.AGRI.ZS.UN,2.78839323436227
JPN,2003,TM.VAL.AGRI.ZS.UN,2.93843909624391
JPN,2002,TM.VAL.AGRI.ZS.UN,3.06287688598527
JPN,2001,TM.VAL.AGRI.ZS.UN,3.26688956851911
JPN,2000,TM.VAL.AGRI.ZS.UN,3.58358487352985
JPN,1999,TM.VAL.AGRI.ZS.UN,4.12514180557966
JPN,1998,TM.VAL.AGRI.ZS.UN,4.32019014155403
JPN,1997,TM.VAL.AGRI.ZS.UN,5.16857855183193
JPN,1996,TM.VAL.AGRI.ZS.UN,5.45851411939321
JPN,1995,TM.VAL.AGRI.ZS.UN,6.19758048152052
JPN,1994,TM.VAL.AGRI.ZS.UN,6.65874944678151
SWE,2025,TM.VAL.AGRI.ZS.UN,
SWE,2024,TM.VAL.AGRI.ZS.UN,1.30837337930067
SWE,2023,TM.VAL.AGRI.ZS.UN,1.1218587750003
SWE,2022,TM.VAL.AGRI.ZS.UN,1.09701516804409
SWE,2021,TM.VAL.AGRI.ZS.UN,1.04423495866958
SWE,2020,TM.VAL.AGRI.ZS.UN,1.18257740728341
SWE,2019,TM.VAL.AGRI.ZS.UN,1.2657380020685
SWE,2018,TM.VAL.AGRI.ZS.UN,1.32705585128546
SWE,2017,TM.VAL.AGRI.ZS.UN,1.15413877668028
SWE,2016,TM.VAL.AGRI.ZS.UN,1.20249878148258
SWE,2015,TM.VAL.AGRI.ZS.UN,1.20973095939308
SWE,2014,TM.VAL.AGRI.ZS.UN,1.34401239220486
SWE,2013,TM.VAL.AGRI.ZS.UN,1.39912142125342
SWE,2012,TM.VAL.AGRI.ZS.UN,1.38969423717914
SWE,2011,TM.VAL.AGRI.ZS.UN,1.43366833887558
SWE,2010,TM.VAL.AGRI.ZS.UN,1.42522326631754
SWE,2009,TM.VAL.AGRI.ZS.UN,1.35737043023448
SWE,2008,TM.VAL.AGRI.ZS.UN,1.4555534377899
SWE,2007,TM.VAL.AGRI.ZS.UN,1.52413470707218
SWE,2006,TM.VAL.AGRI.ZS.UN,1.40582346160213
SWE,2005,TM.VAL.AGRI.ZS.UN,1.59920270923182
SWE,2004,TM.VAL.AGRI.ZS.UN,1.72765179309325
SWE,2003,TM.VAL.AGRI.ZS.UN,1.823019701719
SWE,2002,TM.VAL.AGRI.ZS.UN,1.90626720660799
SWE,2001,TM.VAL.AGRI.ZS.UN,1.83197879457983
SWE,2000,TM.VAL.AGRI.ZS.UN,1.90926345520322
SWE,1999,TM.VAL.AGRI.ZS.UN,1.03409167058274
SWE,1998,TM.VAL.AGRI.ZS.UN,1.75381518876374
SWE,1997,TM.VAL.AGRI.ZS.UN,1.73134784747262
SWE,1996,TM.VAL.AGRI.ZS.UN,1.62471196597721
SWE,1995,TM.VAL.AGRI.ZS.UN,2.23647050735389
SWE,1994,TM.VAL.AGRI.ZS.UN,2.08697447345879
BRA,2025,TM.VAL.FOOD.ZS.UN,5.52507357671033
BRA,2024,TM.VAL.FOOD.ZS.UN,5.71222679731262
BRA,2023,TM.VAL.FOOD.ZS.UN,5.36398908769221
BRA,2022,TM.VAL.FOOD.ZS.UN,4.90797968652848
BRA,2021,TM.VAL.FOOD.ZS.UN,5.43366665102592
BRA,2020,TM.VAL.FOOD.ZS.UN,6.30010348205256
BRA,2019,TM.VAL.FOOD.ZS.UN,5.39026493215019
BRA,2018,TM.VAL.FOOD.ZS.UN,5.38447644097633
BRA,2017,TM.VAL.FOOD.ZS.UN,6.32149411569174
BRA,2016,TM.VAL.FOOD.ZS.UN,7.42536207040476
BRA,2015,TM.VAL.FOOD.ZS.UN,5.21313407540425
BRA,2014,TM.VAL.FOOD.ZS.UN,4.98000434939673
BRA,2013,TM.VAL.FOOD.ZS.UN,4.98271862328396
BRA,2012,TM.VAL.FOOD.ZS.UN,4.8444234992437
BRA,2011,TM.VAL.FOOD.ZS.UN,4.59566515712799
BRA,2010,TM.VAL.FOOD.ZS.UN,4.68298925337838
BRA,2009,TM.VAL.FOOD.ZS.UN,5.31270462966115
BRA,2008,TM.VAL.FOOD.ZS.UN,4.48145348145564
BRA,2007,TM.VAL.FOOD.ZS.UN,4.68351433879485
BRA,2006,TM.VAL.FOOD.ZS.UN,4.48300804691799
BRA,2005,TM.VAL.FOOD.ZS.UN,4.36109710869557
BRA,2004,TM.VAL.FOOD.ZS.UN,4.82199032163775
BRA,2003,TM.VAL.FOOD.ZS.UN,7.01297406489281
BRA,2002,TM.VAL.FOOD.ZS.UN,6.70717515812855
BRA,2001,TM.VAL.FOOD.ZS.UN,5.69552691718607
BRA,2000,TM.VAL.FOOD.ZS.UN,6.57400147363878
BRA,1999,TM.VAL.FOOD.ZS.UN,7.88996683261309
BRA,1998,TM.VAL.FOOD.ZS.UN,9.65622902657362
BRA,1997,TM.VAL.FOOD.ZS.UN,9.07604208045229
BRA,1996,TM.VAL.FOOD.ZS.UN,10.7608758919968
BRA,1995,TM.VAL.FOOD.ZS.UN,10.7123315227467
BRA,1994,TM.VAL.FOOD.ZS.UN,10.9308521220609
CAN,2025,TM.VAL.FOOD.ZS.UN,
CAN,2024,TM.VAL.FOOD.ZS.UN,9.2023002049639
CAN,2023,TM.VAL.FOOD.ZS.UN,8.46189467887988
CAN,2022,TM.VAL.FOOD.ZS.UN,8.40247661513113
CAN,2021,TM.VAL.FOOD.ZS.UN,8.69388542569324
CAN,2020,TM.VAL.FOOD.ZS.UN,9.36750692188637
CAN,2019,TM.VAL.FOOD.ZS.UN,8.19588860909452
CAN,2018,TM.VAL.FOOD.ZS.UN,7.93445182112811
CAN,2017,TM.VAL.FOOD.ZS.UN,8.20309596250041
CAN,2016,TM.VAL.FOOD.ZS.UN,8.46973134891178
CAN,2015,TM.VAL.FOOD.ZS.UN,8.18251389529433
CAN,2014,TM.VAL.FOOD.ZS.UN,7.71695725894623
CAN,2013,TM.VAL.FOOD.ZS.UN,7.45735443764254
CAN,2012,TM.VAL.FOOD.ZS.UN,7.24064476829166
CAN,2011,TM.VAL.FOOD.ZS.UN,7.10627436963595
CAN,2010,TM.VAL.FOOD.ZS.UN,7.17761420190868
CAN,2009,TM.VAL.FOOD.ZS.UN,7.91665323726287
CAN,2008,TM.VAL.FOOD.ZS.UN,6.43748442978137
CAN,2007,TM.VAL.FOOD.ZS.UN,6.16974780779231
CAN,2006,TM.VAL.FOOD.ZS.UN,5.76187314342801
CAN,2005,TM.VAL.FOOD.ZS.UN,5.63001167163117
CAN,2004,TM.VAL.FOOD.ZS.UN,5.81021994971678
CAN,2003,TM.VAL.FOOD.ZS.UN,6.20133856648036
CAN,2002,TM.VAL.FOOD.ZS.UN,6.06447150910236
CAN,2001,TM.VAL.FOOD.ZS.UN,5.82243956068321
CAN,2000,TM.VAL.FOOD.ZS.UN,5.1015834501715
CAN,1999,TM.VAL.FOOD.ZS.UN,5.30783594125411
CAN,1998,TM.VAL.FOOD.ZS.UN,5.55314183232404
CAN,1997,TM.VAL.FOOD.ZS.UN,5.52744777998062
CAN,1996,TM.VAL.FOOD.ZS.UN,5.81257780060635
CAN,1995,TM.VAL.FOOD.ZS.UN,5.69826088861219
CAN,1994,TM.VAL.FOOD.ZS.UN,6.0244044833678
DEU,2025,TM.VAL.FOOD.ZS.UN,
DEU,2024,TM.VAL.FOOD.ZS.UN,9.16027792841592
DEU,2023,TM.VAL.FOOD.ZS.UN,8.39736226374845
DEU,2022,TM.VAL.FOOD.ZS.UN,7.40331210711703
DEU,2021,TM.VAL.FOOD.ZS.UN,7.7678324232926
DEU,2020,TM.VAL.FOOD.ZS.UN,8.55111464353651
DEU,2019,TM.VAL.FOOD.ZS.UN,7.80471254183062
DEU,2018,TM.VAL.FOOD.ZS.UN,7.76013449050903
DEU,2017,TM.VAL.FOOD.ZS.UN,8.19000478686186
DEU,2016,TM.VAL.FOOD.ZS.UN,8.40565874478588
DEU,2015,TM.VAL.FOOD.ZS.UN,8.20354782355462
DEU,2014,TM.VAL.FOOD.ZS.UN,8.11144033716442
DEU,2013,TM.VAL.FOOD.ZS.UN,8.15800024655373
DEU,2012,TM.VAL.FOOD.ZS.UN,7.84358003848024
DEU,2011,TM.VAL.FOOD.ZS.UN,7.54721644075297
DEU,2010,TM.VAL.FOOD.ZS.UN,7.60908789072949
DEU,2009,TM.VAL.FOOD.ZS.UN,8.47420942410342
DEU,2008,TM.VAL.FOOD.ZS.UN,7.3879610221933
DEU,2007,TM.VAL.FOOD.ZS.UN,6.54341279742831
DEU,2006,TM.VAL.FOOD.ZS.UN,6.61932926406763
DEU,2005,TM.VAL.FOOD.ZS.UN,7.03311536661624
DEU,2004,TM.VAL.FOOD.ZS.UN,6.80153488487415
DEU,2003,TM.VAL.FOOD.ZS.UN,7.35837307189365
DEU,2002,TM.VAL.FOOD.ZS.UN,7.91101856862669
DEU,2001,TM.VAL.FOOD.ZS.UN,7.47332176694495
DEU,2000,TM.VAL.FOOD.ZS.UN,6.58349525553406
DEU,1999,TM.VAL.FOOD.ZS.UN,8.30155793990856
DEU,1998,TM.VAL.FOOD.ZS.UN,8.8887556752769
DEU,1997,TM.VAL.FOOD.ZS.UN,9.23044921594719
DEU,1996,TM.VAL.FOOD.ZS.UN,9.83608260580621
DEU,1995,TM.VAL.FOOD.ZS.UN,9.78064290220925
DEU,1994,TM.VAL.FOOD.ZS.UN,10.2445518799975
GBR,2025,TM.VAL.FOOD.ZS.UN,9.80685809428767
GBR,2024,TM.VAL.FOOD.ZS.UN,10.3420016057362
GBR,2023,TM.VAL.FOOD.ZS.UN,9.94062516865512
GBR,2022,TM.VAL.FOOD.ZS.UN,9.06213951918742
GBR,2021,TM.VAL.FOOD.ZS.UN,9.40725073770577
GBR,2020,TM.VAL.FOOD.ZS.UN,10.1081871798978
GBR,2019,TM.VAL.FOOD.ZS.UN,9.15488692611623
GBR,2018,TM.VAL.FOOD.ZS.UN,9.66088187367103
GBR,2017,TM.VAL.FOOD.ZS.UN,9.60554351444277
GBR,2016,TM.VAL.FOOD.ZS.UN,9.26808448687487
GBR,2015,TM.VAL.FOOD.ZS.UN,9.77794092005688
GBR,2014,TM.VAL.FOOD.ZS.UN,9.70710357451592
GBR,2013,TM.VAL.FOOD.ZS.UN,9.87147070903372
GBR,2012,TM.VAL.FOOD.ZS.UN,8.80351927302466
GBR,2011,TM.VAL.FOOD.ZS.UN,9.02860936591861
GBR,2010,TM.VAL.FOOD.ZS.UN,9.01819443501153
GBR,2009,TM.VAL.FOOD.ZS.UN,9.70336645805312
GBR,2008,TM.VAL.FOOD.ZS.UN,8.96670273827612
GBR,2007,TM.VAL.FOOD.ZS.UN,8.53605036224542
GBR,2006,TM.VAL.FOOD.ZS.UN,8.14073354812316
GBR,2005,TM.VAL.FOOD.ZS.UN,8.80347829900682
GBR,2004,TM.VAL.FOOD.ZS.UN,8.80851033914332
GBR,2003,TM.VAL.FOOD.ZS.UN,8.96236348886592
GBR,2002,TM.VAL.FOOD.ZS.UN,8.49802346618817
GBR,2001,TM.VAL.FOOD.ZS.UN,8.19201633760021
GBR,2000,TM.VAL.FOOD.ZS.UN,7.77332529543403
GBR,1999,TM.VAL.FOOD.ZS.UN,8.95621237671914
GBR,1998,TM.VAL.FOOD.ZS.UN,9.33596699505758
GBR,1997,TM.VAL.FOOD.ZS.UN,9.4505246761595
GBR,1996,TM.VAL.FOOD.ZS.UN,10.0718786782777
GBR,1995,TM.VAL.FOOD.ZS.UN,10.0619713278135
GBR,1994,TM.VAL.FOOD.ZS.UN,10.2583943067501
JPN,2025,TM.VAL.FOOD.ZS.UN,9.77482912928801
JPN,2024,TM.VAL.FOOD.ZS.UN,9.5240002477684
JPN,2023,TM.VAL.FOOD.ZS.UN,9.6868733799793
JPN,2022,TM.VAL.FOOD.ZS.UN,8.88622489867363
JPN,2021,TM.VAL.FOOD.ZS.UN,9.50819177781891
JPN,2020,TM.VAL.FOOD.ZS.UN,10.5846916302108
JPN,2019,TM.VAL.FOOD.ZS.UN,9.81903513557923
JPN,2018,TM.VAL.FOOD.ZS.UN,9.42472232479178
JPN,2017,TM.VAL.FOOD.ZS.UN,10.0437146393493
JPN,2016,TM.VAL.FOOD.ZS.UN,10.3478193778417
JPN,2015,TM.VAL.FOOD.ZS.UN,10.0360297410722
JPN,2014,TM.VAL.FOOD.ZS.UN,8.48340286482418
JPN,2013,TM.VAL.FOOD.ZS.UN,8.61160768330529
JPN,2012,TM.VAL.FOOD.ZS.UN,8.90973337350933
JPN,2011,TM.VAL.FOOD.ZS.UN,9.24235600544921
JPN,2010,TM.VAL.FOOD.ZS.UN,9.23605680131201
JPN,2009,TM.VAL.FOOD.ZS.UN,10.4597598321224
JPN,2008,TM.VAL.FOOD.ZS.UN,8.66932564165848
JPN,2007,TM.VAL.FOOD.ZS.UN,8.89967332839888
JPN,2006,TM.VAL.FOOD.ZS.UN,9.00988229766332
JPN,2005,TM.VAL.FOOD.ZS.UN,10.397420153451
JPN,2004,TM.VAL.FOOD.ZS.UN,11.5830998869756
JPN,2003,TM.VAL.FOOD.ZS.UN,12.3066158270018
JPN,2002,TM.VAL.FOOD.ZS.UN,13.254453387045
JPN,2001,TM.VAL.FOOD.ZS.UN,13.0663950060951
JPN,2000,TM.VAL.FOOD.ZS.UN,12.7955329229744
JPN,1999,TM.VAL.FOOD.ZS.UN,15.1494360756702
JPN,1998,TM.VAL.FOOD.ZS.UN,15.8589353552231
JPN,1997,TM.VAL.FOOD.ZS.UN,14.6480136568811
JPN,1996,TM.VAL.FOOD.ZS.UN,15.492061722163
JPN,1995,TM.VAL.FOOD.ZS.UN,16.0701402168553
JPN,1994,TM.VAL.FOOD.ZS.UN,18.0149150033437
SWE,2025,TM.VAL.FOOD.ZS.UN,
SWE,2024,TM.VAL.FOOD.ZS.UN,11.1507599035824
SWE,2023,TM.VAL.FOOD.ZS.UN,10.8757630877108
SWE,2022,TM.VAL.FOOD.ZS.UN,10.0520658690554
SWE,2021,TM.VAL.FOOD.ZS.UN,9.98303563220722
SWE,2020,TM.VAL.FOOD.ZS.UN,11.2805373338696
SWE,2019,TM.VAL.FOOD.ZS.UN,10.6600457582621
SWE,2018,TM.VAL.FOOD.ZS.UN,10.3896407998445
SWE,2017,TM.VAL.FOOD.ZS.UN,10.7018295995473
SWE,2016,TM.VAL.FOOD.ZS.UN,11.3729538572876
SWE,2015,TM.VAL.FOOD.ZS.UN,10.8420949001331
SWE,2014,TM.VAL.FOOD.ZS.UN,10.6361181903385
SWE,2013,TM.VAL.FOOD.ZS.UN,10.4185308779086
SWE,2012,TM.VAL.FOOD.ZS.UN,9.15446891922041
SWE,2011,TM.VAL.FOOD.ZS.UN,8.56269355839139
SWE,2010,TM.VAL.FOOD.ZS.UN,8.77215605228531
SWE,2009,TM.VAL.FOOD.ZS.UN,9.8747545726475
SWE,2008,TM.VAL.FOOD.ZS.UN,7.85856900103067
SWE,2007,TM.VAL.FOOD.ZS.UN,7.42355118748583
SWE,2006,TM.VAL.FOOD.ZS.UN,7.41730646406004
SWE,2005,TM.VAL.FOOD.ZS.UN,7.37507902920936
SWE,2004,TM.VAL.FOOD.ZS.UN,7.58092286542762
SWE,2003,TM.VAL.FOOD.ZS.UN,7.78986717154282
SWE,2002,TM.VAL.FOOD.ZS.UN,7.71812897412303
SWE,2001,TM.VAL.FOOD.ZS.UN,7.04768861725124
SWE,2000,TM.VAL.FOOD.ZS.UN,5.92291785856526
SWE,1999,TM.VAL.FOOD.ZS.UN,7.1844697843621
SWE,1998,TM.VAL.FOOD.ZS.UN,6.80115512251338
SWE,1997,TM.VAL.FOOD.ZS.UN,7.22617664797949
SWE,1996,TM.VAL.FOOD.ZS.UN,7.19520604613869
SWE,1995,TM.VAL.FOOD.ZS.UN,6.67826065277864
SWE,1994,TM.VAL.FOOD.ZS.UN,7.82531426455401
BRA,2025,TM.VAL.FUEL.ZS.UN,11.0881349065327
BRA,2024,TM.VAL.FUEL.ZS.UN,13.1951511742727
BRA,2023,TM.VAL.FUEL.ZS.UN,15.4477629244906
BRA,2022,TM.VAL.FUEL.ZS.UN,17.7848730964223
BRA,2021,TM.VAL.FUEL.ZS.UN,13.6008473721902
BRA,2020,TM.VAL.FUEL.ZS.UN,10.0774648671464
BRA,2019,TM.VAL.FUEL.ZS.UN,13.881883250891
BRA,2018,TM.VAL.FUEL.ZS.UN,15.1324917647007
BRA,2017,TM.VAL.FUEL.ZS.UN,14.7169891147575
BRA,2016,TM.VAL.FUEL.ZS.UN,12.3737577498111
BRA,2015,TM.VAL.FUEL.ZS.UN,15.6211641894135
BRA,2014,TM.VAL.FUEL.ZS.UN,20.1329971568129
BRA,2013,TM.VAL.FUEL.ZS.UN,19.5533274344659
BRA,2012,TM.VAL.FUEL.ZS.UN,18.5133577939875
BRA,2011,TM.VAL.FUEL.ZS.UN,19.019982820447
BRA,2010,TM.VAL.FUEL.ZS.UN,17.1774025907005
BRA,2009,TM.VAL.FUEL.ZS.UN,15.9706979597763
BRA,2008,TM.VAL.FUEL.ZS.UN,20.5905100354144
BRA,2007,TM.VAL.FUEL.ZS.UN,19.533776829804
BRA,2006,TM.VAL.FUEL.ZS.UN,18.782105228209
BRA,2005,TM.VAL.FUEL.ZS.UN,18.3155034989042
BRA,2004,TM.VAL.FUEL.ZS.UN,18.2545349414607
BRA,2003,TM.VAL.FUEL.ZS.UN,15.475420488448
BRA,2002,TM.VAL.FUEL.ZS.UN,14.7950454900606
BRA,2001,TM.VAL.FUEL.ZS.UN,13.9169807341298
BRA,2000,TM.VAL.FUEL.ZS.UN,14.8717492659695
BRA,1999,TM.VAL.FUEL.ZS.UN,11.2979371859661
BRA,1998,TM.VAL.FUEL.ZS.UN,9.23750106959474
BRA,1997,TM.VAL.FUEL.ZS.UN,11.6217235810144
BRA,1996,TM.VAL.FUEL.ZS.UN,13.1231540568403
BRA,1995,TM.VAL.FUEL.ZS.UN,12.0792568437688
BRA,1994,TM.VAL.FUEL.ZS.UN,14.8506308814761
CAN,2025,TM.VAL.FUEL.ZS.UN,
CAN,2024,TM.VAL.FUEL.ZS.UN,6.50924221153143
CAN,2023,TM.VAL.FUEL.ZS.UN,6.88940927675925
CAN,2022,TM.VAL.FUEL.ZS.UN,7.9035303272759
CAN,2021,TM.VAL.FUEL.ZS.UN,6.19123572839234
CAN,2020,TM.VAL.FUEL.ZS.UN,4.97246587828512
CAN,2019,TM.VAL.FUEL.ZS.UN,7.32638584051867
CAN,2018,TM.VAL.FUEL.ZS.UN,7.95390917269528
CAN,2017,TM.VAL.FUEL.ZS.UN,6.9872194226693
CAN,2016,TM.VAL.FUEL.ZS.UN,6.3097016907938
CAN,2015,TM.VAL.FUEL.ZS.UN,7.02123434786925
CAN,2014,TM.VAL.FUEL.ZS.UN,10.3660127444009
CAN,2013,TM.VAL.FUEL.ZS.UN,10.9461173725034
CAN,2012,TM.VAL.FUEL.ZS.UN,11.1815706592314
CAN,2011,TM.VAL.FUEL.ZS.UN,11.8980023263477
CAN,2010,TM.VAL.FUEL.ZS.UN,10.1660835788359
CAN,2009,TM.VAL.FUEL.ZS.UN,9.4689835594774
CAN,2008,TM.VAL.FUEL.ZS.UN,12.4594682685844
CAN,2007,TM.VAL.FUEL.ZS.UN,9.38814714194003
CAN,2006,TM.VAL.FUEL.ZS.UN,9.19634564033393
CAN,2005,TM.VAL.FUEL.ZS.UN,9.25340347534509
CAN,2004,TM.VAL.FUEL.ZS.UN,7.15333755200585
CAN,2003,TM.VAL.FUEL.ZS.UN,6.36993573929108
CAN,2002,TM.VAL.FUEL.ZS.UN,4.9806900066707
CAN,2001,TM.VAL.FUEL.ZS.UN,5.70709110330056
CAN,2000,TM.VAL.FUEL.ZS.UN,5.298290177977
CAN,1999,TM.VAL.FUEL.ZS.UN,3.31770573558503
CAN,1998,TM.VAL.FUEL.ZS.UN,3.34112167591952
CAN,1997,TM.VAL.FUEL.ZS.UN,4.38201182892624
CAN,1996,TM.VAL.FUEL.ZS.UN,4.30588471340987
CAN,1995,TM.VAL.FUEL.ZS.UN,3.61868568842097
CAN,1994,TM.VAL.FUEL.ZS.UN,3.48124913345338
DEU,2025,TM.VAL.FUEL.ZS.UN,
DEU,2024,TM.VAL.FUEL.ZS.UN,7.99268368320553
DEU,2023,TM.VAL.FUEL.ZS.UN,8.65233705017107
DEU,2022,TM.VAL.FUEL.ZS.UN,12.671943221466
DEU,2021,TM.VAL.FUEL.ZS.UN,8.72065735754442
DEU,2020,TM.VAL.FUEL.ZS.UN,6.22005932350923
DEU,2019,TM.VAL.FUEL.ZS.UN,8.4888514972384
DEU,2018,TM.VAL.FUEL.ZS.UN,8.84880812907979
DEU,2017,TM.VAL.FUEL.ZS.UN,8.03921132689532
DEU,2016,TM.VAL.FUEL.ZS.UN,7.16715440298352
DEU,2015,TM.VAL.FUEL.ZS.UN,9.25867351619041
DEU,2014,TM.VAL.FUEL.ZS.UN,12.1829311943824
DEU,2013,TM.VAL.FUEL.ZS.UN,14.0345099665508
DEU,2012,TM.VAL.FUEL.ZS.UN,14.2384821413715
DEU,2011,TM.VAL.FUEL.ZS.UN,13.408194677438
DEU,2010,TM.VAL.FUEL.ZS.UN,11.5548549713167
DEU,2009,TM.VAL.FUEL.ZS.UN,11.4409889108989
DEU,2008,TM.VAL.FUEL.ZS.UN,13.9372448697643
DEU,2007,TM.VAL.FUEL.ZS.UN,10.5452068444245
DEU,2006,TM.VAL.FUEL.ZS.UN,12.0720499013616
DEU,2005,TM.VAL.FUEL.ZS.UN,11.4833464354753
DEU,2004,TM.VAL.FUEL.ZS.UN,9.18853712261551
DEU,2003,TM.VAL.FUEL.ZS.UN,8.636274883221
DEU,2002,TM.VAL.FUEL.ZS.UN,8.41655179666245
DEU,2001,TM.VAL.FUEL.ZS.UN,8.77744773515099
DEU,2000,TM.VAL.FUEL.ZS.UN,8.63348975806015
DEU,1999,TM.VAL.FUEL.ZS.UN,5.76670859372956
DEU,1998,TM.VAL.FUEL.ZS.UN,5.57988593172815
DEU,1997,TM.VAL.FUEL.ZS.UN,7.50842294726713
DEU,1996,TM.VAL.FUEL.ZS.UN,7.63887217767827
DEU,1995,TM.VAL.FUEL.ZS.UN,6.19499865142455
DEU,1994,TM.VAL.FUEL.ZS.UN,6.98741592482797
GBR,2025,TM.VAL.FUEL.ZS.UN,8.16366554078127
GBR,2024,TM.VAL.FUEL.ZS.UN,10.1144068614397
GBR,2023,TM.VAL.FUEL.ZS.UN,11.8440289346224
GBR,2022,TM.VAL.FUEL.ZS.UN,16.9042090244701
GBR,2021,TM.VAL.FUEL.ZS.UN,10.2697318433269
GBR,2020,TM.VAL.FUEL.ZS.UN,5.30993604082167
GBR,2019,TM.VAL.FUEL.ZS.UN,8.19155386700326
GBR,2018,TM.VAL.FUEL.ZS.UN,10.0872725216388
GBR,2017,TM.VAL.FUEL.ZS.UN,8.11774178211437
GBR,2016,TM.VAL.FUEL.ZS.UN,6.28115269131933
GBR,2015,TM.VAL.FUEL.ZS.UN,8.08502272933232
GBR,2014,TM.VAL.FUEL.ZS.UN,11.8123169326215
GBR,2013,TM.VAL.FUEL.ZS.UN,13.5309059206058
GBR,2012,TM.VAL.FUEL.ZS.UN,13.9464530473134
GBR,2011,TM.VAL.FUEL.ZS.UN,12.8409304574942
GBR,2010,TM.VAL.FUEL.ZS.UN,10.1523112233432
GBR,2009,TM.VAL.FUEL.ZS.UN,9.15778729613857
GBR,2008,TM.VAL.FUEL.ZS.UN,12.394790345062
GBR,2007,TM.VAL.FUEL.ZS.UN,9.56528261920062
GBR,2006,TM.VAL.FUEL.ZS.UN,9.55726663606443
GBR,2005,TM.VAL.FUEL.ZS.UN,8.5847000569297
GBR,2004,TM.VAL.FUEL.ZS.UN,6.04347964450164
GBR,2003,TM.VAL.FUEL.ZS.UN,4.43377841213558
GBR,2002,TM.VAL.FUEL.ZS.UN,4.04461655064038
GBR,2001,TM.VAL.FUEL.ZS.UN,4.14661889881827
GBR,2000,TM.VAL.FUEL.ZS.UN,4.05014241067364
GBR,1999,TM.VAL.FUEL.ZS.UN,2.6885719934304
GBR,1998,TM.VAL.FUEL.ZS.UN,2.4707054343068
GBR,1997,TM.VAL.FUEL.ZS.UN,3.50636517959942
GBR,1996,TM.VAL.FUEL.ZS.UN,3.86612288932669
GBR,1995,TM.VAL.FUEL.ZS.UN,3.53445101048456
GBR,1994,TM.VAL.FUEL.ZS.UN,4.18897992643178
JPN,2025,TM.VAL.FUEL.ZS.UN,19.5782266987247
JPN,2024,TM.VAL.FUEL.ZS.UN,22.6849124457109
JPN,2023,TM.VAL.FUEL.ZS.UN,25.894896548225
JPN,2022,TM.VAL.FUEL.ZS.UN,28.3391798468259
JPN,2021,TM.VAL.FUEL.ZS.UN,20.0353003990571
JPN,2020,TM.VAL.FUEL.ZS.UN,16.6006557387446
JPN,2019,TM.VAL.FUEL.ZS.UN,21.5816785618091
JPN,2018,TM.VAL.FUEL.ZS.UN,23.3503040035389
JPN,2017,TM.VAL.FUEL.ZS.UN,21.0291135522673
JPN,2016,TM.VAL.FUEL.ZS.UN,18.268471084979
JPN,2015,TM.VAL.FUEL.ZS.UN,20.5069277411675
JPN,2014,TM.VAL.FUEL.ZS.UN,32.2714396479636
JPN,2013,TM.VAL.FUEL.ZS.UN,33.7967564059572
JPN,2012,TM.VAL.FUEL.ZS.UN,34.1443764088035
JPN,2011,TM.VAL.FUEL.ZS.UN,32.1083223535873
JPN,2010,TM.VAL.FUEL.ZS.UN,28.6914078055209
JPN,2009,TM.VAL.FUEL.ZS.UN,27.625110976734
JPN,2008,TM.VAL.FUEL.ZS.UN,35.1176970077189
JPN,2007,TM.VAL.FUEL.ZS.UN,27.7680408747033
JPN,2006,TM.VAL.FUEL.ZS.UN,27.9228874953284
JPN,2005,TM.VAL.FUEL.ZS.UN,25.7952607733836
JPN,2004,TM.VAL.FUEL.ZS.UN,21.8490990372531
JPN,2003,TM.VAL.FUEL.ZS.UN,21.1670377824489
JPN,2002,TM.VAL.FUEL.ZS.UN,19.4412833915369
JPN,2001,TM.VAL.FUEL.ZS.UN,20.1443030354287
JPN,2000,TM.VAL.FUEL.ZS.UN,20.3931823057802
JPN,1999,TM.VAL.FUEL.ZS.UN,16.0922582963346
JPN,1998,TM.VAL.FUEL.ZS.UN,15.4196478039855
JPN,1997,TM.VAL.FUEL.ZS.UN,18.5434595104678
JPN,1996,TM.VAL.FUEL.ZS.UN,17.4301029417864
JPN,1995,TM.VAL.FUEL.ZS.UN,16.0420460904884
JPN,1994,TM.VAL.FUEL.ZS.UN,17.5239492210499
SWE,2025,TM.VAL.FUEL.ZS.UN,
SWE,2024,TM.VAL.FUEL.ZS.UN,10.3394400951158
SWE,2023,TM.VAL.FUEL.ZS.UN,11.1618753218089
SWE,2022,TM.VAL.FUEL.ZS.UN,14.0432061510876
SWE,2021,TM.VAL.FUEL.ZS.UN,9.7043679940337
SWE,2020,TM.VAL.FUEL.ZS.UN,7.79264095475289
SWE,2019,TM.VAL.FUEL.ZS.UN,10.5524347487083
SWE,2018,TM.VAL.FUEL.ZS.UN,11.8807363295375
SWE,2017,TM.VAL.FUEL.ZS.UN,10.0450790756565
SWE,2016,TM.VAL.FUEL.ZS.UN,8.85290497163614
SWE,2015,TM.VAL.FUEL.ZS.UN,9.79522625623448
SWE,2014,TM.VAL.FUEL.ZS.UN,13.5298855068941
SWE,2013,TM.VAL.FUEL.ZS.UN,14.3071882289416
SWE,2012,TM.VAL.FUEL.ZS.UN,16.1147199515224
SWE,2011,TM.VAL.FUEL.ZS.UN,14.1154093874095
SWE,2010,TM.VAL.FUEL.ZS.UN,13.3768153907488
SWE,2009,TM.VAL.FUEL.ZS.UN,11.5813228773992
SWE,2008,TM.VAL.FUEL.ZS.UN,14.4469132155572
SWE,2007,TM.VAL.FUEL.ZS.UN,11.0806720014448
SWE,2006,TM.VAL.FUEL.ZS.UN,12.3831800772666
SWE,2005,TM.VAL.FUEL.ZS.UN,11.7075179143355
SWE,2004,TM.VAL.FUEL.ZS.UN,9.70928152046424
SWE,2003,TM.VAL.FUEL.ZS.UN,9.58313220344024
SWE,2002,TM.VAL.FUEL.ZS.UN,8.6499600393691
SWE,2001,TM.VAL.FUEL.ZS.UN,8.71239670285618
SWE,2000,TM.VAL.FUEL.ZS.UN,9.01857207882967
SWE,1999,TM.VAL.FUEL.ZS.UN,5.8699619699814
SWE,1998,TM.VAL.FUEL.ZS.UN,5.19695475811377
SWE,1997,TM.VAL.FUEL.ZS.UN,7.06529312334157
SWE,1996,TM.VAL.FUEL.ZS.UN,7.42093635271421
SWE,1995,TM.VAL.FUEL.ZS.UN,5.82156625113119
SWE,1994,TM.VAL.FUEL.ZS.UN,7.38840724738338
BRA,2025,TM.VAL.MMTL.ZS.UN,2.91865060966199
BRA,2024,TM.VAL.MMTL.ZS.UN,2.87633856185577
BRA,2023,TM.VAL.MMTL.ZS.UN,2.92626595876502
BRA,2022,TM.VAL.MMTL.ZS.UN,3.11027994682629
BRA,2021,TM.VAL.MMTL.ZS.UN,3.91375503307516
BRA,2020,TM.VAL.MMTL.ZS.UN,3.30903718570298
BRA,2019,TM.VAL.MMTL.ZS.UN,3.35390870344208
BRA,2018,TM.VAL.MMTL.ZS.UN,3.45311007799607
BRA,2017,TM.VAL.MMTL.ZS.UN,3.2551055845114
BRA,2016,TM.VAL.MMTL.ZS.UN,3.09826021047132
BRA,2015,TM.VAL.MMTL.ZS.UN,3.30948059603642
BRA,2014,TM.VAL.MMTL.ZS.UN,2.8261112913226
BRA,2013,TM.VAL.MMTL.ZS.UN,2.66589705316464
BRA,2012,TM.VAL.MMTL.ZS.UN,2.9815543129831
BRA,2011,TM.VAL.MMTL.ZS.UN,3.36884621396103
BRA,2010,TM.VAL.MMTL.ZS.UN,3.41170872294147
BRA,2009,TM.VAL.MMTL.ZS.UN,2.85176867339185
BRA,2008,TM.VAL.MMTL.ZS.UN,4.13809642685353
BRA,2007,TM.VAL.MMTL.ZS.UN,4.74099553396492
BRA,2006,TM.VAL.MMTL.ZS.UN,5.02348270191951
BRA,2005,TM.VAL.MMTL.ZS.UN,3.8608908879791
BRA,2004,TM.VAL.MMTL.ZS.UN,3.87549829886133
BRA,2003,TM.VAL.MMTL.ZS.UN,3.2761762367659
BRA,2002,TM.VAL.MMTL.ZS.UN,2.79317114434523
BRA,2001,TM.VAL.MMTL.ZS.UN,2.899558897857
BRA,2000,TM.VAL.MMTL.ZS.UN,3.06171046674432
BRA,1999,TM.VAL.MMTL.ZS.UN,2.89526157446957
BRA,1998,TM.VAL.MMTL.ZS.UN,2.57642199146581
BRA,1997,TM.VAL.MMTL.ZS.UN,2.75599525806785
BRA,1996,TM.VAL.MMTL.ZS.UN,2.64951716533095
BRA,1995,TM.VAL.MMTL.ZS.UN,3.42277112149339
BRA,1994,TM.VAL.MMTL.ZS.UN,3.39108814668624
CAN,2025,TM.VAL.MMTL.ZS.UN,
CAN,2024,TM.VAL.MMTL.ZS.UN,3.2279550553071
CAN,2023,TM.VAL.MMTL.ZS.UN,3.32960661125945
CAN,2022,TM.VAL.MMTL.ZS.UN,3.78799300971533
CAN,2021,TM.VAL.MMTL.ZS.UN,4.13947888923812
CAN,2020,TM.VAL.MMTL.ZS.UN,3.50607482881881
CAN,2019,TM.VAL.MMTL.ZS.UN,2.82092411790355
CAN,2018,TM.VAL.MMTL.ZS.UN,3.05732536716747
CAN,2017,TM.VAL.MMTL.ZS.UN,2.94815841007732
CAN,2016,TM.VAL.MMTL.ZS.UN,2.80049992508746
CAN,2015,TM.VAL.MMTL.ZS.UN,2.88499020619228
CAN,2014,TM.VAL.MMTL.ZS.UN,2.84677582595222
CAN,2013,TM.VAL.MMTL.ZS.UN,2.70998726234362
CAN,2012,TM.VAL.MMTL.ZS.UN,2.89571360548635
CAN,2011,TM.VAL.MMTL.ZS.UN,3.4413182276151
CAN,2010,TM.VAL.MMTL.ZS.UN,3.04975036018955
CAN,2009,TM.VAL.MMTL.ZS.UN,2.56139424944572
CAN,2008,TM.VAL.MMTL.ZS.UN,3.18050650631424
CAN,2007,TM.VAL.MMTL.ZS.UN,3.28377769386322
CAN,2006,TM.VAL.MMTL.ZS.UN,3.25594445375957
CAN,2005,TM.VAL.MMTL.ZS.UN,2.81401282827803
CAN,2004,TM.VAL.MMTL.ZS.UN,2.80778820089117
CAN,2003,TM.VAL.MMTL.ZS.UN,2.42390629176456
CAN,2002,TM.VAL.MMTL.ZS.UN,2.45310732771263
CAN,2001,TM.VAL.MMTL.ZS.UN,2.55777817735494
CAN,2000,TM.VAL.MMTL.ZS.UN,2.58575405843804
CAN,1999,TM.VAL.MMTL.ZS.UN,2.45343962524473
CAN,1998,TM.VAL.MMTL.ZS.UN,2.61267803133623
CAN,1997,TM.VAL.MMTL.ZS.UN,2.8344008326094
CAN,1996,TM.VAL.MMTL.ZS.UN,3.02221184690736
CAN,1995,TM.VAL.MMTL.ZS.UN,3.29677876811828
CAN,1994,TM.VAL.MMTL.ZS.UN,2.91991090712146
DEU,2025,TM.VAL.MMTL.ZS.UN,
DEU,2024,TM.VAL.MMTL.ZS.UN,3.98524367281365
DEU,2023,TM.VAL.MMTL.ZS.UN,4.15867943488168
DEU,2022,TM.VAL.MMTL.ZS.UN,4.85411991595168
DEU,2021,TM.VAL.MMTL.ZS.UN,5.27031161355484
DEU,2020,TM.VAL.MMTL.ZS.UN,4.25885162730397
DEU,2019,TM.VAL.MMTL.ZS.UN,3.98854337929176
DEU,2018,TM.VAL.MMTL.ZS.UN,4.095305278101
DEU,2017,TM.VAL.MMTL.ZS.UN,4.28362159451481
DEU,2016,TM.VAL.MMTL.ZS.UN,3.68522662420891
DEU,2015,TM.VAL.MMTL.ZS.UN,4.02590313895379
DEU,2014,TM.VAL.MMTL.ZS.UN,4.28482842476581
DEU,2013,TM.VAL.MMTL.ZS.UN,4.45639017542238
DEU,2012,TM.VAL.MMTL.ZS.UN,4.71689525528517
DEU,2011,TM.VAL.MMTL.ZS.UN,5.18563767546532
DEU,2010,TM.VAL.MMTL.ZS.UN,4.84164769646753
DEU,2009,TM.VAL.MMTL.ZS.UN,3.56968811246765
DEU,2008,TM.VAL.MMTL.ZS.UN,4.81217546094271
DEU,2007,TM.VAL.MMTL.ZS.UN,5.34805080305775
DEU,2006,TM.VAL.MMTL.ZS.UN,5.14128534240448
DEU,2005,TM.VAL.MMTL.ZS.UN,3.92504641762679
DEU,2004,TM.VAL.MMTL.ZS.UN,3.41297645139097
DEU,2003,TM.VAL.MMTL.ZS.UN,3.050825382306
DEU,2002,TM.VAL.MMTL.ZS.UN,3.41122032617323
DEU,2001,TM.VAL.MMTL.ZS.UN,3.52415273456266
DEU,2000,TM.VAL.MMTL.ZS.UN,3.51866702975991
DEU,1999,TM.VAL.MMTL.ZS.UN,3.15633243566616
DEU,1998,TM.VAL.MMTL.ZS.UN,3.51947179362653
DEU,1997,TM.VAL.MMTL.ZS.UN,3.68795642111562
DEU,1996,TM.VAL.MMTL.ZS.UN,3.33690839638844
DEU,1995,TM.VAL.MMTL.ZS.UN,3.97612630352571
DEU,1994,TM.VAL.MMTL.ZS.UN,3.72755664903131
GBR,2025,TM.VAL.MMTL.ZS.UN,3.33726669390047
GBR,2024,TM.VAL.MMTL.ZS.UN,2.6915010912812
GBR,2023,TM.VAL.MMTL.ZS.UN,2.90000283136299
GBR,2022,TM.VAL.MMTL.ZS.UN,3.19681452972104
GBR,2021,TM.VAL.MMTL.ZS.UN,4.95217301168962
GBR,2020,TM.VAL.MMTL.ZS.UN,3.74477944493303
GBR,2019,TM.VAL.MMTL.ZS.UN,2.98779480036791
GBR,2018,TM.VAL.MMTL.ZS.UN,2.82312851393361
GBR,2017,TM.VAL.MMTL.ZS.UN,2.91854263015078
GBR,2016,TM.VAL.MMTL.ZS.UN,2.43073747332964
GBR,2015,TM.VAL.MMTL.ZS.UN,2.6171156053173
GBR,2014,TM.VAL.MMTL.ZS.UN,2.98194132523728
GBR,2013,TM.VAL.MMTL.ZS.UN,3.54131989833705
GBR,2012,TM.VAL.MMTL.ZS.UN,4.0261308705379
GBR,2011,TM.VAL.MMTL.ZS.UN,4.29325971414569
GBR,2010,TM.VAL.MMTL.ZS.UN,4.03447607016937
GBR,2009,TM.VAL.MMTL.ZS.UN,2.93819064144525
GBR,2008,TM.VAL.MMTL.ZS.UN,3.40691944577765
GBR,2007,TM.VAL.MMTL.ZS.UN,3.45158530358269
GBR,2006,TM.VAL.MMTL.ZS.UN,3.1724369947499
GBR,2005,TM.VAL.MMTL.ZS.UN,2.41452996146382
GBR,2004,TM.VAL.MMTL.ZS.UN,2.27413623335692
GBR,2003,TM.VAL.MMTL.ZS.UN,2.14774562717393
GBR,2002,TM.VAL.MMTL.ZS.UN,2.22532675164193
GBR,2001,TM.VAL.MMTL.ZS.UN,2.70899789495
GBR,2000,TM.VAL.MMTL.ZS.UN,2.72251592851254
GBR,1999,TM.VAL.MMTL.ZS.UN,2.61826483574152
GBR,1998,TM.VAL.MMTL.ZS.UN,2.97770873545006
GBR,1997,TM.VAL.MMTL.ZS.UN,3.04669536223024
GBR,1996,TM.VAL.MMTL.ZS.UN,3.12353562042634
GBR,1995,TM.VAL.MMTL.ZS.UN,3.38133777238704
GBR,1994,TM.VAL.MMTL.ZS.UN,3.06207751039002
JPN,2025,TM.VAL.MMTL.ZS.UN,6.97068416505913
JPN,2024,TM.VAL.MMTL.ZS.UN,7.19580909371546
JPN,2023,TM.VAL.MMTL.ZS.UN,7.03819592115977
JPN,2022,TM.VAL.MMTL.ZS.UN,7.61552468725431
JPN,2021,TM.VAL.MMTL.ZS.UN,9.37171205994675
JPN,2020,TM.VAL.MMTL.ZS.UN,7.28563933603268
JPN,2019,TM.VAL.MMTL.ZS.UN,6.3792540996173
JPN,2018,TM.VAL.MMTL.ZS.UN,6.420530495163
JPN,2017,TM.VAL.MMTL.ZS.UN,6.38672906209921
JPN,2016,TM.VAL.MMTL.ZS.UN,5.81435005092403
JPN,2015,TM.VAL.MMTL.ZS.UN,6.33800009949805
JPN,2014,TM.VAL.MMTL.ZS.UN,6.4546126217264
JPN,2013,TM.VAL.MMTL.ZS.UN,6.41268926071858
JPN,2012,TM.VAL.MMTL.ZS.UN,6.60398620479686
JPN,2011,TM.VAL.MMTL.ZS.UN,8.03061682179389
JPN,2010,TM.VAL.MMTL.ZS.UN,8.17875997084236
JPN,2009,TM.VAL.MMTL.ZS.UN,6.28865332255188
JPN,2008,TM.VAL.MMTL.ZS.UN,7.83615523126303
JPN,2007,TM.VAL.MMTL.ZS.UN,8.81062394167839
JPN,2006,TM.VAL.MMTL.ZS.UN,7.66041422779436
JPN,2005,TM.VAL.MMTL.ZS.UN,6.01871372060798
JPN,2004,TM.VAL.MMTL.ZS.UN,5.70572529029033
JPN,2003,TM.VAL.MMTL.ZS.UN,4.89534591069765
JPN,2002,TM.VAL.MMTL.ZS.UN,4.75808951792767
JPN,2001,TM.VAL.MMTL.ZS.UN,5.00700155040836
JPN,2000,TM.VAL.MMTL.ZS.UN,5.52073342146188
JPN,1999,TM.VAL.MMTL.ZS.UN,5.46084990847571
JPN,1998,TM.VAL.MMTL.ZS.UN,5.96614961448823
JPN,1997,TM.VAL.MMTL.ZS.UN,6.01723665401578
JPN,1996,TM.VAL.MMTL.ZS.UN,5.50509534623088
JPN,1995,TM.VAL.MMTL.ZS.UN,6.54470079791123
JPN,1994,TM.VAL.MMTL.ZS.UN,6.20967651041507
SWE,2025,TM.VAL.MMTL.ZS.UN,
SWE,2024,TM.VAL.MMTL.ZS.UN,3.86891061935977
SWE,2023,TM.VAL.MMTL.ZS.UN,3.25460062997959
SWE,2022,TM.VAL.MMTL.ZS.UN,3.26489855926391
SWE,2021,TM.VAL.MMTL.ZS.UN,3.26950796188885
SWE,2020,TM.VAL.MMTL.ZS.UN,2.63096905319561
SWE,2019,TM.VAL.MMTL.ZS.UN,2.61272844594978
SWE,2018,TM.VAL.MMTL.ZS.UN,2.69622488783934
SWE,2017,TM.VAL.MMTL.ZS.UN,2.68855768606444
SWE,2016,TM.VAL.MMTL.ZS.UN,2.50871763274848
SWE,2015,TM.VAL.MMTL.ZS.UN,2.71722363126816
SWE,2014,TM.VAL.MMTL.ZS.UN,2.78511112544233
SWE,2013,TM.VAL.MMTL.ZS.UN,2.92214499717781
SWE,2012,TM.VAL.MMTL.ZS.UN,3.30332464581033
SWE,2011,TM.VAL.MMTL.ZS.UN,3.62427610266526
SWE,2010,TM.VAL.MMTL.ZS.UN,3.70365867089792
SWE,2009,TM.VAL.MMTL.ZS.UN,3.11104474854477
SWE,2008,TM.VAL.MMTL.ZS.UN,3.50590599413778
SWE,2007,TM.VAL.MMTL.ZS.UN,4.50128988763791
SWE,2006,TM.VAL.MMTL.ZS.UN,4.26673083453564
SWE,2005,TM.VAL.MMTL.ZS.UN,3.28331509940307
SWE,2004,TM.VAL.MMTL.ZS.UN,3.32625723576965
SWE,2003,TM.VAL.MMTL.ZS.UN,2.82970124157115
SWE,2002,TM.VAL.MMTL.ZS.UN,3.12852802359957
SWE,2001,TM.VAL.MMTL.ZS.UN,3.15224291705997
SWE,2000,TM.VAL.MMTL.ZS.UN,3.13129104363844
SWE,1999,TM.VAL.MMTL.ZS.UN,2.96779210847422
SWE,1998,TM.VAL.MMTL.ZS.UN,3.00610333259521
SWE,1997,TM.VAL.MMTL.ZS.UN,3.36915713329122
SWE,1996,TM.VAL.MMTL.ZS.UN,3.16591070815221
SWE,1995,TM.VAL.MMTL.ZS.UN,3.77523697780666
SWE,1994,TM.VAL.MMTL.ZS.UN,3.73944101484954
BRA,2025,TM.VAL.MRCH.CD.WT,293696000000.0
BRA,2024,TM.VAL.MRCH.CD.WT,277954000000.0
BRA,2023,TM.VAL.MRCH.CD.WT,252710000000.0
BRA,2022,TM.VAL.MRCH.CD.WT,292245000000.0
BRA,2021,TM.VAL.MRCH.CD.WT,234690000000.0
BRA,2020,TM.VAL.MRCH.CD.WT,166336000000.0
BRA,2019,TM.VAL.MRCH.CD.WT,193162000000.0
BRA,2018,TM.VAL.MRCH.CD.WT,192840000000.0
BRA,2017,TM.VAL.MRCH.CD.WT,165855000000.0
BRA,2016,TM.VAL.MRCH.CD.WT,145248000000.0
BRA,2015,TM.VAL.MRCH.CD.WT,180460000000.0
BRA,2014,TM.VAL.MRCH.CD.WT,240763000000.0
BRA,2013,TM.VAL.MRCH.CD.WT,252282000000.0
BRA,2012,TM.VAL.MRCH.CD.WT,235404000000.0
BRA,2011,TM.VAL.MRCH.CD.WT,238706000000.0
BRA,2010,TM.VAL.MRCH.CD.WT,193184000000.0
BRA,2009,TM.VAL.MRCH.CD.WT,135378000000.0
BRA,2008,TM.VAL.MRCH.CD.WT,183921000000.0
BRA,2007,TM.VAL.MRCH.CD.WT,128111000000.0
BRA,2006,TM.VAL.MRCH.CD.WT,97049000000.0
BRA,2005,TM.VAL.MRCH.CD.WT,77628000000.0
BRA,2004,TM.VAL.MRCH.CD.WT,66433000000.0
BRA,2003,TM.VAL.MRCH.CD.WT,50881000000.0
BRA,2002,TM.VAL.MRCH.CD.WT,49723000000.0
BRA,2001,TM.VAL.MRCH.CD.WT,58382000000.0
BRA,2000,TM.VAL.MRCH.CD.WT,58643000000.0
BRA,1999,TM.VAL.MRCH.CD.WT,51767000000.0
BRA,1998,TM.VAL.MRCH.CD.WT,60652000000.0
BRA,1997,TM.VAL.MRCH.CD.WT,64242000000.0
BRA,1996,TM.VAL.MRCH.CD.WT,56981000000.0
BRA,1995,TM.VAL.MRCH.CD.WT,54137000000.0
BRA,1994,TM.VAL.MRCH.CD.WT,36192000000.0
CAN,2025,TM.VAL.MRCH.CD.WT,577441000000.0
CAN,2024,TM.VAL.MRCH.CD.WT,573098000000.0
CAN,2023,TM.VAL.MRCH.CD.WT,570873000000.0
CAN,2022,TM.VAL.MRCH.CD.WT,586133000000.0
CAN,2021,TM.VAL.MRCH.CD.WT,506476000000.0
CAN,2020,TM.VAL.MRCH.CD.WT,420934000000.0
CAN,2019,TM.VAL.MRCH.CD.WT,462993000000.0
CAN,2018,TM.VAL.MRCH.CD.WT,469106000000.0
CAN,2017,TM.VAL.MRCH.CD.WT,443651000000.0
CAN,2016,TM.VAL.MRCH.CD.WT,412940000000.0
CAN,2015,TM.VAL.MRCH.CD.WT,430124000000.0
CAN,2014,TM.VAL.MRCH.CD.WT,475319000000.0
CAN,2013,TM.VAL.MRCH.CD.WT,475777000000.0
CAN,2012,TM.VAL.MRCH.CD.WT,476296000000.0
CAN,2011,TM.VAL.MRCH.CD.WT,463640000000.0
CAN,2010,TM.VAL.MRCH.CD.WT,402690000000.0
CAN,2009,TM.VAL.MRCH.CD.WT,329907000000.0
CAN,2008,TM.VAL.MRCH.CD.WT,419011000000.0
CAN,2007,TM.VAL.MRCH.CD.WT,390188000000.0
CAN,2006,TM.VAL.MRCH.CD.WT,359000000000.0
CAN,2005,TM.VAL.MRCH.CD.WT,322411000000.0
CAN,2004,TM.VAL.MRCH.CD.WT,279931000000.0
CAN,2003,TM.VAL.MRCH.CD.WT,245021000000.0
CAN,2002,TM.VAL.MRCH.CD.WT,227499000000.0
CAN,2001,TM.VAL.MRCH.CD.WT,227291000000.0
CAN,2000,TM.VAL.MRCH.CD.WT,244786000000.0
CAN,1999,TM.VAL.MRCH.CD.WT,220183000000.0
CAN,1998,TM.VAL.MRCH.CD.WT,206066000000.0
CAN,1997,TM.VAL.MRCH.CD.WT,200873000000.0
CAN,1996,TM.VAL.MRCH.CD.WT,175158000000.0
CAN,1995,TM.VAL.MRCH.CD.WT,168426000000.0
CAN,1994,TM.VAL.MRCH.CD.WT,155072000000.0
DEU,2025,TM.VAL.MRCH.CD.WT,1542796000000.0
DEU,2024,TM.VAL.MRCH.CD.WT,1414153000000.0
DEU,2023,TM.VAL.MRCH.CD.WT,1467598000000.0
DEU,2022,TM.VAL.MRCH.CD.WT,1583619000000.0
DEU,2021,TM.VAL.MRCH.CD.WT,1411439000000.0
DEU,2020,TM.VAL.MRCH.CD.WT,1171782000000.0
DEU,2019,TM.VAL.MRCH.CD.WT,1233978000000.0
DEU,2018,TM.VAL.MRCH.CD.WT,1284353000000.0
DEU,2017,TM.VAL.MRCH.CD.WT,1162907000000.0
DEU,2016,TM.VAL.MRCH.CD.WT,1055326000000.0
DEU,2015,TM.VAL.MRCH.CD.WT,1051132000000.0
DEU,2014,TM.VAL.MRCH.CD.WT,1207193000000.0
DEU,2013,TM.VAL.MRCH.CD.WT,1181233000000.0
DEU,2012,TM.VAL.MRCH.CD.WT,1154852000000.0
DEU,2011,TM.VAL.MRCH.CD.WT,1254869000000.0
DEU,2010,TM.VAL.MRCH.CD.WT,1054814000000.0
DEU,2009,TM.VAL.MRCH.CD.WT,926347000000.0
DEU,2008,TM.VAL.MRCH.CD.WT,1185067000000.0
DEU,2007,TM.VAL.MRCH.CD.WT,1054983000000.0
DEU,2006,TM.VAL.MRCH.CD.WT,906684000000.0
DEU,2005,TM.VAL.MRCH.CD.WT,777073000000.0
DEU,2004,TM.VAL.MRCH.CD.WT,715742000000.0
DEU,2003,TM.VAL.MRCH.CD.WT,604612000000.0
DEU,2002,TM.VAL.MRCH.CD.WT,490283000000.0
DEU,2001,TM.VAL.MRCH.CD.WT,486119000000.0
DEU,2000,TM.VAL.MRCH.CD.WT,497197000000.0
DEU,1999,TM.VAL.MRCH.CD.WT,474047000000.0
DEU,1998,TM.VAL.MRCH.CD.WT,471474000000.0
DEU,1997,TM.VAL.MRCH.CD.WT,445731000000.0
DEU,1996,TM.VAL.MRCH.CD.WT,459098000000.0
DEU,1995,TM.VAL.MRCH.CD.WT,463872000000.0
DEU,1994,TM.VAL.MRCH.CD.WT,381388000000.0
GBR,2025,TM.VAL.MRCH.CD.WT,948641000000.0
GBR,2024,TM.VAL.MRCH.CD.WT,820194000000.0
GBR,2023,TM.VAL.MRCH.CD.WT,791544000000.0
GBR,2022,TM.VAL.MRCH.CD.WT,823592000000.0
GBR,2021,TM.VAL.MRCH.CD.WT,695115000000.0
GBR,2020,TM.VAL.MRCH.CD.WT,638251000000.0
GBR,2019,TM.VAL.MRCH.CD.WT,696208000000.0
GBR,2018,TM.VAL.MRCH.CD.WT,672450000000.0
GBR,2017,TM.VAL.MRCH.CD.WT,641002000000.0
GBR,2016,TM.VAL.MRCH.CD.WT,636731000000.0
GBR,2015,TM.VAL.MRCH.CD.WT,630003000000.0
GBR,2014,TM.VAL.MRCH.CD.WT,694126000000.0
GBR,2013,TM.VAL.MRCH.CD.WT,662160000000.0
GBR,2012,TM.VAL.MRCH.CD.WT,702840000000.0
GBR,2011,TM.VAL.MRCH.CD.WT,680939000000.0
GBR,2010,TM.VAL.MRCH.CD.WT,592271000000.0
GBR,2009,TM.VAL.MRCH.CD.WT,522860000000.0
GBR,2008,TM.VAL.MRCH.CD.WT,668600000000.0
GBR,2007,TM.VAL.MRCH.CD.WT,644565000000.0
GBR,2006,TM.VAL.MRCH.CD.WT,615683000000.0
GBR,2005,TM.VAL.MRCH.CD.WT,521919000000.0
GBR,2004,TM.VAL.MRCH.CD.WT,469732000000.0
GBR,2003,TM.VAL.MRCH.CD.WT,394573000000.0
GBR,2002,TM.VAL.MRCH.CD.WT,360333000000.0
GBR,2001,TM.VAL.MRCH.CD.WT,340963000000.0
GBR,2000,TM.VAL.MRCH.CD.WT,339643000000.0
GBR,1999,TM.VAL.MRCH.CD.WT,324899000000.0
GBR,1998,TM.VAL.MRCH.CD.WT,321231000000.0
GBR,1997,TM.VAL.MRCH.CD.WT,307518000000.0
GBR,1996,TM.VAL.MRCH.CD.WT,287332000000.0
GBR,1995,TM.VAL.MRCH.CD.WT,267250000000.0
GBR,1994,TM.VAL.MRCH.CD.WT,234076000000.0
JPN,2025,TM.VAL.MRCH.CD.WT,755553000000.0
JPN,2024,TM.VAL.MRCH.CD.WT,743498000000.0
JPN,2023,TM.VAL.MRCH.CD.WT,787199000000.0
JPN,2022,TM.VAL.MRCH.CD.WT,899941000000.0
JPN,2021,TM.VAL.MRCH.CD.WT,768976000000.0
JPN,2020,TM.VAL.MRCH.CD.WT,635460000000.0
JPN,2019,TM.VAL.MRCH.CD.WT,720957000000.0
JPN,2018,TM.VAL.MRCH.CD.WT,748488000000.0
JPN,2017,TM.VAL.MRCH.CD.WT,672096000000.0
JPN,2016,TM.VAL.MRCH.CD.WT,607728000000.0
JPN,2015,TM.VAL.MRCH.CD.WT,648117000000.0
JPN,2014,TM.VAL.MRCH.CD.WT,812208000000.0
JPN,2013,TM.VAL.MRCH.CD.WT,833166000000.0
JPN,2012,TM.VAL.MRCH.CD.WT,885843000000.0
JPN,2011,TM.VAL.MRCH.CD.WT,855380000000.0
JPN,2010,TM.VAL.MRCH.CD.WT,694059000000.0
JPN,2009,TM.VAL.MRCH.CD.WT,551981000000.0
JPN,2008,TM.VAL.MRCH.CD.WT,762534000000.0
JPN,2007,TM.VAL.MRCH.CD.WT,622243000000.0
JPN,2006,TM.VAL.MRCH.CD.WT,579064000000.0
JPN,2005,TM.VAL.MRCH.CD.WT,515866000000.0
JPN,2004,TM.VAL.MRCH.CD.WT,454542000000.0
JPN,2003,TM.VAL.MRCH.CD.WT,382930000000.0
JPN,2002,TM.VAL.MRCH.CD.WT,337194000000.0
JPN,2001,TM.VAL.MRCH.CD.WT,349089000000.0
JPN,2000,TM.VAL.MRCH.CD.WT,379511000000.0
JPN,1999,TM.VAL.MRCH.CD.WT,309995000000.0
JPN,1998,TM.VAL.MRCH.CD.WT,280484000000.0
JPN,1997,TM.VAL.MRCH.CD.WT,338754000000.0
JPN,1996,TM.VAL.MRCH.CD.WT,349152000000.0
JPN,1995,TM.VAL.MRCH.CD.WT,335882000000.0
JPN,1994,TM.VAL.MRCH.CD.WT,275235000000.0
SWE,2025,TM.VAL.MRCH.CD.WT,200981000000.0
SWE,2024,TM.VAL.MRCH.CD.WT,189669000000.0
SWE,2023,TM.VAL.MRCH.CD.WT,193138000000.0
SWE,2022,TM.VAL.MRCH.CD.WT,203086000000.0
SWE,2021,TM.VAL.MRCH.CD.WT,187108000000.0
SWE,2020,TM.VAL.MRCH.CD.WT,149985000000.0
SWE,2019,TM.VAL.MRCH.CD.WT,158971000000.0
SWE,2018,TM.VAL.MRCH.CD.WT,170605000000.0
SWE,2017,TM.VAL.MRCH.CD.WT,154215000000.0
SWE,2016,TM.VAL.MRCH.CD.WT,141021000000.0
SWE,2015,TM.VAL.MRCH.CD.WT,138398000000.0
SWE,2014,TM.VAL.MRCH.CD.WT,162211000000.0
SWE,2013,TM.VAL.MRCH.CD.WT,160609000000.0
SWE,2012,TM.VAL.MRCH.CD.WT,164436000000.0
SWE,2011,TM.VAL.MRCH.CD.WT,177026000000.0
SWE,2010,TM.VAL.MRCH.CD.WT,148946000000.0
SWE,2009,TM.VAL.MRCH.CD.WT,119876000000.0
SWE,2008,TM.VAL.MRCH.CD.WT,168503000000.0
SWE,2007,TM.VAL.MRCH.CD.WT,153226000000.0
SWE,2006,TM.VAL.MRCH.CD.WT,127547000000.0
SWE,2005,TM.VAL.MRCH.CD.WT,111697000000.0
SWE,2004,TM.VAL.MRCH.CD.WT,100433000000.0
SWE,2003,TM.VAL.MRCH.CD.WT,83540000000.0
SWE,2002,TM.VAL.MRCH.CD.WT,66955000000.0
SWE,2001,TM.VAL.MRCH.CD.WT,63200000000.0
SWE,2000,TM.VAL.MRCH.CD.WT,72880000000.0
SWE,1999,TM.VAL.MRCH.CD.WT,68580000000.0
SWE,1998,TM.VAL.MRCH.CD.WT,68403000000.0
SWE,1997,TM.VAL.MRCH.CD.WT,65596000000.0
SWE,1996,TM.VAL.MRCH.CD.WT,66930000000.0
SWE,1995,TM.VAL.MRCH.CD.WT,65036000000.0
SWE,1994,TM.VAL.MRCH.CD.WT,55458000000.0
BRA,2025,TT.PRI.MRCH.XD.WD,
BRA,2024,TT.PRI.MRCH.XD.WD,120.8
BRA,2023,TT.PRI.MRCH.XD.WD,117.2
BRA,2022,TT.PRI.MRCH.XD.WD,114.5
BRA,2021,TT.PRI.MRCH.XD.WD,123.2
BRA,2020,TT.PRI.MRCH.XD.WD,107.7
BRA,2019,TT.PRI.MRCH.XD.WD,107.0
BRA,2018,TT.PRI.MRCH.XD.WD,106.9
BRA,2017,TT.PRI.MRCH.XD.WD,108.2
BRA,2016,TT.PRI.MRCH.XD.WD,102.4
BRA,2015,TT.PRI.MRCH.XD.WD,100.0
BRA,2014,TT.PRI.MRCH.XD.WD,113.2
BRA,2013,TT.PRI.MRCH.XD.WD,117.1
BRA,2012,TT.PRI.MRCH.XD.WD,120.4
BRA,2011,TT.PRI.MRCH.XD.WD,127.3
BRA,2010,TT.PRI.MRCH.XD.WD,118.5
BRA,2009,TT.PRI.MRCH.XD.WD,101.7
BRA,2008,TT.PRI.MRCH.XD.WD,104.9
BRA,2007,TT.PRI.MRCH.XD.WD,101.4
BRA,2006,TT.PRI.MRCH.XD.WD,97.8
BRA,2005,TT.PRI.MRCH.XD.WD,92.9
BRA,2004,TT.PRI.MRCH.XD.WD,
BRA,2003,TT.PRI.MRCH.XD.WD,
BRA,2002,TT.PRI.MRCH.XD.WD,
BRA,2001,TT.PRI.MRCH.XD.WD,
BRA,2000,TT.PRI.MRCH.XD.WD,
BRA,1999,TT.PRI.MRCH.XD.WD,
BRA,1998,TT.PRI.MRCH.XD.WD,
BRA,1997,TT.PRI.MRCH.XD.WD,
BRA,1996,TT.PRI.MRCH.XD.WD,
BRA,1995,TT.PRI.MRCH.XD.WD,
BRA,1994,TT.PRI.MRCH.XD.WD,
CAN,2025,TT.PRI.MRCH.XD.WD,
CAN,2024,TT.PRI.MRCH.XD.WD,109.9
CAN,2023,TT.PRI.MRCH.XD.WD,110.9
CAN,2022,TT.PRI.MRCH.XD.WD,121.9
CAN,2021,TT.PRI.MRCH.XD.WD,114.3
CAN,2020,TT.PRI.MRCH.XD.WD,99.1
CAN,2019,TT.PRI.MRCH.XD.WD,102.9
CAN,2018,TT.PRI.MRCH.XD.WD,104.8
CAN,2017,TT.PRI.MRCH.XD.WD,102.5
CAN,2016,TT.PRI.MRCH.XD.WD,99.4
CAN,2015,TT.PRI.MRCH.XD.WD,100.0
CAN,2014,TT.PRI.MRCH.XD.WD,112.0
CAN,2013,TT.PRI.MRCH.XD.WD,112.7
CAN,2012,TT.PRI.MRCH.XD.WD,111.6
CAN,2011,TT.PRI.MRCH.XD.WD,114.5
CAN,2010,TT.PRI.MRCH.XD.WD,111.9
CAN,2009,TT.PRI.MRCH.XD.WD,103.3
CAN,2008,TT.PRI.MRCH.XD.WD,118.0
CAN,2007,TT.PRI.MRCH.XD.WD,112.3
CAN,2006,TT.PRI.MRCH.XD.WD,108.5
CAN,2005,TT.PRI.MRCH.XD.WD,108.4
CAN,2004,TT.PRI.MRCH.XD.WD,
CAN,2003,TT.PRI.MRCH.XD.WD,
CAN,2002,TT.PRI.MRCH.XD.WD,
CAN,2001,TT.PRI.MRCH.XD.WD,
CAN,2000,TT.PRI.MRCH.XD.WD,
CAN,1999,TT.PRI.MRCH.XD.WD,
CAN,1998,TT.PRI.MRCH.XD.WD,
CAN,1997,TT.PRI.MRCH.XD.WD,
CAN,1996,TT.PRI.MRCH.XD.WD,
CAN,1995,TT.PRI.MRCH.XD.WD,
CAN,1994,TT.PRI.MRCH.XD.WD,
DEU,2025,TT.PRI.MRCH.XD.WD,
DEU,2024,TT.PRI.MRCH.XD.WD,102.1
DEU,2023,TT.PRI.MRCH.XD.WD,101.9
DEU,2022,TT.PRI.MRCH.XD.WD,96.4
DEU,2021,TT.PRI.MRCH.XD.WD,99.1
DEU,2020,TT.PRI.MRCH.XD.WD,101.8
DEU,2019,TT.PRI.MRCH.XD.WD,100.8
DEU,2018,TT.PRI.MRCH.XD.WD,99.4
DEU,2017,TT.PRI.MRCH.XD.WD,100.6
DEU,2016,TT.PRI.MRCH.XD.WD,102.0
DEU,2015,TT.PRI.MRCH.XD.WD,100.0
DEU,2014,TT.PRI.MRCH.XD.WD,97.6
DEU,2013,TT.PRI.MRCH.XD.WD,95.1
DEU,2012,TT.PRI.MRCH.XD.WD,93.2
DEU,2011,TT.PRI.MRCH.XD.WD,93.8
DEU,2010,TT.PRI.MRCH.XD.WD,96.5
DEU,2009,TT.PRI.MRCH.XD.WD,99.8
DEU,2008,TT.PRI.MRCH.XD.WD,93.9
DEU,2007,TT.PRI.MRCH.XD.WD,95.7
DEU,2006,TT.PRI.MRCH.XD.WD,95.4
DEU,2005,TT.PRI.MRCH.XD.WD,98.8
DEU,2004,TT.PRI.MRCH.XD.WD,
DEU,2003,TT.PRI.MRCH.XD.WD,
DEU,2002,TT.PRI.MRCH.XD.WD,
DEU,2001,TT.PRI.MRCH.XD.WD,
DEU,2000,TT.PRI.MRCH.XD.WD,
DEU,1999,TT.PRI.MRCH.XD.WD,
DEU,1998,TT.PRI.MRCH.XD.WD,
DEU,1997,TT.PRI.MRCH.XD.WD,
DEU,1996,TT.PRI.MRCH.XD.WD,
DEU,1995,TT.PRI.MRCH.XD.WD,
DEU,1994,TT.PRI.MRCH.XD.WD,
GBR,2025,TT.PRI.MRCH.XD.WD,
GBR,2024,TT.PRI.MRCH.XD.WD,99.2
GBR,2023,TT.PRI.MRCH.XD.WD,95.6
GBR,2022,TT.PRI.MRCH.XD.WD,91.6
GBR,2021,TT.PRI.MRCH.XD.WD,96.8
GBR,2020,TT.PRI.MRCH.XD.WD,84.3
GBR,2019,TT.PRI.MRCH.XD.WD,88.6
GBR,2018,TT.PRI.MRCH.XD.WD,96.6
GBR,2017,TT.PRI.MRCH.XD.WD,91.8
GBR,2016,TT.PRI.MRCH.XD.WD,89.9
GBR,2015,TT.PRI.MRCH.XD.WD,100.0
GBR,2014,TT.PRI.MRCH.XD.WD,99.5
GBR,2013,TT.PRI.MRCH.XD.WD,108.7
GBR,2012,TT.PRI.MRCH.XD.WD,86.2
GBR,2011,TT.PRI.MRCH.XD.WD,91.9
GBR,2010,TT.PRI.MRCH.XD.WD,89.5
GBR,2009,TT.PRI.MRCH.XD.WD,86.3
GBR,2008,TT.PRI.MRCH.XD.WD,87.4
GBR,2007,TT.PRI.MRCH.XD.WD,86.1
GBR,2006,TT.PRI.MRCH.XD.WD,85.6
GBR,2005,TT.PRI.MRCH.XD.WD,88.9
GBR,2004,TT.PRI.MRCH.XD.WD,
GBR,2003,TT.PRI.MRCH.XD.WD,
GBR,2002,TT.PRI.MRCH.XD.WD,
GBR,2001,TT.PRI.MRCH.XD.WD,
GBR,2000,TT.PRI.MRCH.XD.WD,
GBR,1999,TT.PRI.MRCH.XD.WD,
GBR,1998,TT.PRI.MRCH.XD.WD,
GBR,1997,TT.PRI.MRCH.XD.WD,
GBR,1996,TT.PRI.MRCH.XD.WD,
GBR,1995,TT.PRI.MRCH.XD.WD,
GBR,1994,TT.PRI.MRCH.XD.WD,
JPN,2025,TT.PRI.MRCH.XD.WD,
JPN,2024,TT.PRI.MRCH.XD.WD,89.6
JPN,2023,TT.PRI.MRCH.XD.WD,86.5
JPN,2022,TT.PRI.MRCH.XD.WD,79.3
JPN,2021,TT.PRI.MRCH.XD.WD,94.8
JPN,2020,TT.PRI.MRCH.XD.WD,106.5
JPN,2019,TT.PRI.MRCH.XD.WD,98.7
JPN,2018,TT.PRI.MRCH.XD.WD,97.1
JPN,2017,TT.PRI.MRCH.XD.WD,103.0
JPN,2016,TT.PRI.MRCH.XD.WD,108.5
JPN,2015,TT.PRI.MRCH.XD.WD,100.0
JPN,2014,TT.PRI.MRCH.XD.WD,87.6
JPN,2013,TT.PRI.MRCH.XD.WD,88.6
JPN,2012,TT.PRI.MRCH.XD.WD,90.7
JPN,2011,TT.PRI.MRCH.XD.WD,92.5
JPN,2010,TT.PRI.MRCH.XD.WD,101.7
JPN,2009,TT.PRI.MRCH.XD.WD,111.6
JPN,2008,TT.PRI.MRCH.XD.WD,93.0
JPN,2007,TT.PRI.MRCH.XD.WD,107.6
JPN,2006,TT.PRI.MRCH.XD.WD,113.1
JPN,2005,TT.PRI.MRCH.XD.WD,125.1
JPN,2004,TT.PRI.MRCH.XD.WD,
JPN,2003,TT.PRI.MRCH.XD.WD,
JPN,2002,TT.PRI.MRCH.XD.WD,
JPN,2001,TT.PRI.MRCH.XD.WD,
JPN,2000,TT.PRI.MRCH.XD.WD,
JPN,1999,TT.PRI.MRCH.XD.WD,
JPN,1998,TT.PRI.MRCH.XD.WD,
JPN,1997,TT.PRI.MRCH.XD.WD,
JPN,1996,TT.PRI.MRCH.XD.WD,
JPN,1995,TT.PRI.MRCH.XD.WD,
JPN,1994,TT.PRI.MRCH.XD.WD,
SWE,2025,TT.PRI.MRCH.XD.WD,
SWE,2024,TT.PRI.MRCH.XD.WD,95.5
SWE,2023,TT.PRI.MRCH.XD.WD,95.9
SWE,2022,TT.PRI.MRCH.XD.WD,96.3
SWE,2021,TT.PRI.MRCH.XD.WD,99.4
SWE,2020,TT.PRI.MRCH.XD.WD,98.8
SWE,2019,TT.PRI.MRCH.XD.WD,98.9
SWE,2018,TT.PRI.MRCH.XD.WD,96.5
SWE,2017,TT.PRI.MRCH.XD.WD,96.8
SWE,2016,TT.PRI.MRCH.XD.WD,99.5
SWE,2015,TT.PRI.MRCH.XD.WD,100.0
SWE,2014,TT.PRI.MRCH.XD.WD,99.1
SWE,2013,TT.PRI.MRCH.XD.WD,98.6
SWE,2012,TT.PRI.MRCH.XD.WD,99.2
SWE,2011,TT.PRI.MRCH.XD.WD,100.7
SWE,2010,TT.PRI.MRCH.XD.WD,104.5
SWE,2009,TT.PRI.MRCH.XD.WD,104.1
SWE,2008,TT.PRI.MRCH.XD.WD,102.4
SWE,2007,TT.PRI.MRCH.XD.WD,104.6
SWE,2006,TT.PRI.MRCH.XD.WD,103.4
SWE,2005,TT.PRI.MRCH.XD.WD,106.2
SWE,2004,TT.PRI.MRCH.XD.WD,
SWE,2003,TT.PRI.MRCH.XD.WD,
SWE,2002,TT.PRI.MRCH.XD.WD,
SWE,2001,TT.PRI.MRCH.XD.WD,
SWE,2000,TT.PRI.MRCH.XD.WD,
SWE,1999,TT.PRI.MRCH.XD.WD,
SWE,1998,TT.PRI.MRCH.XD.WD,
SWE,1997,TT.PRI.MRCH.XD.WD,
SWE,1996,TT.PRI.MRCH.XD.WD,
SWE,1995,TT.PRI.MRCH.XD.WD,
SWE,1994,TT.PRI.MRCH.XD.WD,
BRA,2025,TX.VAL.AGRI.ZS.UN,5.21239318045537
BRA,2024,TX.VAL.AGRI.ZS.UN,5.64764245426311
BRA,2023,TX.VAL.AGRI.ZS.UN,4.1679968006038
BRA,2022,TX.VAL.AGRI.ZS.UN,4.71781466641353
BRA,2021,TX.VAL.AGRI.ZS.UN,4.78121835605649
BRA,2020,TX.VAL.AGRI.ZS.UN,5.66289566704727
BRA,2019,TX.VAL.AGRI.ZS.UN,5.76162951682392
BRA,2018,TX.VAL.AGRI.ZS.UN,5.42597556309189
BRA,2017,TX.VAL.AGRI.ZS.UN,4.73548584012086
BRA,2016,TX.VAL.AGRI.ZS.UN,4.95909700079956
BRA,2015,TX.VAL.AGRI.ZS.UN,4.80922466213136
BRA,2014,TX.VAL.AGRI.ZS.UN,4.09910468945304
BRA,2013,TX.VAL.AGRI.ZS.UN,3.67959207647066
BRA,2012,TX.VAL.AGRI.ZS.UN,3.84206963375796
BRA,2011,TX.VAL.AGRI.ZS.UN,3.56590712250251
BRA,2010,TX.VAL.AGRI.ZS.UN,3.88293980296731
BRA,2009,TX.VAL.AGRI.ZS.UN,3.82336475114474
BRA,2008,TX.VAL.AGRI.ZS.UN,3.60860912317476
BRA,2007,TX.VAL.AGRI.ZS.UN,3.84290609180394
BRA,2006,TX.VAL.AGRI.ZS.UN,3.76357098694428
BRA,2005,TX.VAL.AGRI.ZS.UN,3.89791573445954
BRA,2004,TX.VAL.AGRI.ZS.UN,4.04678888352579
BRA,2003,TX.VAL.AGRI.ZS.UN,4.5479000446234
BRA,2002,TX.VAL.AGRI.ZS.UN,3.98176970858418
BRA,2001,TX.VAL.AGRI.ZS.UN,4.16349583634388
BRA,2000,TX.VAL.AGRI.ZS.UN,4.82008611837607
BRA,1999,TX.VAL.AGRI.ZS.UN,4.55053273021404
BRA,1998,TX.VAL.AGRI.ZS.UN,3.76396341541303
BRA,1997,TX.VAL.AGRI.ZS.UN,3.57896263209828
BRA,1996,TX.VAL.AGRI.ZS.UN,3.71630592370061
BRA,1995,TX.VAL.AGRI.ZS.UN,5.19034135536225
BRA,1994,TX.VAL.AGRI.ZS.UN,3.39018113763296
CAN,2025,TX.VAL.AGRI.ZS.UN,
CAN,2024,TX.VAL.AGRI.ZS.UN,2.93076871260505
CAN,2023,TX.VAL.AGRI.ZS.UN,2.67498843761139
CAN,2022,TX.VAL.AGRI.ZS.UN,3.47102276852711
CAN,2021,TX.VAL.AGRI.ZS.UN,4.49058046813512
CAN,2020,TX.VAL.AGRI.ZS.UN,3.88146562106318
CAN,2019,TX.VAL.AGRI.ZS.UN,3.41210335649625
CAN,2018,TX.VAL.AGRI.ZS.UN,4.49095762617922
CAN,2017,TX.VAL.AGRI.ZS.UN,4.55750721936484
CAN,2016,TX.VAL.AGRI.ZS.UN,4.7667052980191
CAN,2015,TX.VAL.AGRI.ZS.UN,4.42305080914693
CAN,2014,TX.VAL.AGRI.ZS.UN,4.15502281513133
CAN,2013,TX.VAL.AGRI.ZS.UN,4.06756821800269
CAN,2012,TX.VAL.AGRI.ZS.UN,3.63659293131754
CAN,2011,TX.VAL.AGRI.ZS.UN,3.90067821221146
CAN,2010,TX.VAL.AGRI.ZS.UN,4.11515921036401
CAN,2009,TX.VAL.AGRI.ZS.UN,3.52775090945059
CAN,2008,TX.VAL.AGRI.ZS.UN,3.42696431851598
CAN,2007,TX.VAL.AGRI.ZS.UN,4.27375925333266
CAN,2006,TX.VAL.AGRI.ZS.UN,4.6943633205908
CAN,2005,TX.VAL.AGRI.ZS.UN,4.99521721097556
CAN,2004,TX.VAL.AGRI.ZS.UN,5.77344572891055
CAN,2003,TX.VAL.AGRI.ZS.UN,5.07554404605417
CAN,2002,TX.VAL.AGRI.ZS.UN,5.48795760977214
CAN,2001,TX.VAL.AGRI.ZS.UN,5.97025646943613
CAN,2000,TX.VAL.AGRI.ZS.UN,6.60775234921158
CAN,1999,TX.VAL.AGRI.ZS.UN,6.71432171679737
CAN,1998,TX.VAL.AGRI.ZS.UN,6.70180223219623
CAN,1997,TX.VAL.AGRI.ZS.UN,7.61772706597622
CAN,1996,TX.VAL.AGRI.ZS.UN,7.96260692213166
CAN,1995,TX.VAL.AGRI.ZS.UN,9.24331232168462
CAN,1994,TX.VAL.AGRI.ZS.UN,8.90623274068214
DEU,2025,TX.VAL.AGRI.ZS.UN,
DEU,2024,TX.VAL.AGRI.ZS.UN,0.714729761877556
DEU,2023,TX.VAL.AGRI.ZS.UN,0.727106894783502
DEU,2022,TX.VAL.AGRI.ZS.UN,0.887243837742469
DEU,2021,TX.VAL.AGRI.ZS.UN,0.882402559849939
DEU,2020,TX.VAL.AGRI.ZS.UN,0.784575408082683
DEU,2019,TX.VAL.AGRI.ZS.UN,0.738933185446484
DEU,2018,TX.VAL.AGRI.ZS.UN,0.748763234906963
DEU,2017,TX.VAL.AGRI.ZS.UN,0.749326464898909
DEU,2016,TX.VAL.AGRI.ZS.UN,0.794632270392365
DEU,2015,TX.VAL.AGRI.ZS.UN,0.795232239715263
DEU,2014,TX.VAL.AGRI.ZS.UN,0.847330972574896
DEU,2013,TX.VAL.AGRI.ZS.UN,0.863505801783611
DEU,2012,TX.VAL.AGRI.ZS.UN,0.858725949043021
DEU,2011,TX.VAL.AGRI.ZS.UN,0.911496061368404
DEU,2010,TX.VAL.AGRI.ZS.UN,0.865856229949373
DEU,2009,TX.VAL.AGRI.ZS.UN,0.83945401512419
DEU,2008,TX.VAL.AGRI.ZS.UN,0.77305825107001
DEU,2007,TX.VAL.AGRI.ZS.UN,0.827555822739695
DEU,2006,TX.VAL.AGRI.ZS.UN,0.853007538029197
DEU,2005,TX.VAL.AGRI.ZS.UN,0.841795912497273
DEU,2004,TX.VAL.AGRI.ZS.UN,0.777543455665998
DEU,2003,TX.VAL.AGRI.ZS.UN,0.803331839977768
DEU,2002,TX.VAL.AGRI.ZS.UN,0.899891311390311
DEU,2001,TX.VAL.AGRI.ZS.UN,0.860668363565498
DEU,2000,TX.VAL.AGRI.ZS.UN,0.89698099245111
DEU,1999,TX.VAL.AGRI.ZS.UN,0.895629634494212
DEU,1998,TX.VAL.AGRI.ZS.UN,0.925035286024331
DEU,1997,TX.VAL.AGRI.ZS.UN,0.951033077852222
DEU,1996,TX.VAL.AGRI.ZS.UN,0.977748428346028
DEU,1995,TX.VAL.AGRI.ZS.UN,1.09028556489937
DEU,1994,TX.VAL.AGRI.ZS.UN,1.0593239051226
GBR,2025,TX.VAL.AGRI.ZS.UN,0.440622700080275
GBR,2024,TX.VAL.AGRI.ZS.UN,0.494496675098902
GBR,2023,TX.VAL.AGRI.ZS.UN,0.453417232450306
GBR,2022,TX.VAL.AGRI.ZS.UN,0.490929460519717
GBR,2021,TX.VAL.AGRI.ZS.UN,0.541368177387372
GBR,2020,TX.VAL.AGRI.ZS.UN,0.470842317086771
GBR,2019,TX.VAL.AGRI.ZS.UN,0.452674411812246
GBR,2018,TX.VAL.AGRI.ZS.UN,0.488454454650047
GBR,2017,TX.VAL.AGRI.ZS.UN,0.544383238678857
GBR,2016,TX.VAL.AGRI.ZS.UN,0.592020672484885
GBR,2015,TX.VAL.AGRI.ZS.UN,0.586423812858375
GBR,2014,TX.VAL.AGRI.ZS.UN,0.644393561245576
GBR,2013,TX.VAL.AGRI.ZS.UN,0.60524066619391
GBR,2012,TX.VAL.AGRI.ZS.UN,0.710957205660162
GBR,2011,TX.VAL.AGRI.ZS.UN,0.703236032466969
GBR,2010,TX.VAL.AGRI.ZS.UN,0.67658500628639
GBR,2009,TX.VAL.AGRI.ZS.UN,0.612338507297222
GBR,2008,TX.VAL.AGRI.ZS.UN,0.643299529064956
GBR,2007,TX.VAL.AGRI.ZS.UN,0.650483912117215
GBR,2006,TX.VAL.AGRI.ZS.UN,0.546576822243332
GBR,2005,TX.VAL.AGRI.ZS.UN,0.581551627369287
GBR,2004,TX.VAL.AGRI.ZS.UN,0.606683127068147
GBR,2003,TX.VAL.AGRI.ZS.UN,0.539474116542251
GBR,2002,TX.VAL.AGRI.ZS.UN,0.492384784706925
GBR,2001,TX.VAL.AGRI.ZS.UN,0.447967458140086
GBR,2000,TX.VAL.AGRI.ZS.UN,0.465309737288245
GBR,1999,TX.VAL.AGRI.ZS.UN,0.473542911004029
GBR,1998,TX.VAL.AGRI.ZS.UN,0.531653473043908
GBR,1997,TX.VAL.AGRI.ZS.UN,0.689339762135623
GBR,1996,TX.VAL.AGRI.ZS.UN,0.614970087612688
GBR,1995,TX.VAL.AGRI.ZS.UN,0.738001232901978
GBR,1994,TX.VAL.AGRI.ZS.UN,0.70097092163092
JPN,2025,TX.VAL.AGRI.ZS.UN,0.530532658345581
JPN,2024,TX.VAL.AGRI.ZS.UN,0.583336937791117
JPN,2023,TX.VAL.AGRI.ZS.UN,0.544697659577189
JPN,2022,TX.VAL.AGRI.ZS.UN,0.59826864448917
JPN,2021,TX.VAL.AGRI.ZS.UN,0.62960026710691
JPN,2020,TX.VAL.AGRI.ZS.UN,0.618918300269541
JPN,2019,TX.VAL.AGRI.ZS.UN,0.628891435171874
JPN,2018,TX.VAL.AGRI.ZS.UN,0.682767992794068
JPN,2017,TX.VAL.AGRI.ZS.UN,0.728108870436085
JPN,2016,TX.VAL.AGRI.ZS.UN,0.738581469977703
JPN,2015,TX.VAL.AGRI.ZS.UN,0.839925288691497
JPN,2014,TX.VAL.AGRI.ZS.UN,0.852696457277467
JPN,2013,TX.VAL.AGRI.ZS.UN,0.864252610632454
JPN,2012,TX.VAL.AGRI.ZS.UN,0.789161246256635
JPN,2011,TX.VAL.AGRI.ZS.UN,0.766584578438706
JPN,2010,TX.VAL.AGRI.ZS.UN,0.703051811668411
JPN,2009,TX.VAL.AGRI.ZS.UN,0.670624090591825
JPN,2008,TX.VAL.AGRI.ZS.UN,0.559375282476495
JPN,2007,TX.VAL.AGRI.ZS.UN,0.55187554406353
JPN,2006,TX.VAL.AGRI.ZS.UN,0.515616629294894
JPN,2005,TX.VAL.AGRI.ZS.UN,0.51402043208769
JPN,2004,TX.VAL.AGRI.ZS.UN,0.491787970719247
JPN,2003,TX.VAL.AGRI.ZS.UN,0.517111060294325
JPN,2002,TX.VAL.AGRI.ZS.UN,0.541813552075378
JPN,2001,TX.VAL.AGRI.ZS.UN,0.519794728636761
JPN,2000,TX.VAL.AGRI.ZS.UN,0.464236345674983
JPN,1999,TX.VAL.AGRI.ZS.UN,0.489947733062087
JPN,1998,TX.VAL.AGRI.ZS.UN,0.526207858611243
JPN,1997,TX.VAL.AGRI.ZS.UN,0.530716831066924
JPN,1996,TX.VAL.AGRI.ZS.UN,0.568315200147398
JPN,1995,TX.VAL.AGRI.ZS.UN,0.559944040302007
JPN,1994,TX.VAL.AGRI.ZS.UN,0.517584681725542
SWE,2025,TX.VAL.AGRI.ZS.UN,
SWE,2024,TX.VAL.AGRI.ZS.UN,3.62121124483224
SWE,2023,TX.VAL.AGRI.ZS.UN,3.65079321244009
SWE,2022,TX.VAL.AGRI.ZS.UN,4.34713742811392
SWE,2021,TX.VAL.AGRI.ZS.UN,4.76735115565907
SWE,2020,TX.VAL.AGRI.ZS.UN,4.05142955820421
SWE,2019,TX.VAL.AGRI.ZS.UN,3.8272906824839
SWE,2018,TX.VAL.AGRI.ZS.UN,3.9190461010915
SWE,2017,TX.VAL.AGRI.ZS.UN,3.74182053305973
SWE,2016,TX.VAL.AGRI.ZS.UN,3.81055392397941
SWE,2015,TX.VAL.AGRI.ZS.UN,4.10084911754827
SWE,2014,TX.VAL.AGRI.ZS.UN,4.08446106530774
SWE,2013,TX.VAL.AGRI.ZS.UN,3.84447987276202
SWE,2012,TX.VAL.AGRI.ZS.UN,3.59364520116646
SWE,2011,TX.VAL.AGRI.ZS.UN,3.60325894387313
SWE,2010,TX.VAL.AGRI.ZS.UN,4.07989089105956
SWE,2009,TX.VAL.AGRI.ZS.UN,4.10875965717258
SWE,2008,TX.VAL.AGRI.ZS.UN,3.72789199842564
SWE,2007,TX.VAL.AGRI.ZS.UN,4.15548308461014
SWE,2006,TX.VAL.AGRI.ZS.UN,3.95062345418445
SWE,2005,TX.VAL.AGRI.ZS.UN,4.00310588346896
SWE,2004,TX.VAL.AGRI.ZS.UN,4.18855234648668
SWE,2003,TX.VAL.AGRI.ZS.UN,4.4844225085969
SWE,2002,TX.VAL.AGRI.ZS.UN,4.76129092034675
SWE,2001,TX.VAL.AGRI.ZS.UN,4.79899511152682
SWE,2000,TX.VAL.AGRI.ZS.UN,4.73105529531507
SWE,1999,TX.VAL.AGRI.ZS.UN,1.2335440568657
SWE,1998,TX.VAL.AGRI.ZS.UN,4.53339591552407
SWE,1997,TX.VAL.AGRI.ZS.UN,5.34901843231924
SWE,1996,TX.VAL.AGRI.ZS.UN,5.14554909285389
SWE,1995,TX.VAL.AGRI.ZS.UN,6.50010785315995
SWE,1994,TX.VAL.AGRI.ZS.UN,6.59592604870784
BRA,2025,TX.VAL.FOOD.ZS.UN,40.7289982125326
BRA,2024,TX.VAL.FOOD.ZS.UN,40.3549418618818
BRA,2023,TX.VAL.FOOD.ZS.UN,42.0864551625389
BRA,2022,TX.VAL.FOOD.ZS.UN,39.5273943444507
BRA,2021,TX.VAL.FOOD.ZS.UN,34.7771632382264
BRA,2020,TX.VAL.FOOD.ZS.UN,38.9094713157649
BRA,2019,TX.VAL.FOOD.ZS.UN,34.5257195124328
BRA,2018,TX.VAL.FOOD.ZS.UN,34.6388149937206
BRA,2017,TX.VAL.FOOD.ZS.UN,36.1004202021097
BRA,2016,TX.VAL.FOOD.ZS.UN,37.8781906668221
BRA,2015,TX.VAL.FOOD.ZS.UN,37.9778956806647
BRA,2014,TX.VAL.FOOD.ZS.UN,35.6522920747707
BRA,2013,TX.VAL.FOOD.ZS.UN,35.2969912547616
BRA,2012,TX.VAL.FOOD.ZS.UN,32.3415443302793
BRA,2011,TX.VAL.FOOD.ZS.UN,30.4908707615954
BRA,2010,TX.VAL.FOOD.ZS.UN,30.3357630570466
BRA,2009,TX.VAL.FOOD.ZS.UN,34.1353062695048
BRA,2008,TX.VAL.FOOD.ZS.UN,27.7025022922255
BRA,2007,TX.VAL.FOOD.ZS.UN,26.3199672946763
BRA,2006,TX.VAL.FOOD.ZS.UN,24.919964870428
BRA,2005,TX.VAL.FOOD.ZS.UN,25.6748714047216
BRA,2004,TX.VAL.FOOD.ZS.UN,27.8816714191857
BRA,2003,TX.VAL.FOOD.ZS.UN,28.5324118669803
BRA,2002,TX.VAL.FOOD.ZS.UN,27.7626401163879
BRA,2001,TX.VAL.FOOD.ZS.UN,27.4725847081467
BRA,2000,TX.VAL.FOOD.ZS.UN,23.2364728342679
BRA,1999,TX.VAL.FOOD.ZS.UN,28.7338632317001
BRA,1998,TX.VAL.FOOD.ZS.UN,29.6175199784671
BRA,1997,TX.VAL.FOOD.ZS.UN,30.9664994980283
BRA,1996,TX.VAL.FOOD.ZS.UN,29.8988013632821
BRA,1995,TX.VAL.FOOD.ZS.UN,28.5099615661989
BRA,1994,TX.VAL.FOOD.ZS.UN,28.9418032890941
CAN,2025,TX.VAL.FOOD.ZS.UN,
CAN,2024,TX.VAL.FOOD.ZS.UN,13.5312278758624
CAN,2023,TX.VAL.FOOD.ZS.UN,12.8027235232881
CAN,2022,TX.VAL.FOOD.ZS.UN,11.7797220033621
CAN,2021,TX.VAL.FOOD.ZS.UN,12.9546850012824
CAN,2020,TX.VAL.FOOD.ZS.UN,14.0683109690006
CAN,2019,TX.VAL.FOOD.ZS.UN,11.1762071277981
CAN,2018,TX.VAL.FOOD.ZS.UN,11.92683043971
CAN,2017,TX.VAL.FOOD.ZS.UN,12.4827191580112
CAN,2016,TX.VAL.FOOD.ZS.UN,12.8537932602701
CAN,2015,TX.VAL.FOOD.ZS.UN,12.2650921931972
CAN,2014,TX.VAL.FOOD.ZS.UN,10.9864355166264
CAN,2013,TX.VAL.FOOD.ZS.UN,10.316558912864
CAN,2012,TX.VAL.FOOD.ZS.UN,10.208022770018
CAN,2011,TX.VAL.FOOD.ZS.UN,10.2024816873383
CAN,2010,TX.VAL.FOOD.ZS.UN,10.0908411379305
CAN,2009,TX.VAL.FOOD.ZS.UN,11.1922950572657
CAN,2008,TX.VAL.FOOD.ZS.UN,9.05299995264462
CAN,2007,TX.VAL.FOOD.ZS.UN,8.03589283904341
CAN,2006,TX.VAL.FOOD.ZS.UN,7.35855752952968
CAN,2005,TX.VAL.FOOD.ZS.UN,7.09289727105154
CAN,2004,TX.VAL.FOOD.ZS.UN,7.70600421707315
CAN,2003,TX.VAL.FOOD.ZS.UN,7.35518843941416
CAN,2002,TX.VAL.FOOD.ZS.UN,7.4369718793139
CAN,2001,TX.VAL.FOOD.ZS.UN,7.81753125396381
CAN,2000,TX.VAL.FOOD.ZS.UN,6.72725021945709
CAN,1999,TX.VAL.FOOD.ZS.UN,6.93821049008968
CAN,1998,TX.VAL.FOOD.ZS.UN,7.84668384618406
CAN,1997,TX.VAL.FOOD.ZS.UN,8.25480963485504
CAN,1996,TX.VAL.FOOD.ZS.UN,8.1013901382011
CAN,1995,TX.VAL.FOOD.ZS.UN,7.61208289374895
CAN,1994,TX.VAL.FOOD.ZS.UN,7.74085793238511
DEU,2025,TX.VAL.FOOD.ZS.UN,
DEU,2024,TX.VAL.FOOD.ZS.UN,6.26374809525555
DEU,2023,TX.VAL.FOOD.ZS.UN,5.98632344026706
DEU,2022,TX.VAL.FOOD.ZS.UN,5.68789708172097
DEU,2021,TX.VAL.FOOD.ZS.UN,5.50171427029631
DEU,2020,TX.VAL.FOOD.ZS.UN,5.9154140380691
DEU,2019,TX.VAL.FOOD.ZS.UN,5.4490902324704
DEU,2018,TX.VAL.FOOD.ZS.UN,5.32636517487064
DEU,2017,TX.VAL.FOOD.ZS.UN,5.59578187629463
DEU,2016,TX.VAL.FOOD.ZS.UN,5.70920564676181
DEU,2015,TX.VAL.FOOD.ZS.UN,5.62704511314724
DEU,2014,TX.VAL.FOOD.ZS.UN,5.81063782283315
DEU,2013,TX.VAL.FOOD.ZS.UN,5.91995893168095
DEU,2012,TX.VAL.FOOD.ZS.UN,5.6134294760163
DEU,2011,TX.VAL.FOOD.ZS.UN,5.47370583842328
DEU,2010,TX.VAL.FOOD.ZS.UN,5.46522952991288
DEU,2009,TX.VAL.FOOD.ZS.UN,5.99350260615178
DEU,2008,TX.VAL.FOOD.ZS.UN,5.14499899340746
DEU,2007,TX.VAL.FOOD.ZS.UN,4.3070756210075
DEU,2006,TX.VAL.FOOD.ZS.UN,4.36160710545856
DEU,2005,TX.VAL.FOOD.ZS.UN,4.51804027143224
DEU,2004,TX.VAL.FOOD.ZS.UN,4.12983311456094
DEU,2003,TX.VAL.FOOD.ZS.UN,4.31019256273766
DEU,2002,TX.VAL.FOOD.ZS.UN,4.58109001958419
DEU,2001,TX.VAL.FOOD.ZS.UN,4.56496399048333
DEU,2000,TX.VAL.FOOD.ZS.UN,4.16351771056607
DEU,1999,TX.VAL.FOOD.ZS.UN,4.67671686585406
DEU,1998,TX.VAL.FOOD.ZS.UN,4.90209324520142
DEU,1997,TX.VAL.FOOD.ZS.UN,4.89264324962408
DEU,1996,TX.VAL.FOOD.ZS.UN,5.22942030665889
DEU,1995,TX.VAL.FOOD.ZS.UN,5.07615551428159
DEU,1994,TX.VAL.FOOD.ZS.UN,5.37937789078632
GBR,2025,TX.VAL.FOOD.ZS.UN,6.6624992004027
GBR,2024,TX.VAL.FOOD.ZS.UN,6.66464200567159
GBR,2023,TX.VAL.FOOD.ZS.UN,6.54486658290483
GBR,2022,TX.VAL.FOOD.ZS.UN,6.34928809078005
GBR,2021,TX.VAL.FOOD.ZS.UN,6.41938576712047
GBR,2020,TX.VAL.FOOD.ZS.UN,7.6188345905585
GBR,2019,TX.VAL.FOOD.ZS.UN,6.66646706676357
GBR,2018,TX.VAL.FOOD.ZS.UN,6.33004538991663
GBR,2017,TX.VAL.FOOD.ZS.UN,6.64400665272059
GBR,2016,TX.VAL.FOOD.ZS.UN,6.83366051304608
GBR,2015,TX.VAL.FOOD.ZS.UN,6.17567024852601
GBR,2014,TX.VAL.FOOD.ZS.UN,6.36091668605867
GBR,2013,TX.VAL.FOOD.ZS.UN,5.63814127080943
GBR,2012,TX.VAL.FOOD.ZS.UN,6.19125978214314
GBR,2011,TX.VAL.FOOD.ZS.UN,5.91768098654438
GBR,2010,TX.VAL.FOOD.ZS.UN,6.12218624852784
GBR,2009,TX.VAL.FOOD.ZS.UN,6.48499826432381
GBR,2008,TX.VAL.FOOD.ZS.UN,5.48715893513552
GBR,2007,TX.VAL.FOOD.ZS.UN,5.49278219254322
GBR,2006,TX.VAL.FOOD.ZS.UN,4.64404360947325
GBR,2005,TX.VAL.FOOD.ZS.UN,5.11620092593381
GBR,2004,TX.VAL.FOOD.ZS.UN,5.67336016235085
GBR,2003,TX.VAL.FOOD.ZS.UN,5.90253464690258
GBR,2002,TX.VAL.FOOD.ZS.UN,5.40005655208821
GBR,2001,TX.VAL.FOOD.ZS.UN,5.09666727026779
GBR,2000,TX.VAL.FOOD.ZS.UN,5.28603899121592
GBR,1999,TX.VAL.FOOD.ZS.UN,6.08286418678788
GBR,1998,TX.VAL.FOOD.ZS.UN,6.40258279682501
GBR,1997,TX.VAL.FOOD.ZS.UN,6.64737159437065
GBR,1996,TX.VAL.FOOD.ZS.UN,7.01610833480393
GBR,1995,TX.VAL.FOOD.ZS.UN,7.61029295882664
GBR,1994,TX.VAL.FOOD.ZS.UN,7.55299030454623
JPN,2025,TX.VAL.FOOD.ZS.UN,1.28299029316037
JPN,2024,TX.VAL.FOOD.ZS.UN,1.14784503058243
JPN,2023,TX.VAL.FOOD.ZS.UN,1.16659144062924
JPN,2022,TX.VAL.FOOD.ZS.UN,1.2062494202247
JPN,2021,TX.VAL.FOOD.ZS.UN,1.23514819621905
JPN,2020,TX.VAL.FOOD.ZS.UN,1.19511218925468
JPN,2019,TX.VAL.FOOD.ZS.UN,1.01645127952317
JPN,2018,TX.VAL.FOOD.ZS.UN,0.943387365861318
JPN,2017,TX.VAL.FOOD.ZS.UN,0.851965414543185
JPN,2016,TX.VAL.FOOD.ZS.UN,0.891941427614723
JPN,2015,TX.VAL.FOOD.ZS.UN,0.813866922016466
JPN,2014,TX.VAL.FOOD.ZS.UN,0.683471543542389
JPN,2013,TX.VAL.FOOD.ZS.UN,0.645742699069777
JPN,2012,TX.VAL.FOOD.ZS.UN,0.575029731561041
JPN,2011,TX.VAL.FOOD.ZS.UN,0.564169045394337
JPN,2010,TX.VAL.FOOD.ZS.UN,0.617652354676986
JPN,2009,TX.VAL.FOOD.ZS.UN,0.690451412892872
JPN,2008,TX.VAL.FOOD.ZS.UN,0.509377077517787
JPN,2007,TX.VAL.FOOD.ZS.UN,0.507222939624939
JPN,2006,TX.VAL.FOOD.ZS.UN,0.486625592454053
JPN,2005,TX.VAL.FOOD.ZS.UN,0.495691499202032
JPN,2004,TX.VAL.FOOD.ZS.UN,0.474776788125197
JPN,2003,TX.VAL.FOOD.ZS.UN,0.503396685872992
JPN,2002,TX.VAL.FOOD.ZS.UN,0.531336354831289
JPN,2001,TX.VAL.FOOD.ZS.UN,0.758601855147861
JPN,2000,TX.VAL.FOOD.ZS.UN,0.452783919166762
JPN,1999,TX.VAL.FOOD.ZS.UN,0.518565622541601
JPN,1998,TX.VAL.FOOD.ZS.UN,0.528752165353626
JPN,1997,TX.VAL.FOOD.ZS.UN,0.5370486004476
JPN,1996,TX.VAL.FOOD.ZS.UN,0.49257797903468
JPN,1995,TX.VAL.FOOD.ZS.UN,0.492825176194672
JPN,1994,TX.VAL.FOOD.ZS.UN,0.526452848673301
SWE,2025,TX.VAL.FOOD.ZS.UN,
SWE,2024,TX.VAL.FOOD.ZS.UN,6.71210891523292
SWE,2023,TX.VAL.FOOD.ZS.UN,6.78477872762508
SWE,2022,TX.VAL.FOOD.ZS.UN,6.42907998846222
SWE,2021,TX.VAL.FOOD.ZS.UN,6.30166630967221
SWE,2020,TX.VAL.FOOD.ZS.UN,6.77998748954765
SWE,2019,TX.VAL.FOOD.ZS.UN,6.33628128099627
SWE,2018,TX.VAL.FOOD.ZS.UN,6.26941115960607
SWE,2017,TX.VAL.FOOD.ZS.UN,6.31433100604593
SWE,2016,TX.VAL.FOOD.ZS.UN,6.84720861496734
SWE,2015,TX.VAL.FOOD.ZS.UN,6.29630742468142
SWE,2014,TX.VAL.FOOD.ZS.UN,6.11009291485934
SWE,2013,TX.VAL.FOOD.ZS.UN,5.77298229421802
SWE,2012,TX.VAL.FOOD.ZS.UN,4.93998584874277
SWE,2011,TX.VAL.FOOD.ZS.UN,4.4453589630671
SWE,2010,TX.VAL.FOOD.ZS.UN,4.69571565315647
SWE,2009,TX.VAL.FOOD.ZS.UN,4.92675978865886
SWE,2008,TX.VAL.FOOD.ZS.UN,3.92430890415486
SWE,2007,TX.VAL.FOOD.ZS.UN,3.5673411968344
SWE,2006,TX.VAL.FOOD.ZS.UN,3.50410942185358
SWE,2005,TX.VAL.FOOD.ZS.UN,3.46459797467397
SWE,2004,TX.VAL.FOOD.ZS.UN,3.3266853802078
SWE,2003,TX.VAL.FOOD.ZS.UN,3.31815713021752
SWE,2002,TX.VAL.FOOD.ZS.UN,3.20165914935217
SWE,2001,TX.VAL.FOOD.ZS.UN,3.01089760820782
SWE,2000,TX.VAL.FOOD.ZS.UN,2.47832230408581
SWE,1999,TX.VAL.FOOD.ZS.UN,2.567505890337
SWE,1998,TX.VAL.FOOD.ZS.UN,2.53980232927451
SWE,1997,TX.VAL.FOOD.ZS.UN,2.7782350883107
SWE,1996,TX.VAL.FOOD.ZS.UN,2.48078743689292
SWE,1995,TX.VAL.FOOD.ZS.UN,2.2096306389604
SWE,1994,TX.VAL.FOOD.ZS.UN,2.21817231792652
BRA,2025,TX.VAL.FUEL.ZS.UN,16.1168674307759
BRA,2024,TX.VAL.FUEL.ZS.UN,16.958206628778
BRA,2023,TX.VAL.FUEL.ZS.UN,16.2396336722963
BRA,2022,TX.VAL.FUEL.ZS.UN,16.9977876592036
BRA,2021,TX.VAL.FUEL.ZS.UN,13.6578322774084
BRA,2020,TX.VAL.FUEL.ZS.UN,11.8904796185398
BRA,2019,TX.VAL.FUEL.ZS.UN,13.7087051192779
BRA,2018,TX.VAL.FUEL.ZS.UN,12.7686622344956
BRA,2017,TX.VAL.FUEL.ZS.UN,8.70889192124879
BRA,2016,TX.VAL.FUEL.ZS.UN,6.45092898767891
BRA,2015,TX.VAL.FUEL.ZS.UN,7.36062490155865
BRA,2014,TX.VAL.FUEL.ZS.UN,9.34729459467066
BRA,2013,TX.VAL.FUEL.ZS.UN,7.66385116284542
BRA,2012,TX.VAL.FUEL.ZS.UN,11.0241509437928
BRA,2011,TX.VAL.FUEL.ZS.UN,10.5615058710782
BRA,2010,TX.VAL.FUEL.ZS.UN,9.90018294064999
BRA,2009,TX.VAL.FUEL.ZS.UN,8.99747965310975
BRA,2008,TX.VAL.FUEL.ZS.UN,9.54679022247767
BRA,2007,TX.VAL.FUEL.ZS.UN,8.3200987153992
BRA,2006,TX.VAL.FUEL.ZS.UN,7.6849024441964
BRA,2005,TX.VAL.FUEL.ZS.UN,5.99044785506381
BRA,2004,TX.VAL.FUEL.ZS.UN,4.57386755418818
BRA,2003,TX.VAL.FUEL.ZS.UN,5.18581641390888
BRA,2002,TX.VAL.FUEL.ZS.UN,4.88298916852666
BRA,2001,TX.VAL.FUEL.ZS.UN,3.58999518895038
BRA,2000,TX.VAL.FUEL.ZS.UN,1.64799481860444
BRA,1999,TX.VAL.FUEL.ZS.UN,0.841946049642259
BRA,1998,TX.VAL.FUEL.ZS.UN,0.690670677236703
BRA,1997,TX.VAL.FUEL.ZS.UN,0.601043144053385
BRA,1996,TX.VAL.FUEL.ZS.UN,0.881497348161001
BRA,1995,TX.VAL.FUEL.ZS.UN,0.883010356694704
BRA,1994,TX.VAL.FUEL.ZS.UN,1.81740799878882
CAN,2025,TX.VAL.FUEL.ZS.UN,
CAN,2024,TX.VAL.FUEL.ZS.UN,27.6974112165315
CAN,2023,TX.VAL.FUEL.ZS.UN,25.1997448504993
CAN,2022,TX.VAL.FUEL.ZS.UN,30.1749905885513
CAN,2021,TX.VAL.FUEL.ZS.UN,23.8688657837555
CAN,2020,TX.VAL.FUEL.ZS.UN,17.7117312023626
CAN,2019,TX.VAL.FUEL.ZS.UN,22.1408507825001
CAN,2018,TX.VAL.FUEL.ZS.UN,24.0190349725915
CAN,2017,TX.VAL.FUEL.ZS.UN,21.9517954420132
CAN,2016,TX.VAL.FUEL.ZS.UN,17.6256219682134
CAN,2015,TX.VAL.FUEL.ZS.UN,20.6034302087075
CAN,2014,TX.VAL.FUEL.ZS.UN,28.8930710605179
CAN,2013,TX.VAL.FUEL.ZS.UN,26.361569817347
CAN,2012,TX.VAL.FUEL.ZS.UN,25.624190392384
CAN,2011,TX.VAL.FUEL.ZS.UN,27.4324660090794
CAN,2010,TX.VAL.FUEL.ZS.UN,25.3243673228047
CAN,2009,TX.VAL.FUEL.ZS.UN,24.4206443987166
CAN,2008,TX.VAL.FUEL.ZS.UN,29.1358336622959
CAN,2007,TX.VAL.FUEL.ZS.UN,22.1140329189937
CAN,2006,TX.VAL.FUEL.ZS.UN,21.1379598727868
CAN,2005,TX.VAL.FUEL.ZS.UN,21.4038513666457
CAN,2004,TX.VAL.FUEL.ZS.UN,17.7567638842642
CAN,2003,TX.VAL.FUEL.ZS.UN,16.1206014067341
CAN,2002,TX.VAL.FUEL.ZS.UN,12.6185161385063
CAN,2001,TX.VAL.FUEL.ZS.UN,15.3001928011191
CAN,2000,TX.VAL.FUEL.ZS.UN,14.097379549686
CAN,1999,TX.VAL.FUEL.ZS.UN,8.48546537418759
CAN,1998,TX.VAL.FUEL.ZS.UN,8.23662529510941
CAN,1997,TX.VAL.FUEL.ZS.UN,10.1852291084557
CAN,1996,TX.VAL.FUEL.ZS.UN,10.4794606794617
CAN,1995,TX.VAL.FUEL.ZS.UN,9.11003445292849
CAN,1994,TX.VAL.FUEL.ZS.UN,9.68688124373483
DEU,2025,TX.VAL.FUEL.ZS.UN,
DEU,2024,TX.VAL.FUEL.ZS.UN,2.07454936630529
DEU,2023,TX.VAL.FUEL.ZS.UN,2.0446709964022
DEU,2022,TX.VAL.FUEL.ZS.UN,3.55065871383029
DEU,2021,TX.VAL.FUEL.ZS.UN,2.60156267352484
DEU,2020,TX.VAL.FUEL.ZS.UN,1.81843784726771
DEU,2019,TX.VAL.FUEL.ZS.UN,2.21694997936172
DEU,2018,TX.VAL.FUEL.ZS.UN,2.06424587714665
DEU,2017,TX.VAL.FUEL.ZS.UN,1.79687015135703
DEU,2016,TX.VAL.FUEL.ZS.UN,1.64382508639625
DEU,2015,TX.VAL.FUEL.ZS.UN,2.13441977383123
DEU,2014,TX.VAL.FUEL.ZS.UN,2.25199429341006
DEU,2013,TX.VAL.FUEL.ZS.UN,2.41594718104658
DEU,2012,TX.VAL.FUEL.ZS.UN,2.43490930670804
DEU,2011,TX.VAL.FUEL.ZS.UN,2.29646861136678
DEU,2010,TX.VAL.FUEL.ZS.UN,1.96777437205077
DEU,2009,TX.VAL.FUEL.ZS.UN,2.02575854491354
DEU,2008,TX.VAL.FUEL.ZS.UN,2.61473020571424
DEU,2007,TX.VAL.FUEL.ZS.UN,2.28098048790857
DEU,2006,TX.VAL.FUEL.ZS.UN,2.52514172512018
DEU,2005,TX.VAL.FUEL.ZS.UN,2.15737726367222
DEU,2004,TX.VAL.FUEL.ZS.UN,1.86646970395014
DEU,2003,TX.VAL.FUEL.ZS.UN,1.51275631349144
DEU,2002,TX.VAL.FUEL.ZS.UN,1.42402064167184
DEU,2001,TX.VAL.FUEL.ZS.UN,1.44738768953611
DEU,2000,TX.VAL.FUEL.ZS.UN,1.41134713629722
DEU,1999,TX.VAL.FUEL.ZS.UN,1.04056973044895
DEU,1998,TX.VAL.FUEL.ZS.UN,1.03291080248421
DEU,1997,TX.VAL.FUEL.ZS.UN,1.17031174424987
DEU,1996,TX.VAL.FUEL.ZS.UN,1.26915581573352
DEU,1995,TX.VAL.FUEL.ZS.UN,0.955770515368349
DEU,1994,TX.VAL.FUEL.ZS.UN,1.12190298003613
GBR,2025,TX.VAL.FUEL.ZS.UN,7.10156229531189
GBR,2024,TX.VAL.FUEL.ZS.UN,8.57390412775903
GBR,2023,TX.VAL.FUEL.ZS.UN,8.96373321933615
GBR,2022,TX.VAL.FUEL.ZS.UN,12.3109041508633
GBR,2021,TX.VAL.FUEL.ZS.UN,8.32935578799489
GBR,2020,TX.VAL.FUEL.ZS.UN,7.06424366401815
GBR,2019,TX.VAL.FUEL.ZS.UN,8.59897730540144
GBR,2018,TX.VAL.FUEL.ZS.UN,9.45873392804059
GBR,2017,TX.VAL.FUEL.ZS.UN,7.96909103032825
GBR,2016,TX.VAL.FUEL.ZS.UN,6.25609635660007
GBR,2015,TX.VAL.FUEL.ZS.UN,7.02213106641059
GBR,2014,TX.VAL.FUEL.ZS.UN,10.8953001970876
GBR,2013,TX.VAL.FUEL.ZS.UN,11.4223263327095
GBR,2012,TX.VAL.FUEL.ZS.UN,13.8690044776246
GBR,2011,TX.VAL.FUEL.ZS.UN,12.6153872741119
GBR,2010,TX.VAL.FUEL.ZS.UN,12.3740599458975
GBR,2009,TX.VAL.FUEL.ZS.UN,11.0096977437667
GBR,2008,TX.VAL.FUEL.ZS.UN,12.907975568673
GBR,2007,TX.VAL.FUEL.ZS.UN,10.283154066959
GBR,2006,TX.VAL.FUEL.ZS.UN,9.51966616894902
GBR,2005,TX.VAL.FUEL.ZS.UN,9.34667587729113
GBR,2004,TX.VAL.FUEL.ZS.UN,8.74180115519692
GBR,2003,TX.VAL.FUEL.ZS.UN,8.18486315684614
GBR,2002,TX.VAL.FUEL.ZS.UN,8.09048122385878
GBR,2001,TX.VAL.FUEL.ZS.UN,8.02728595472992
GBR,2000,TX.VAL.FUEL.ZS.UN,8.31363399667227
GBR,1999,TX.VAL.FUEL.ZS.UN,5.54940163815323
GBR,1998,TX.VAL.FUEL.ZS.UN,4.14103276192785
GBR,1997,TX.VAL.FUEL.ZS.UN,6.02927111333643
GBR,1996,TX.VAL.FUEL.ZS.UN,6.72122587769505
GBR,1995,TX.VAL.FUEL.ZS.UN,6.19592254258388
GBR,1994,TX.VAL.FUEL.ZS.UN,6.69346243627761
JPN,2025,TX.VAL.FUEL.ZS.UN,1.18502310670015
JPN,2024,TX.VAL.FUEL.ZS.UN,1.39430977776367
JPN,2023,TX.VAL.FUEL.ZS.UN,1.77262134601493
JPN,2022,TX.VAL.FUEL.ZS.UN,2.4439279415333
JPN,2021,TX.VAL.FUEL.ZS.UN,1.35105888659274
JPN,2020,TX.VAL.FUEL.ZS.UN,1.18928797948461
JPN,2019,TX.VAL.FUEL.ZS.UN,1.98546863293334
JPN,2018,TX.VAL.FUEL.ZS.UN,1.81010139690813
JPN,2017,TX.VAL.FUEL.ZS.UN,1.62989701847048
JPN,2016,TX.VAL.FUEL.ZS.UN,1.45314833400369
JPN,2015,TX.VAL.FUEL.ZS.UN,1.82112089122004
JPN,2014,TX.VAL.FUEL.ZS.UN,2.29264163422113
JPN,2013,TX.VAL.FUEL.ZS.UN,2.33284299920258
JPN,2012,TX.VAL.FUEL.ZS.UN,1.68214490249087
JPN,2011,TX.VAL.FUEL.ZS.UN,1.97930812274285
JPN,2010,TX.VAL.FUEL.ZS.UN,1.69502618164654
JPN,2009,TX.VAL.FUEL.ZS.UN,1.81331656588565
JPN,2008,TX.VAL.FUEL.ZS.UN,2.40280339631499
JPN,2007,TX.VAL.FUEL.ZS.UN,1.29910132558477
JPN,2006,TX.VAL.FUEL.ZS.UN,0.911800481133708
JPN,2005,TX.VAL.FUEL.ZS.UN,0.748696218083002
JPN,2004,TX.VAL.FUEL.ZS.UN,0.40443333428467
JPN,2003,TX.VAL.FUEL.ZS.UN,0.330277857113262
JPN,2002,TX.VAL.FUEL.ZS.UN,0.336838530943305
JPN,2001,TX.VAL.FUEL.ZS.UN,0.37414264059477
JPN,2000,TX.VAL.FUEL.ZS.UN,0.31713063235683
JPN,1999,TX.VAL.FUEL.ZS.UN,0.293460615995519
JPN,1998,TX.VAL.FUEL.ZS.UN,0.318688278151706
JPN,1997,TX.VAL.FUEL.ZS.UN,0.453849667485478
JPN,1996,TX.VAL.FUEL.ZS.UN,0.474366187977455
JPN,1995,TX.VAL.FUEL.ZS.UN,0.562941676915821
JPN,1994,TX.VAL.FUEL.ZS.UN,0.58221079333948
SWE,2025,TX.VAL.FUEL.ZS.UN,
SWE,2024,TX.VAL.FUEL.ZS.UN,7.12163407305459
SWE,2023,TX.VAL.FUEL.ZS.UN,7.47686102725083
SWE,2022,TX.VAL.FUEL.ZS.UN,10.1622003847406
SWE,2021,TX.VAL.FUEL.ZS.UN,6.95473124929989
SWE,2020,TX.VAL.FUEL.ZS.UN,4.5414669608976
SWE,2019,TX.VAL.FUEL.ZS.UN,6.36260198244691
SWE,2018,TX.VAL.FUEL.ZS.UN,7.4346745116462
SWE,2017,TX.VAL.FUEL.ZS.UN,6.43406589912351
SWE,2016,TX.VAL.FUEL.ZS.UN,5.64525345959308
SWE,2015,TX.VAL.FUEL.ZS.UN,6.17712163770696
SWE,2014,TX.VAL.FUEL.ZS.UN,8.08175321120022
SWE,2013,TX.VAL.FUEL.ZS.UN,7.84874568644373
SWE,2012,TX.VAL.FUEL.ZS.UN,9.38407844374559
SWE,2011,TX.VAL.FUEL.ZS.UN,7.30520174490473
SWE,2010,TX.VAL.FUEL.ZS.UN,6.98170290674573
SWE,2009,TX.VAL.FUEL.ZS.UN,6.14691587571342
SWE,2008,TX.VAL.FUEL.ZS.UN,7.36848254501507
SWE,2007,TX.VAL.FUEL.ZS.UN,4.97189729555259
SWE,2006,TX.VAL.FUEL.ZS.UN,5.57557405608037
SWE,2005,TX.VAL.FUEL.ZS.UN,4.97850612726257
SWE,2004,TX.VAL.FUEL.ZS.UN,3.84503652460961
SWE,2003,TX.VAL.FUEL.ZS.UN,3.12791621451129
SWE,2002,TX.VAL.FUEL.ZS.UN,2.89073046611425
SWE,2001,TX.VAL.FUEL.ZS.UN,3.33532324710113
SWE,2000,TX.VAL.FUEL.ZS.UN,3.31858715765176
SWE,1999,TX.VAL.FUEL.ZS.UN,2.13463141544205
SWE,1998,TX.VAL.FUEL.ZS.UN,1.82634559158328
SWE,1997,TX.VAL.FUEL.ZS.UN,2.17679298733637
SWE,1996,TX.VAL.FUEL.ZS.UN,2.1758397938844
SWE,1995,TX.VAL.FUEL.ZS.UN,1.87513121284386
SWE,1994,TX.VAL.FUEL.ZS.UN,2.53423570979634
BRA,2025,TX.VAL.MMTL.ZS.UN,12.2050024227843
BRA,2024,TX.VAL.MMTL.ZS.UN,12.6428158614818
BRA,2023,TX.VAL.MMTL.ZS.UN,12.3830665434344
BRA,2022,TX.VAL.MMTL.ZS.UN,11.9487430335173
BRA,2021,TX.VAL.MMTL.ZS.UN,19.7712118224733
BRA,2020,TX.VAL.MMTL.ZS.UN,16.15139770501
BRA,2019,TX.VAL.MMTL.ZS.UN,14.1508177854909
BRA,2018,TX.VAL.MMTL.ZS.UN,12.6374485933875
BRA,2017,TX.VAL.MMTL.ZS.UN,13.0831098475533
BRA,2016,TX.VAL.MMTL.ZS.UN,11.7957523334983
BRA,2015,TX.VAL.MMTL.ZS.UN,12.1341102758254
BRA,2014,TX.VAL.MMTL.ZS.UN,15.4956460079532
BRA,2013,TX.VAL.MMTL.ZS.UN,17.5580001748735
BRA,2012,TX.VAL.MMTL.ZS.UN,16.3040965781489
BRA,2011,TX.VAL.MMTL.ZS.UN,20.1070531698883
BRA,2010,TX.VAL.MMTL.ZS.UN,18.1365432959484
BRA,2009,TX.VAL.MMTL.ZS.UN,12.5107496684766
BRA,2008,TX.VAL.MMTL.ZS.UN,12.9310514381352
BRA,2007,TX.VAL.MMTL.ZS.UN,11.824211244797
BRA,2006,TX.VAL.MMTL.ZS.UN,11.5153137673912
BRA,2005,TX.VAL.MMTL.ZS.UN,10.0039567544992
BRA,2004,TX.VAL.MMTL.ZS.UN,8.93935202180293
BRA,2003,TX.VAL.MMTL.ZS.UN,8.53329654962629
BRA,2002,TX.VAL.MMTL.ZS.UN,8.74037070967909
BRA,2001,TX.VAL.MMTL.ZS.UN,8.59153360869163
BRA,2000,TX.VAL.MMTL.ZS.UN,10.1135110678242
BRA,1999,TX.VAL.MMTL.ZS.UN,10.1704623298126
BRA,1998,TX.VAL.MMTL.ZS.UN,10.0118801178597
BRA,1997,TX.VAL.MMTL.ZS.UN,9.47165881315684
BRA,1996,TX.VAL.MMTL.ZS.UN,10.0435399192307
BRA,1995,TX.VAL.MMTL.ZS.UN,10.2855727154252
BRA,1994,TX.VAL.MMTL.ZS.UN,9.65743613080772
CAN,2025,TX.VAL.MMTL.ZS.UN,
CAN,2024,TX.VAL.MMTL.ZS.UN,7.21859335754214
CAN,2023,TX.VAL.MMTL.ZS.UN,6.86872537579518
CAN,2022,TX.VAL.MMTL.ZS.UN,7.20264166838275
CAN,2021,TX.VAL.MMTL.ZS.UN,8.29415109423537
CAN,2020,TX.VAL.MMTL.ZS.UN,7.70223671673035
CAN,2019,TX.VAL.MMTL.ZS.UN,6.52600997886215
CAN,2018,TX.VAL.MMTL.ZS.UN,7.53044628928381
CAN,2017,TX.VAL.MMTL.ZS.UN,7.31666886721892
CAN,2016,TX.VAL.MMTL.ZS.UN,6.85096938677528
CAN,2015,TX.VAL.MMTL.ZS.UN,7.07782826449341
CAN,2014,TX.VAL.MMTL.ZS.UN,7.06901814566853
CAN,2013,TX.VAL.MMTL.ZS.UN,6.97314384892527
CAN,2012,TX.VAL.MMTL.ZS.UN,7.27699468961734
CAN,2011,TX.VAL.MMTL.ZS.UN,8.7097407762028
CAN,2010,TX.VAL.MMTL.ZS.UN,7.99427194909637
CAN,2009,TX.VAL.MMTL.ZS.UN,7.10416068916213
CAN,2008,TX.VAL.MMTL.ZS.UN,8.25104308459543
CAN,2007,TX.VAL.MMTL.ZS.UN,9.24435217999991
CAN,2006,TX.VAL.MMTL.ZS.UN,7.96768372439263
CAN,2005,TX.VAL.MMTL.ZS.UN,5.85003684469677
CAN,2004,TX.VAL.MMTL.ZS.UN,5.46924018318962
CAN,2003,TX.VAL.MMTL.ZS.UN,4.45212340428914
CAN,2002,TX.VAL.MMTL.ZS.UN,4.44360609524797
CAN,2001,TX.VAL.MMTL.ZS.UN,4.5763397781131
CAN,2000,TX.VAL.MMTL.ZS.UN,4.61309970982318
CAN,1999,TX.VAL.MMTL.ZS.UN,4.44212142179388
CAN,1998,TX.VAL.MMTL.ZS.UN,5.31048193630592
CAN,1997,TX.VAL.MMTL.ZS.UN,5.94187552205493
CAN,1996,TX.VAL.MMTL.ZS.UN,6.12078323334853
CAN,1995,TX.VAL.MMTL.ZS.UN,6.69255405328772
CAN,1994,TX.VAL.MMTL.ZS.UN,5.88975359365213
DEU,2025,TX.VAL.MMTL.ZS.UN,
DEU,2024,TX.VAL.MMTL.ZS.UN,2.72353839400857
DEU,2023,TX.VAL.MMTL.ZS.UN,2.72269311920232
DEU,2022,TX.VAL.MMTL.ZS.UN,3.20293652588426
DEU,2021,TX.VAL.MMTL.ZS.UN,3.37551358136732
DEU,2020,TX.VAL.MMTL.ZS.UN,2.83242984391125
DEU,2019,TX.VAL.MMTL.ZS.UN,2.55894433814177
DEU,2018,TX.VAL.MMTL.ZS.UN,2.56915136679601
DEU,2017,TX.VAL.MMTL.ZS.UN,2.543077062625
DEU,2016,TX.VAL.MMTL.ZS.UN,2.31084898157863
DEU,2015,TX.VAL.MMTL.ZS.UN,2.46485437516914
DEU,2014,TX.VAL.MMTL.ZS.UN,2.6811267823272
DEU,2013,TX.VAL.MMTL.ZS.UN,2.76715898866833
DEU,2012,TX.VAL.MMTL.ZS.UN,3.04691827865277
DEU,2011,TX.VAL.MMTL.ZS.UN,3.30754600631597
DEU,2010,TX.VAL.MMTL.ZS.UN,3.00262778857456
DEU,2009,TX.VAL.MMTL.ZS.UN,2.56724520881715
DEU,2008,TX.VAL.MMTL.ZS.UN,3.11834578635162
DEU,2007,TX.VAL.MMTL.ZS.UN,3.28306933470103
DEU,2006,TX.VAL.MMTL.ZS.UN,3.24106059312103
DEU,2005,TX.VAL.MMTL.ZS.UN,2.55683845334251
DEU,2004,TX.VAL.MMTL.ZS.UN,2.32225166446631
DEU,2003,TX.VAL.MMTL.ZS.UN,2.13366197300079
DEU,2002,TX.VAL.MMTL.ZS.UN,2.32325935289554
DEU,2001,TX.VAL.MMTL.ZS.UN,2.43980575497065
DEU,2000,TX.VAL.MMTL.ZS.UN,2.46346214301618
DEU,1999,TX.VAL.MMTL.ZS.UN,2.23788369998884
DEU,1998,TX.VAL.MMTL.ZS.UN,2.33583581215988
DEU,1997,TX.VAL.MMTL.ZS.UN,2.54887187737716
DEU,1996,TX.VAL.MMTL.ZS.UN,2.30725624736911
DEU,1995,TX.VAL.MMTL.ZS.UN,2.59242826427235
DEU,1994,TX.VAL.MMTL.ZS.UN,2.4181546293218
GBR,2025,TX.VAL.MMTL.ZS.UN,5.70704171115552
GBR,2024,TX.VAL.MMTL.ZS.UN,4.54180165284014
GBR,2023,TX.VAL.MMTL.ZS.UN,4.52329389386415
GBR,2022,TX.VAL.MMTL.ZS.UN,6.3443561242002
GBR,2021,TX.VAL.MMTL.ZS.UN,6.9118678026751
GBR,2020,TX.VAL.MMTL.ZS.UN,6.60053768600958
GBR,2019,TX.VAL.MMTL.ZS.UN,3.87668770218372
GBR,2018,TX.VAL.MMTL.ZS.UN,3.80493061222039
GBR,2017,TX.VAL.MMTL.ZS.UN,3.76091537779836
GBR,2016,TX.VAL.MMTL.ZS.UN,3.30367400940286
GBR,2015,TX.VAL.MMTL.ZS.UN,3.3447181856556
GBR,2014,TX.VAL.MMTL.ZS.UN,3.51067472962863
GBR,2013,TX.VAL.MMTL.ZS.UN,3.25105027960383
GBR,2012,TX.VAL.MMTL.ZS.UN,3.71702985858318
GBR,2011,TX.VAL.MMTL.ZS.UN,4.37928098239928
GBR,2010,TX.VAL.MMTL.ZS.UN,3.77754807011745
GBR,2009,TX.VAL.MMTL.ZS.UN,3.02029693245409
GBR,2008,TX.VAL.MMTL.ZS.UN,4.27586499165398
GBR,2007,TX.VAL.MMTL.ZS.UN,4.01010128832781
GBR,2006,TX.VAL.MMTL.ZS.UN,3.0910735549954
GBR,2005,TX.VAL.MMTL.ZS.UN,2.83972495612444
GBR,2004,TX.VAL.MMTL.ZS.UN,2.74305822475285
GBR,2003,TX.VAL.MMTL.ZS.UN,2.22918404628181
GBR,2002,TX.VAL.MMTL.ZS.UN,2.04908353235747
GBR,2001,TX.VAL.MMTL.ZS.UN,2.20906839925781
GBR,2000,TX.VAL.MMTL.ZS.UN,2.22085228199581
GBR,1999,TX.VAL.MMTL.ZS.UN,1.83878094704542
GBR,1998,TX.VAL.MMTL.ZS.UN,2.06261180505803
GBR,1997,TX.VAL.MMTL.ZS.UN,2.28011755885262
GBR,1996,TX.VAL.MMTL.ZS.UN,2.32520383011763
GBR,1995,TX.VAL.MMTL.ZS.UN,2.71189438180429
GBR,1994,TX.VAL.MMTL.ZS.UN,2.48589865748493
JPN,2025,TX.VAL.MMTL.ZS.UN,3.56324938693145
JPN,2024,TX.VAL.MMTL.ZS.UN,3.40853387907624
JPN,2023,TX.VAL.MMTL.ZS.UN,3.36894550677221
JPN,2022,TX.VAL.MMTL.ZS.UN,3.4405823594586
JPN,2021,TX.VAL.MMTL.ZS.UN,3.50428845966949
JPN,2020,TX.VAL.MMTL.ZS.UN,3.12739508129515
JPN,2019,TX.VAL.MMTL.ZS.UN,2.42229921438742
JPN,2018,TX.VAL.MMTL.ZS.UN,2.51618461172461
JPN,2017,TX.VAL.MMTL.ZS.UN,2.4236894271064
JPN,2016,TX.VAL.MMTL.ZS.UN,2.31280447850218
JPN,2015,TX.VAL.MMTL.ZS.UN,2.47487398731731
JPN,2014,TX.VAL.MMTL.ZS.UN,2.67378416411769
JPN,2013,TX.VAL.MMTL.ZS.UN,2.80664770663769
JPN,2012,TX.VAL.MMTL.ZS.UN,2.74337339795033
JPN,2011,TX.VAL.MMTL.ZS.UN,2.57453394705375
JPN,2010,TX.VAL.MMTL.ZS.UN,2.57283126658044
JPN,2009,TX.VAL.MMTL.ZS.UN,2.63029185657313
JPN,2008,TX.VAL.MMTL.ZS.UN,2.4147697205401
JPN,2007,TX.VAL.MMTL.ZS.UN,2.42206298603946
JPN,2006,TX.VAL.MMTL.ZS.UN,2.23362413033632
JPN,2005,TX.VAL.MMTL.ZS.UN,1.74672948868638
JPN,2004,TX.VAL.MMTL.ZS.UN,1.55315826979317
JPN,2003,TX.VAL.MMTL.ZS.UN,1.32840485295458
JPN,2002,TX.VAL.MMTL.ZS.UN,1.30458455245236
JPN,2001,TX.VAL.MMTL.ZS.UN,1.36019056115868
JPN,2000,TX.VAL.MMTL.ZS.UN,1.23442610611071
JPN,1999,TX.VAL.MMTL.ZS.UN,1.21560490521611
JPN,1998,TX.VAL.MMTL.ZS.UN,1.22557988807622
JPN,1997,TX.VAL.MMTL.ZS.UN,1.14578690926681
JPN,1996,TX.VAL.MMTL.ZS.UN,1.07938886188533
JPN,1995,TX.VAL.MMTL.ZS.UN,1.04924875334061
JPN,1994,TX.VAL.MMTL.ZS.UN,0.871032646486807
SWE,2025,TX.VAL.MMTL.ZS.UN,
SWE,2024,TX.VAL.MMTL.ZS.UN,5.53625805390112
SWE,2023,TX.VAL.MMTL.ZS.UN,5.1056533111485
SWE,2022,TX.VAL.MMTL.ZS.UN,5.48872826646114
SWE,2021,TX.VAL.MMTL.ZS.UN,6.00596153517669
SWE,2020,TX.VAL.MMTL.ZS.UN,4.98753114074155
SWE,2019,TX.VAL.MMTL.ZS.UN,4.37747790322695
SWE,2018,TX.VAL.MMTL.ZS.UN,4.56420997427681
SWE,2017,TX.VAL.MMTL.ZS.UN,4.76473096014425
SWE,2016,TX.VAL.MMTL.ZS.UN,3.99595434992421
SWE,2015,TX.VAL.MMTL.ZS.UN,4.00896573366298
SWE,2014,TX.VAL.MMTL.ZS.UN,4.67743376747936
SWE,2013,TX.VAL.MMTL.ZS.UN,4.66026191009486
SWE,2012,TX.VAL.MMTL.ZS.UN,5.2789312392961
SWE,2011,TX.VAL.MMTL.ZS.UN,5.21123306380418
SWE,2010,TX.VAL.MMTL.ZS.UN,4.81890262733144
SWE,2009,TX.VAL.MMTL.ZS.UN,3.70919048007781
SWE,2008,TX.VAL.MMTL.ZS.UN,3.99775423131116
SWE,2007,TX.VAL.MMTL.ZS.UN,3.88152149242944
SWE,2006,TX.VAL.MMTL.ZS.UN,3.8634693315986
SWE,2005,TX.VAL.MMTL.ZS.UN,3.08552531635167
SWE,2004,TX.VAL.MMTL.ZS.UN,2.65485241504412
SWE,2003,TX.VAL.MMTL.ZS.UN,2.33474581873445
SWE,2002,TX.VAL.MMTL.ZS.UN,2.4167864230731
SWE,2001,TX.VAL.MMTL.ZS.UN,2.467299446145
SWE,2000,TX.VAL.MMTL.ZS.UN,2.3575459313613
SWE,1999,TX.VAL.MMTL.ZS.UN,2.52773537783698
SWE,1998,TX.VAL.MMTL.ZS.UN,2.531083063932
SWE,1997,TX.VAL.MMTL.ZS.UN,2.84722669997725
SWE,1996,TX.VAL.MMTL.ZS.UN,2.64916229396788
SWE,1995,TX.VAL.MMTL.ZS.UN,2.91918406722869
SWE,1994,TX.VAL.MMTL.ZS.UN,2.90742326414233
BRA,2025,TX.VAL.MRCH.CD.WT,348278000000.0
BRA,2024,TX.VAL.MRCH.CD.WT,337046000000.0
BRA,2023,TX.VAL.MRCH.CD.WT,339696000000.0
BRA,2022,TX.VAL.MRCH.CD.WT,334136000000.0
BRA,2021,TX.VAL.MRCH.CD.WT,280815000000.0
BRA,2020,TX.VAL.MRCH.CD.WT,209180000000.0
BRA,2019,TX.VAL.MRCH.CD.WT,221127000000.0
BRA,2018,TX.VAL.MRCH.CD.WT,231890000000.0
BRA,2017,TX.VAL.MRCH.CD.WT,214988000000.0
BRA,2016,TX.VAL.MRCH.CD.WT,179526000000.0
BRA,2015,TX.VAL.MRCH.CD.WT,186782000000.0
BRA,2014,TX.VAL.MRCH.CD.WT,220923000000.0
BRA,2013,TX.VAL.MRCH.CD.WT,232544000000.0
BRA,2012,TX.VAL.MRCH.CD.WT,239953000000.0
BRA,2011,TX.VAL.MRCH.CD.WT,253666000000.0
BRA,2010,TX.VAL.MRCH.CD.WT,200434000000.0
BRA,2009,TX.VAL.MRCH.CD.WT,151792000000.0
BRA,2008,TX.VAL.MRCH.CD.WT,195765000000.0
BRA,2007,TX.VAL.MRCH.CD.WT,159816000000.0
BRA,2006,TX.VAL.MRCH.CD.WT,137581000000.0
BRA,2005,TX.VAL.MRCH.CD.WT,118529000000.0
BRA,2004,TX.VAL.MRCH.CD.WT,96678000000.0
BRA,2003,TX.VAL.MRCH.CD.WT,73203000000.0
BRA,2002,TX.VAL.MRCH.CD.WT,60439000000.0
BRA,2001,TX.VAL.MRCH.CD.WT,58287000000.0
BRA,2000,TX.VAL.MRCH.CD.WT,55119000000.0
BRA,1999,TX.VAL.MRCH.CD.WT,48013000000.0
BRA,1998,TX.VAL.MRCH.CD.WT,51140000000.0
BRA,1997,TX.VAL.MRCH.CD.WT,52994000000.0
BRA,1996,TX.VAL.MRCH.CD.WT,47747000000.0
BRA,1995,TX.VAL.MRCH.CD.WT,46506000000.0
BRA,1994,TX.VAL.MRCH.CD.WT,43545000000.0
CAN,2025,TX.VAL.MRCH.CD.WT,554676000000.0
CAN,2024,TX.VAL.MRCH.CD.WT,567744000000.0
CAN,2023,TX.VAL.MRCH.CD.WT,570079000000.0
CAN,2022,TX.VAL.MRCH.CD.WT,601632000000.0
CAN,2021,TX.VAL.MRCH.CD.WT,509441000000.0
CAN,2020,TX.VAL.MRCH.CD.WT,390821000000.0
CAN,2019,TX.VAL.MRCH.CD.WT,448817000000.0
CAN,2018,TX.VAL.MRCH.CD.WT,452313000000.0
CAN,2017,TX.VAL.MRCH.CD.WT,420665000000.0
CAN,2016,TX.VAL.MRCH.CD.WT,389991000000.0
CAN,2015,TX.VAL.MRCH.CD.WT,410062000000.0
CAN,2014,TX.VAL.MRCH.CD.WT,476300000000.0
CAN,2013,TX.VAL.MRCH.CD.WT,458318000000.0
CAN,2012,TX.VAL.MRCH.CD.WT,455592000000.0
CAN,2011,TX.VAL.MRCH.CD.WT,451335000000.0
CAN,2010,TX.VAL.MRCH.CD.WT,387481000000.0
CAN,2009,TX.VAL.MRCH.CD.WT,316094000000.0
CAN,2008,TX.VAL.MRCH.CD.WT,456471000000.0
CAN,2007,TX.VAL.MRCH.CD.WT,420693000000.0
CAN,2006,TX.VAL.MRCH.CD.WT,388178000000.0
CAN,2005,TX.VAL.MRCH.CD.WT,360475000000.0
CAN,2004,TX.VAL.MRCH.CD.WT,316762000000.0
CAN,2003,TX.VAL.MRCH.CD.WT,272739000000.0
CAN,2002,TX.VAL.MRCH.CD.WT,252394000000.0
CAN,2001,TX.VAL.MRCH.CD.WT,259858000000.0
CAN,2000,TX.VAL.MRCH.CD.WT,276635000000.0
CAN,1999,TX.VAL.MRCH.CD.WT,238446000000.0
CAN,1998,TX.VAL.MRCH.CD.WT,214327000000.0
CAN,1997,TX.VAL.MRCH.CD.WT,214422000000.0
CAN,1996,TX.VAL.MRCH.CD.WT,201633000000.0
CAN,1995,TX.VAL.MRCH.CD.WT,192197000000.0
CAN,1994,TX.VAL.MRCH.CD.WT,165376000000.0
DEU,2025,TX.VAL.MRCH.CD.WT,1764188000000.0
DEU,2024,TX.VAL.MRCH.CD.WT,1676408000000.0
DEU,2023,TX.VAL.MRCH.CD.WT,1702278000000.0
DEU,2022,TX.VAL.MRCH.CD.WT,1676472000000.0
DEU,2021,TX.VAL.MRCH.CD.WT,1627375000000.0
DEU,2020,TX.VAL.MRCH.CD.WT,1382533000000.0
DEU,2019,TX.VAL.MRCH.CD.WT,1489412000000.0
DEU,2018,TX.VAL.MRCH.CD.WT,1560539000000.0
DEU,2017,TX.VAL.MRCH.CD.WT,1448191000000.0
DEU,2016,TX.VAL.MRCH.CD.WT,1334355000000.0
DEU,2015,TX.VAL.MRCH.CD.WT,1326206000000.0
DEU,2014,TX.VAL.MRCH.CD.WT,1494214000000.0
DEU,2013,TX.VAL.MRCH.CD.WT,1445067000000.0
DEU,2012,TX.VAL.MRCH.CD.WT,1401113000000.0
DEU,2011,TX.VAL.MRCH.CD.WT,1473985000000.0
DEU,2010,TX.VAL.MRCH.CD.WT,1258924000000.0
DEU,2009,TX.VAL.MRCH.CD.WT,1120041000000.0
DEU,2008,TX.VAL.MRCH.CD.WT,1446171000000.0
DEU,2007,TX.VAL.MRCH.CD.WT,1321214000000.0
DEU,2006,TX.VAL.MRCH.CD.WT,1108107000000.0
DEU,2005,TX.VAL.MRCH.CD.WT,970914000000.0
DEU,2004,TX.VAL.MRCH.CD.WT,909887000000.0
DEU,2003,TX.VAL.MRCH.CD.WT,751560000000.0
DEU,2002,TX.VAL.MRCH.CD.WT,615831000000.0
DEU,2001,TX.VAL.MRCH.CD.WT,571645000000.0
DEU,2000,TX.VAL.MRCH.CD.WT,551810000000.0
DEU,1999,TX.VAL.MRCH.CD.WT,543539000000.0
DEU,1998,TX.VAL.MRCH.CD.WT,543752000000.0
DEU,1997,TX.VAL.MRCH.CD.WT,512891000000.0
DEU,1996,TX.VAL.MRCH.CD.WT,524649000000.0
DEU,1995,TX.VAL.MRCH.CD.WT,523461000000.0
DEU,1994,TX.VAL.MRCH.CD.WT,426935000000.0
GBR,2025,TX.VAL.MRCH.CD.WT,555829000000.0
GBR,2024,TX.VAL.MRCH.CD.WT,524286000000.0
GBR,2023,TX.VAL.MRCH.CD.WT,525016000000.0
GBR,2022,TX.VAL.MRCH.CD.WT,546151000000.0
GBR,2021,TX.VAL.MRCH.CD.WT,472147000000.0
GBR,2020,TX.VAL.MRCH.CD.WT,399529000000.0
GBR,2019,TX.VAL.MRCH.CD.WT,460026000000.0
GBR,2018,TX.VAL.MRCH.CD.WT,486439000000.0
GBR,2017,TX.VAL.MRCH.CD.WT,440997000000.0
GBR,2016,TX.VAL.MRCH.CD.WT,410856000000.0
GBR,2015,TX.VAL.MRCH.CD.WT,465850000000.0
GBR,2014,TX.VAL.MRCH.CD.WT,510789000000.0
GBR,2013,TX.VAL.MRCH.CD.WT,546755000000.0
GBR,2012,TX.VAL.MRCH.CD.WT,478780000000.0
GBR,2011,TX.VAL.MRCH.CD.WT,510380000000.0
GBR,2010,TX.VAL.MRCH.CD.WT,420182000000.0
GBR,2009,TX.VAL.MRCH.CD.WT,358158000000.0
GBR,2008,TX.VAL.MRCH.CD.WT,477475000000.0
GBR,2007,TX.VAL.MRCH.CD.WT,446805000000.0
GBR,2006,TX.VAL.MRCH.CD.WT,453735000000.0
GBR,2005,TX.VAL.MRCH.CD.WT,393458000000.0
GBR,2004,TX.VAL.MRCH.CD.WT,349734000000.0
GBR,2003,TX.VAL.MRCH.CD.WT,308651000000.0
GBR,2002,TX.VAL.MRCH.CD.WT,281409000000.0
GBR,2001,TX.VAL.MRCH.CD.WT,274676000000.0
GBR,2000,TX.VAL.MRCH.CD.WT,283173000000.0
GBR,1999,TX.VAL.MRCH.CD.WT,272167000000.0
GBR,1998,TX.VAL.MRCH.CD.WT,273949000000.0
GBR,1997,TX.VAL.MRCH.CD.WT,280406000000.0
GBR,1996,TX.VAL.MRCH.CD.WT,258527000000.0
GBR,1995,TX.VAL.MRCH.CD.WT,237953000000.0
GBR,1994,TX.VAL.MRCH.CD.WT,205079000000.0
JPN,2025,TX.VAL.MRCH.CD.WT,738337000000.0
JPN,2024,TX.VAL.MRCH.CD.WT,707009000000.0
JPN,2023,TX.VAL.MRCH.CD.WT,717256000000.0
JPN,2022,TX.VAL.MRCH.CD.WT,746824000000.0
JPN,2021,TX.VAL.MRCH.CD.WT,756032000000.0
JPN,2020,TX.VAL.MRCH.CD.WT,641319000000.0
JPN,2019,TX.VAL.MRCH.CD.WT,705564000000.0
JPN,2018,TX.VAL.MRCH.CD.WT,738143000000.0
JPN,2017,TX.VAL.MRCH.CD.WT,698329000000.0
JPN,2016,TX.VAL.MRCH.CD.WT,645052000000.0
JPN,2015,TX.VAL.MRCH.CD.WT,624921000000.0
JPN,2014,TX.VAL.MRCH.CD.WT,690203000000.0
JPN,2013,TX.VAL.MRCH.CD.WT,715097000000.0
JPN,2012,TX.VAL.MRCH.CD.WT,798568000000.0
JPN,2011,TX.VAL.MRCH.CD.WT,823184000000.0
JPN,2010,TX.VAL.MRCH.CD.WT,769774000000.0
JPN,2009,TX.VAL.MRCH.CD.WT,580719000000.0
JPN,2008,TX.VAL.MRCH.CD.WT,781412000000.0
JPN,2007,TX.VAL.MRCH.CD.WT,714327000000.0
JPN,2006,TX.VAL.MRCH.CD.WT,646725000000.0
JPN,2005,TX.VAL.MRCH.CD.WT,594941000000.0
JPN,2004,TX.VAL.MRCH.CD.WT,565675000000.0
JPN,2003,TX.VAL.MRCH.CD.WT,471817000000.0
JPN,2002,TX.VAL.MRCH.CD.WT,416726000000.0
JPN,2001,TX.VAL.MRCH.CD.WT,403496000000.0
JPN,2000,TX.VAL.MRCH.CD.WT,479249000000.0
JPN,1999,TX.VAL.MRCH.CD.WT,417610000000.0
JPN,1998,TX.VAL.MRCH.CD.WT,387927000000.0
JPN,1997,TX.VAL.MRCH.CD.WT,420957000000.0
JPN,1996,TX.VAL.MRCH.CD.WT,410901000000.0
JPN,1995,TX.VAL.MRCH.CD.WT,443116000000.0
JPN,1994,TX.VAL.MRCH.CD.WT,397005000000.0
SWE,2025,TX.VAL.MRCH.CD.WT,208332000000.0
SWE,2024,TX.VAL.MRCH.CD.WT,195663000000.0
SWE,2023,TX.VAL.MRCH.CD.WT,197469000000.0
SWE,2022,TX.VAL.MRCH.CD.WT,197736000000.0
SWE,2021,TX.VAL.MRCH.CD.WT,189524000000.0
SWE,2020,TX.VAL.MRCH.CD.WT,155496000000.0
SWE,2019,TX.VAL.MRCH.CD.WT,160576000000.0
SWE,2018,TX.VAL.MRCH.CD.WT,165968000000.0
SWE,2017,TX.VAL.MRCH.CD.WT,152920000000.0
SWE,2016,TX.VAL.MRCH.CD.WT,139290000000.0
SWE,2015,TX.VAL.MRCH.CD.WT,140023000000.0
SWE,2014,TX.VAL.MRCH.CD.WT,164645000000.0
SWE,2013,TX.VAL.MRCH.CD.WT,167550000000.0
SWE,2012,TX.VAL.MRCH.CD.WT,172345000000.0
SWE,2011,TX.VAL.MRCH.CD.WT,186963000000.0
SWE,2010,TX.VAL.MRCH.CD.WT,158549000000.0
SWE,2009,TX.VAL.MRCH.CD.WT,130781000000.0
SWE,2008,TX.VAL.MRCH.CD.WT,183327000000.0
SWE,2007,TX.VAL.MRCH.CD.WT,168817000000.0
SWE,2006,TX.VAL.MRCH.CD.WT,147793000000.0
SWE,2005,TX.VAL.MRCH.CD.WT,130962000000.0
SWE,2004,TX.VAL.MRCH.CD.WT,123267000000.0
SWE,2003,TX.VAL.MRCH.CD.WT,102104000000.0
SWE,2002,TX.VAL.MRCH.CD.WT,81499000000.0
SWE,2001,TX.VAL.MRCH.CD.WT,75645000000.0
SWE,2000,TX.VAL.MRCH.CD.WT,87132000000.0
SWE,1999,TX.VAL.MRCH.CD.WT,84889000000.0
SWE,1998,TX.VAL.MRCH.CD.WT,84767000000.0
SWE,1997,TX.VAL.MRCH.CD.WT,82757000000.0
SWE,1996,TX.VAL.MRCH.CD.WT,84916000000.0
SWE,1995,TX.VAL.MRCH.CD.WT,80440000000.0
SWE,1994,TX.VAL.MRCH.CD.WT,65822000000.0
