month,IMAB11.SA,VALE3.SA,ITUB4.SA,SUZB3.SA,BBAS3.SA,BOVA11.SA
2007-01,,12.72009563446045,4.962215900421143,0.6072980761528015,3.6621880531311035,
2007-02,,12.972349166870117,4.601271152496338,0.6072980761528015,3.6147634983062744,
2007-03,,13.650397300720215,4.5450119972229,0.6072980761528015,3.5141212940216064,
2007-04,,15.027958869934082,4.94325065612793,0.6072980761528015,3.667456865310669,
2007-05,,15.568257331848145,5.332007884979248,12.145959854125977,4.173314571380615,
2007-06,,15.417970657348633,5.436316967010498,12.152033805847168,4.408853054046631,
2007-07,,16.602319717407227,5.464758396148682,12.152033805847168,4.679172039031982,
2007-08,,17.35013771057129,5.436316967010498,12.152033805847168,4.457859039306641,
2007-09,,22.16624641418457,5.825077533721924,12.152033805847168,4.883093357086182,
2007-10,,23.257558822631836,6.245437145233154,12.152033805847168,4.947906017303467,
2007-11,,22.43460464477539,6.258078098297119,12.152033805847168,5.026947498321533,
2007-12,,21.221635818481445,5.752376079559326,12.152033805847168,4.805635929107666,
2008-01,,18.54522132873535,4.997616291046143,12.152033805847168,4.623843193054199,
2008-02,,20.989055633544922,5.38737678527832,12.152033805847168,4.468925952911377,
2008-03,,21.647424697875977,5.061258792877197,12.152033805847168,3.6532294750213623,
2008-04,,23.65528678894043,6.001692771911621,12.152033805847168,4.568516731262207,
2008-05,,23.608436584472656,6.386715888977051,12.152033805847168,5.184103012084961,
2008-06,,20.685762405395508,5.159255027770996,12.152033805847168,4.16608190536499,
2008-07,,17.060352325439453,5.303642749786377,12.152033805847168,3.9988014698028564,
2008-08,,15.665679931640625,4.870011329650879,12.152033805847168,3.7900989055633545,
2008-09,,13.171854972839355,5.054112434387207,12.152033805847168,3.6244137287139893,
2008-10,,10.5056791305542,3.6929523944854736,12.152033805847168,2.3530802726745605,
2008-11,,10.187439918518066,4.222325801849365,12.152033805847168,2.2782022953033447,36.59590148925781
2008-12,,10.246646881103516,4.136740684509277,12.152033805847168,2.3387413024902344,37.51959991455078
2009-01,,12.02657699584961,3.7263619899749756,12.152033805847168,2.2622690200805664,39.599998474121094
2009-02,,11.423398971557617,3.522022247314453,12.152033805847168,2.2065093517303467,38.75
2009-03,,11.471506118774414,4.069362163543701,12.152033805847168,2.6876423358917236,40.56999969482422
2009-04,,13.54940414428711,4.8252081871032715,12.152033805847168,2.9409520626068115,48.099998474121094
2009-05,,14.277944564819336,5.0652971267700195,12.152033805847168,3.3710997104644775,53.099998474121094
2009-06,,12.956055641174316,4.940123081207275,12.152033805847168,3.4043354988098145,51.400001525878906
2009-07,,13.913676261901855,5.339297294616699,12.152033805847168,3.799738645553589,54.5
2009-08,,13.774725914001465,5.592051982879639,12.152033805847168,4.236583709716797,56.25
2009-09,,15.46839714050293,6.244877815246582,12.152033805847168,5.089653968811035,61.5099983215332
2009-10,,17.006834030151367,5.8620100021362305,12.217952728271484,4.597475051879883,61.5
2009-11,,18.608821868896484,6.643074035644531,12.217952728271484,5.055870532989502,66.9000015258789
2009-12,,18.851781845092773,6.774753093719482,12.58787727355957,4.767676830291748,68.5
2010-01,,18.567068099975586,6.357638359069824,12.58787727355957,4.627695560455322,64.9000015258789
2010-02,,19.151676177978516,6.491610050201416,12.58787727355957,4.980447292327881,66.5
2010-03,,21.695110321044922,6.938514232635498,12.58787727355957,5.028212547302246,70.0
2010-04,,20.300676345825195,6.709298133850098,12.58787727355957,5.0517964363098145,66.91999816894531
2010-05,,19.115522384643555,6.1773681640625,12.595746994018555,4.441222667694092,62.41999816894531
2010-06,,16.687850952148438,5.787721633911133,12.595746994018555,4.213860511779785,60.369998931884766
2010-07,,18.56117057800293,7.052940845489502,12.595746994018555,5.220744609832764,66.87000274658203
2010-08,,17.92271614074707,6.776711940765381,12.693020820617676,4.901462078094482,64.5
2010-09,,19.994836807250977,7.253851890563965,12.693020820617676,5.5664963722229,68.69999694824219
2010-10,,20.49183464050293,7.440671443939209,12.693020820617676,5.734542369842529,70.19999694824219
2010-11,,20.476545333862305,7.039299964904785,12.693020820617676,5.722146034240723,67.0
2010-12,,21.15323257446289,7.138328552246094,12.988125801086426,5.501012325286865,68.52999877929688
2011-01,,21.939374923706055,6.421481132507324,12.988125801086426,5.2103800773620605,65.77999877929688
2011-02,,21.63956642150879,6.6781415939331055,12.988125801086426,5.264636039733887,66.75
2011-03,,20.50569725036621,7.096138000488281,12.988125801086426,5.268321514129639,67.20999908447266
2011-04,,20.145158767700195,6.769869804382324,12.988125801086426,5.168480396270752,65.19999694824219
2011-05,,19.54613494873047,6.542069911956787,13.013798713684082,5.029865741729736,63.810001373291016
2011-06,,19.250511169433594,6.65564489364624,13.013798713684082,5.070088863372803,61.4900016784668
2011-07,,19.499460220336914,5.753687381744385,13.013798713684082,4.762260437011719,57.849998474121094
2011-08,,17.80654525756836,5.324428558349609,13.013798713684082,4.87937593460083,55.75
2011-09,,16.951988220214844,5.363574504852295,13.013798713684082,4.586902618408203,51.599998474121094
2011-10,,17.37330436706543,6.045515060424805,13.013798713684082,4.7826385498046875,58.54999923706055
2011-11,,16.554523468017578,5.894371509552002,16.26725196838379,4.491531848907471,56.18000030517578
2011-12,,15.680091857910156,6.33581018447876,16.453235626220703,4.452042102813721,55.97999954223633
2012-01,,17.766796112060547,6.548757076263428,16.453235626220703,5.1076340675354,62.16999816894531
2012-02,,17.309707641601562,6.864364147186279,16.453235626220703,5.223334789276123,64.73999786376953
2012-03,,17.05135154724121,6.592841625213623,16.453235626220703,4.955543518066406,63.900001525878906
2012-04,,17.35825538635254,5.664761066436768,16.453235626220703,4.502954959869385,60.810001373291016
2012-05,,15.316824913024902,5.535351276397705,16.453235626220703,3.83016037940979,53.0
2012-06,,16.351802825927734,5.347277641296387,16.453235626220703,3.7953948974609375,53.41999816894531
2012-07,,15.137539863586426,6.140625953674316,16.453235626220703,4.236538887023926,55.099998474121094
2012-08,,13.764359474182129,6.0498480796813965,16.453235626220703,4.528839111328125,56.150001525878906
2012-09,,14.868611335754395,5.836954116821289,16.453235626220703,4.900824069976807,58.150001525878906
2012-10,,15.528962135314941,5.6697998046875,16.453235626220703,4.282293796539307,56.040000915527344
2012-11,,15.591163635253906,6.139013290405273,16.453235626220703,4.35197639465332,56.5
2012-12,,17.53175926208496,6.436835765838623,16.453235626220703,5.150900363922119,59.689998626708984
2013-01,,16.694150924682617,6.624990463256836,16.453235626220703,4.909451961517334,58.689998626708984
2013-02,,15.674092292785645,6.766894817352295,16.453235626220703,5.2997941970825195,56.13999938964844
2013-03,,14.566947937011719,6.922638893127441,16.453235626220703,5.5206427574157715,55.099998474121094
2013-04,,14.2847318649292,6.5758771896362305,16.453235626220703,5.1820149421691895,54.45000076293945
2013-05,,12.685040473937988,6.961493015289307,16.52470588684082,5.2323737144470215,52.45000076293945
2013-06,,12.043500900268555,6.183929443359375,16.52470588684082,4.599887371063232,46.5
2013-07,,12.92249584197998,6.26678466796875,16.52470588684082,4.727083683013916,47.31999969482422
2013-08,,14.305560111999512,6.307186603546143,16.52470588684082,4.9836106300354,49.5
2013-09,,14.355548858642578,6.839040756225586,16.52470588684082,5.662445545196533,51.290000915527344
2013-10,,15.291507720947266,7.525661468505859,16.52470588684082,6.516739368438721,52.70000076293945
2013-11,,15.3428316116333,7.1718621253967285,16.52470588684082,5.6487250328063965,51.279998779296875
2013-12,,15.274395942687988,7.031301498413086,16.52470588684082,5.428988933563232,50.2400016784668
2014-01,,14.13662338256836,6.637567520141602,16.52470588684082,4.6480183601379395,46.459999084472656
2014-02,,14.115238189697266,6.966978549957275,16.52470588684082,4.635364532470703,46.08000183105469
2014-03,,13.43941593170166,7.566643238067627,16.52470588684082,5.186604022979736,49.09000015258789
2014-04,,12.99615478515625,8.215721130371094,16.52470588684082,5.32081937789917,50.290000915527344
2014-05,,12.516767501831055,7.778720378875732,16.61225128173828,5.22490930557251,49.97999954223633
2014-06,,12.85981559753418,7.859226703643799,16.61225128173828,5.742884635925293,51.689998626708984
2014-07,,14.315560340881348,8.63321590423584,16.61225128173828,6.406151294708252,54.33000183105469
2014-08,,12.842226028442383,10.065154075622559,16.61225128173828,8.156343460083008,59.689998626708984
2014-09,,11.808686256408691,8.415599822998047,16.61225128173828,5.924540042877197,52.63999938964844
2014-10,,11.407901763916016,9.135650634765625,16.61225128173828,6.4935784339904785,52.97999954223633
2014-11,,10.627602577209473,9.6295747756958,16.61225128173828,6.970760345458984,53.150001525878906
2014-12,,9.997882843017578,8.6127347946167,16.61225128173828,5.656023025512695,48.540000915527344
2015-01,,8.49204158782959,8.193109512329102,16.61225128173828,4.916004180908203,45.61000061035156
2015-02,,9.696718215942383,9.319214820861816,16.61225128173828,5.665341854095459,50.0099983215332
2015-03,,8.186310768127441,9.019083976745605,16.61225128173828,5.559351921081543,49.5
2015-04,,10.678265571594238,9.84574031829834,16.61225128173828,6.459624290466309,54.619998931884766
2015-05,,9.452503204345703,8.775914192199707,16.720226287841797,5.621058940887451,51.349998474121094
2015-06,,8.622759819030762,8.75162124633789,16.720226287841797,6.0781049728393555,51.459999084472656
2015-07,,8.424753189086914,8.465822219848633,16.720226287841797,5.519859313964844,49.369998931884766
2015-08,,8.448325157165527,7.570696830749512,16.720226287841797,4.497629642486572,45.34000015258789
2015-09,,7.816586494445801,7.563560962677002,16.720226287841797,3.8974428176879883,43.43000030517578
2015-10,,8.20446491241455,7.556421756744385,16.720226287841797,4.09487771987915,44.400001525878906
2015-11,,6.333693981170654,7.937745571136475,16.807052612304688,4.2157087326049805,43.70000076293945
2015-12,,6.266366958618164,7.579124927520752,16.807052612304688,3.8748412132263184,42.130001068115234
2016-01,,4.674523830413818,7.185982704162598,16.807052612304688,3.6408791542053223,39.189998626708984
2016-02,,5.67964506149292,7.519696235656738,16.807052612304688,3.55938720703125,41.45000076293945
2016-03,,7.28591251373291,9.245219230651855,16.807052612304688,5.251781463623047,48.63999938964844
2016-04,,9.469282150268555,9.741634368896484,17.02658462524414,5.873384952545166,52.150001525878906
2016-05,,6.838657855987549,8.613438606262207,17.02658462524414,4.409832954406738,47.02000045776367
2016-06,,7.8245415687561035,8.9887113571167,17.02658462524414,4.638217449188232,49.900001525878906
2016-07,,8.896987915039062,10.02900505065918,17.02658462524414,5.6830315589904785,55.68000030517578
2016-08,,8.14675521850586,10.764657974243164,17.02658462524414,6.305743217468262,55.93000030517578
2016-09,,8.565154075622559,10.67003345489502,17.02658462524414,6.228729248046875,56.560001373291016
2016-10,,10.61867618560791,12.694047927856445,17.02658462524414,8.001731872558594,62.900001525878906
2016-11,,13.49456787109375,11.713509559631348,17.02658462524414,7.816224098205566,60.0
2016-12,,12.422542572021484,11.366230010986328,17.02658462524414,7.726864814758301,58.2400016784668
2017-01,,15.566874504089355,12.510078430175781,17.02658462524414,8.55759334564209,62.38999938964844
2017-02,,15.828097343444824,13.71180534362793,17.02658462524414,9.104990005493164,64.5
2017-03,,14.410728454589844,12.987067222595215,17.02658462524414,9.316192626953125,62.779998779296875
2017-04,,13.731759071350098,13.458416938781738,17.02658462524414,9.06238842010498,63.189998626708984
2017-05,,13.581793785095215,12.19128704071045,17.02658462524414,7.872185230255127,60.560001373291016
2017-06,,14.496583938598633,12.60811996459961,17.02658462524414,7.465991973876953,60.93000030517578
2017-07,,15.646308898925781,12.8089017868042,17.02658462524414,7.995297431945801,63.720001220703125
2017-08,,17.535863876342773,13.994152069091797,17.02658462524414,8.609536170959473,68.41000366210938
2017-09,,15.931245803833008,15.040205001831055,17.02658462524414,9.8095064163208,71.58000183105469
2017-10,,16.046215057373047,14.594225883483887,17.02658462524414,9.680215835571289,71.7699966430664
2017-11,,17.56585693359375,14.328622817993164,15.0510835647583,8.469600677490234,69.4000015258789
2017-12,,20.340229034423828,14.841010093688965,16.06537628173828,9.028731346130371,73.81999969482422
2018-01,,20.941448211669922,18.22133445739746,17.758729934692383,11.258955001831055,82.0
2018-02,,22.760244369506836,18.35243797302246,18.695659637451172,11.860488891601562,82.5
2018-03,,21.567684173583984,18.696788787841797,28.675275802612305,11.732390403747559,82.43000030517578
2018-04,,24.868486404418945,18.592905044555664,35.46440887451172,10.494239807128906,83.18000030517578
2018-05,,25.869976043701172,15.670608520507812,37.22638702392578,8.742820739746094,74.06999969482422
2018-06,,25.338571548461914,14.713205337524414,38.841548919677734,8.272175788879395,70.3499984741211
2018-07,,28.0211181640625,16.4189510345459,38.478790283203125,9.383797645568848,76.44999694824219
2018-08,,28.18744659423828,15.701702117919922,40.86266326904297,8.77178955078125,74.12000274658203
2018-09,,31.446720123291016,16.398454666137695,41.5277214050293,8.609015464782715,76.61000061035156
2018-10,,29.81182861328125,18.307239532470703,32.69185256958008,12.496957778930664,84.08000183105469
2018-11,,27.756380081176758,20.090177536010742,35.317569732666016,13.29853630065918,86.37000274658203
2018-12,,26.810142517089844,19.81446647644043,32.89051055908203,13.8933744430542,84.5999984741211
2019-01,,23.91884994506836,21.654361724853516,39.73118209838867,15.498185157775879,94.0
2019-02,,24.759950637817383,20.659650802612305,41.16496658325195,15.291769981384277,91.8499984741211
2019-03,,26.773345947265625,20.199115753173828,40.20622634887695,14.76646614074707,91.80999755859375
2019-04,,26.33701515197754,19.855758666992188,35.564842224121094,15.057437896728516,92.87999725341797
2019-05,69.5,25.758764266967773,20.55158233642578,28.01178550720215,15.848684310913086,93.58999633789062
2019-06,72.62000274658203,27.241207122802734,21.30055809020996,28.68413734436035,16.5410099029541,97.11000061035156
2019-07,73.61000061035156,26.184572219848633,20.463115692138672,26.780595779418945,15.093596458435059,97.9800033569336
2019-08,73.12000274658203,23.955644607543945,20.41350555419922,25.39223289489746,14.314642906188965,97.61000061035156
2019-09,74.87000274658203,25.101654052734375,21.078407287597656,29.382686614990234,14.151156425476074,101.01000213623047
2019-10,77.55000305175781,24.812522888183594,21.809823989868164,28.500768661499023,14.978630065917969,103.2300033569336
2019-11,75.87000274658203,26.273941040039062,20.957658767700195,33.6700325012207,14.990854263305664,104.3499984741211
2019-12,76.25,28.761686325073242,22.37604331970215,34.64799880981445,16.62294578552246,111.2300033569336
2020-01,76.9800033569336,27.126646041870117,19.80266571044922,34.63926315307617,15.275986671447754,108.9000015258789
2020-02,76.9800033569336,23.910512924194336,19.9061222076416,33.30328369140625,14.879961013793945,100.5999984741211
2020-03,71.19999694824219,23.322330474853516,14.370250701904297,31.251300811767578,8.900832176208496,69.3499984741211
2020-04,70.63999938964844,24.20730209350586,14.180304527282715,34.412235260009766,9.095502853393555,77.20999908447266
2020-05,73.38999938964844,28.599803924560547,14.35790729522705,33.058799743652344,9.84229564666748,84.1500015258789
2020-06,75.44000244140625,30.17548370361328,15.870086669921875,32.12449264526367,10.260368347167969,91.62000274658203
2020-07,79.23999786376953,32.76026153564453,16.77791976928711,36.67378616333008,10.716741561889648,99.29000091552734
2020-08,78.4000015258789,32.20446014404297,14.73443603515625,43.83390808105469,10.561614990234375,95.69999694824219
2020-09,76.47000122070312,33.230247497558594,14.08646297454834,39.77359390258789,9.612364768981934,91.05000305175781
2020-10,77.43000030517578,34.03977584838867,14.709814071655273,43.70292663574219,9.670778274536133,90.66000366210938
2020-11,77.5999984741211,43.84975051879883,17.90377426147461,49.3349723815918,11.051843643188477,105.0
2020-12,81.19999694824219,49.16231918334961,19.879032135009766,51.116268157958984,12.702853202819824,114.6500015258789
2021-01,81.19999694824219,49.44340515136719,17.850339889526367,54.18115234375,11.08553695678711,110.55999755859375
2021-02,79.81999969482422,53.13690948486328,16.19305992126465,63.890968322753906,9.324348449707031,105.58999633789062
2021-03,79.44000244140625,57.55759811401367,17.769758224487305,59.85686111450195,10.171477317810059,112.22679901123047
2021-04,80.93000030517578,64.04951477050781,17.536174774169922,59.96163558959961,9.90090560913086,114.4000015258789
2021-05,81.41999816894531,67.43350982666016,18.85808753967285,53.02854919433594,11.328887939453125,121.25
2021-06,80.1500015258789,67.84856414794922,19.03373146057129,52.2252197265625,10.920819282531738,121.80999755859375
2021-07,80.66000366210938,65.15859985351562,19.362829208374023,47.213134765625,10.750870704650879,117.11000061035156
2021-08,79.75,59.119606018066406,19.848573684692383,53.26430892944336,10.464568138122559,114.08000183105469
2021-09,80.13999938964844,50.42037582397461,18.568117141723633,47.6060676574707,10.000772476196289,106.48999786376953
2021-10,77.66000366210938,47.35838317871094,14.968811988830566,42.986915588378906,9.86235237121582,99.68000030517578
2021-11,79.73999786376953,46.260562896728516,14.555309295654297,49.0380973815918,11.169529914855957,98.3499984741211
2021-12,78.80000305175781,51.55786895751953,13.63603401184082,52.4871711730957,10.175880432128906,100.80000305175781
2022-01,79.62000274658203,53.48237991333008,16.500808715820312,52.30944061279297,11.519730567932129,107.9800033569336
2022-02,79.79000091552734,61.028236389160156,16.612468719482422,48.660152435302734,12.41916275024414,108.9000015258789
2022-03,79.5,65.65455627441406,17.935894012451172,48.730838775634766,12.611821174621582,115.5999984741211
2022-04,79.5,57.20049285888672,15.589689254760742,43.83566665649414,12.073909759521484,103.4000015258789
2022-05,79.5,59.20585250854492,17.097957611083984,47.818443298339844,13.546095848083496,107.18000030517578
2022-06,79.5,52.57858657836914,14.826927185058594,44.413055419921875,12.439814567565918,95.0
2022-07,79.5,47.90172576904297,15.460299491882324,43.1617317199707,13.405035972595215,99.30000305175781
2022-08,79.5,46.592124938964844,17.098556518554688,39.5597038269043,15.837640762329102,105.83000183105469
2022-09,79.5,52.0387077331543,18.601852416992188,39.77421951293945,14.731313705444336,106.45999908447266
2022-10,79.5,48.491920471191406,20.165788650512695,47.55030059814453,14.157660484313965,112.1500015258789
2022-11,79.5,61.913330078125,17.2570858001709,47.505611419677734,13.807881355285645,108.58000183105469
2022-12,79.5,64.42173767089844,16.933263778686523,44.67613220214844,13.733054161071777,105.94999694824219
2023-01,79.5,68.50244903564453,17.168903350830078,42.935020446777344,16.093734741210938,109.83999633789062
2023-02,79.5,61.84137725830078,17.248708724975586,44.213069915771484,16.254823684692383,101.1500015258789
2023-03,79.5,59.47359848022461,16.984573364257812,38.526676177978516,15.921761512756348,98.48999786376953
2023-04,79.5,53.62919235229492,17.807373046875,36.859657287597656,17.448392868041992,100.9000015258789
2023-05,79.5,47.26628112792969,18.101360321044922,41.47174835205078,18.164894104003906,104.83999633789062
2023-06,79.5,47.569984436035156,19.732254028320312,40.953121185302734,20.607545852661133,114.16999816894531
2023-07,79.5,51.22921371459961,19.897363662719727,44.5186882019043,20.102785110473633,117.94999694824219
2023-08,79.5,49.661354064941406,19.068483352661133,46.44502258300781,19.990514755249023,112.30999755859375
2023-09,79.5,51.569061279296875,19.114837646484375,50.26990509033203,20.166719436645508,113.1500015258789
2023-10,79.5,52.65263366699219,18.853097915649414,47.7601203918457,20.666826248168945,109.62000274658203
2023-11,79.5,58.09237289428711,22.220787048339844,49.806846618652344,23.197284698486328,123.56999969482422
2023-12,79.5,60.72757339477539,24.097280502319336,52.72502136230469,23.82583236694336,130.38999938964844
2024-01,79.5,53.301815032958984,23.265216827392578,48.92442321777344,24.281789779663086,123.94999694824219
2024-02,79.5,52.69611740112305,24.890817642211914,53.40742492675781,24.888294219970703,125.25
2024-03,79.5,49.99094009399414,25.597116470336914,60.63898849487305,24.53066635131836,124.33000183105469
2024-04,79.5,52.012596130371094,23.185184478759766,55.40724182128906,23.759479522705078,122.37999725341797
2024-05,79.5,51.93863296508789,22.954126358032227,46.15690612792969,23.49953269958496,118.66000366210938
2024-06,79.5,51.13325500488281,24.178794860839844,54.032958984375,23.717348098754883,120.37999725341797
2024-07,79.5,50.64838409423828,25.289234161376953,51.047454833984375,23.575267791748047,124.04000091552734
2024-08,79.5,50.752342224121094,27.408464431762695,52.1279182434082,25.38296890258789,132.60000610351562
2024-09,79.5,54.10005569458008,27.183557510375977,51.59716033935547,24.69496726989746,128.42999267578125
2024-10,79.5,52.864898681640625,26.375900268554688,56.648834228515625,23.922679901123047,126.26000213623047
2024-11,79.5,50.07087326049805,24.56561279296875,59.14149856567383,22.9357967376709,122.31999969482422
2024-12,79.5,46.88235855102539,23.39008903503418,60.46364212036133,22.53706932067871,117.2699966430664
2025-01,79.5,46.55576705932617,25.749210357666016,61.041072845458984,25.809934616088867,123.0
2025-02,79.5,47.39802169799805,25.497255325317383,55.11019515991211,25.464929580688477,120.01000213623047
2025-03,79.5,50.63204574584961,27.59682846069336,51.81199645996094,26.907119750976562,127.30000305175781
2025-04,79.5,47.202999114990234,31.278169631958008,49.012939453125,27.613441467285156,131.6300048828125
2025-05,79.5,46.52433395385742,32.92082977294922,48.59210205078125,22.354196548461914,133.99000549316406
2025-06,79.5,47.015472412109375,32.81525802612305,50.118858337402344,21.47652244567871,135.85000610351562
2025-07,79.5,47.73878479003906,31.24048614501953,51.03883361816406,19.15289878845215,129.8800048828125
2025-08,79.5,51.35502243041992,34.5489387512207,51.33243942260742,20.79596519470215,138.5
2025-09,79.5,53.222137451171875,35.08565139770508,48.83677673339844,21.47652244567871,143.24000549316406
2025-10,79.5,60.32088851928711,35.43392562866211,47.84829330444336,21.291799545288086,146.41000366210938
2025-11,79.5,62.29892349243164,37.42720413208008,46.56620788574219,21.84596824645996,155.85000610351562
2025-12,79.5,69.99588012695312,38.41222381591797,51.44477462768555,21.42385482788086,158.0
2026-01,109.68000030517578,82.01851654052734,44.57218551635742,49.32499313354492,24.649160385131836,178.1999969482422
2026-02,111.58000183105469,86.05524444580078,45.84440231323242,57.994110107421875,26.558286666870117,185.16000366210938
2026-03,111.55000305175781,80.22874450683594,42.979122161865234,51.89472961425781,22.724843978881836,184.27999877929688
2026-04,113.86000061035156,78.96421813964844,42.7103271484375,43.84000015258789,21.94429588317871,184.08999633789062
2026-05,113.88999938964844,80.55945587158203,39.61198425292969,41.90999984741211,20.057146072387695,170.75
2026-06,112.7699966430664,75.75428771972656,42.12455749511719,39.75,19.811182022094727,169.0500030517578
2026-07,113.69999694824219,74.19796752929688,42.85209274291992,43.31999969482422,21.244035720825195,175.02000427246094
2026-08,115.5,77.8499984741211,39.5018196105957,45.29999923706055,20.637062072753906,174.77999877929688
