null,h,rmse_ratio,p_boot,mc_se,reps,rho_min,rho_max,p_holm
stationary_ar1,12,1.038563512,0.543,0.01576069159,999,0.9792046162,0.995,1
stationary_ar1,24,1.076047994,0.528,0.01579447579,999,0.9792046162,0.995,1
stationary_ar1,36,1.096349769,0.48,0.01580663942,999,0.9792046162,0.995,1
stationary_ar1,60,1.0371526,0.215,0.01299784382,999,0.9792046162,0.995,1
stationary_ar1,84,1.071978698,0.326,0.0148305072,999,0.9792046162,0.995,1
stationary_ar1,96,1.115321926,0.398,0.0154866341,999,0.9792046162,0.995,1
unit_root,12,1.038563512,0.167,0.01180043432,999,0.9792046162,0.995,1
unit_root,24,1.076047994,0.146,0.01117178629,999,0.9792046162,0.995,1
unit_root,36,1.096349769,0.137,0.01087884871,999,0.9792046162,0.995,1
unit_root,60,1.0371526,0.082,0.008680515616,999,0.9792046162,0.995,0.984
unit_root,84,1.071978698,0.18,0.01215515314,999,0.9792046162,0.995,1
unit_root,96,1.115321926,0.216,0.01301973554,999,0.9792046162,0.995,1
