spec,h,slide_beta,difference,n,beta,se,p,r2,alpha
SA_BLS,12,-0.195,-0.0001801191239,364,-0.1951801191,0.07209855848,0.006786782155,0.1016738595,0.6170808782
SA_BLS,24,-0.381,0.0007529474117,352,-0.3802470526,0.1229775781,0.001988107743,0.1929081766,1.203025493
SA_BLS,36,-0.652,0.0005565152057,340,-0.6514434848,0.1665635804,9.188433568e-05,0.3375601004,2.027854526
SA_BLS,48,-0.969,0.001153998622,328,-0.9678460014,0.1811793895,9.196669136e-08,0.4921496083,2.976227825
SA_BLS,60,-1.238,0.004752632677,316,-1.233247367,0.1866285108,3.894597562e-11,0.6112112614,3.759733331
SA_BLS,72,-1.527,0.007053167991,304,-1.519946832,0.1860532243,3.098769638e-16,0.7243775488,4.594917608
SA_BLS,84,-1.722,0.001264784163,292,-1.720735216,0.1579940439,1.270402776e-27,0.8180680929,5.179073097
SA_BLS,96,-1.808,-9.254331968e-05,280,-1.808092543,0.0791912823,2.208079276e-115,0.882611358,5.439361101
SA_BLS,108,-1.739,-0.0003101490951,268,-1.739310149,0.05028354528,3.566050365e-262,0.8921608503,5.267793616
SA_BLS,120,-1.616,0.001152446363,256,-1.614847554,0.1047873342,1.386729254e-53,0.8642851057,4.944845844
NSA_BIS,12,-0.195,-0.0002533728398,364,-0.1952533728,0.0720964591,0.006764431564,0.1016936538,0.4650737144
NSA_BIS,24,-0.381,0.0005394891705,352,-0.3804605108,0.1230394987,0.001986910572,0.1930289757,0.9070321068
NSA_BIS,36,-0.652,0.0001841941147,340,-0.6518158059,0.1666209327,9.154693266e-05,0.3377715879,1.520765821
NSA_BIS,48,-0.969,0.0005977322392,328,-0.9684022678,0.1811923871,9.061297465e-08,0.4924219658,2.222839739
NSA_BIS,60,-1.238,0.004088578657,316,-1.233911421,0.1865601653,3.740380211e-11,0.6115556726,2.799656298
NSA_BIS,72,-1.527,0.006212155625,304,-1.520787844,0.1858410087,2.762347082e-16,0.72477402,3.411686455
NSA_BIS,84,-1.722,0.0003976031271,292,-1.721602397,0.1577798915,1.016577768e-27,0.8184464496,3.839356644
NSA_BIS,96,-1.808,-0.001050640783,280,-1.809050641,0.07896272859,3.677879325e-116,0.8830359639,4.031713692
NSA_BIS,108,-1.739,-0.001158893133,268,-1.740158893,0.05033146267,6.218834814e-262,0.8925194386,3.913555336
NSA_BIS,120,-1.616,0.0003182066542,256,-1.615681793,0.1052126548,3.211801602e-53,0.8646518291,3.687612967
