month,BRL,EUR,JPY,GBP,CAD,SEK
2010-03,0.0,0.0015473338958597075,-0.0,-0.0007897014832511373,-0.01056180670065099,-0.0013312051688070536
2010-04,0.0,0.0029135471622021066,-0.0,0.0025704312835902465,-0.002775108773272836,-0.0006597055028942644
2010-05,0.010679799355962088,-0.0,0.0,-0.012953017946004008,0.010110353487555674,-0.018935179328959773
2010-06,-0.004208722030418174,-0.0,0.008037427223379079,0.008858293238498738,0.0005242541042317302,0.0
2010-07,-0.007841592980722338,0.0,0.0,0.00995717300075949,-0.004481426565954833,0.0180577562502951
2010-08,0.0,-0.0,-0.006036240885424434,-0.003622098056888845,0.00708291051598746,-0.005454255868506508
2010-09,0.0,0.0,-0.003538661690297688,0.00816778116211836,-0.008160749872718186,0.026441172769008814
2010-10,0.0,0.0,-0.008040939151046643,0.0013790324189447145,-0.0027355819249873198,-0.0019787805373415734
2010-11,-0.00014738233678079915,-0.0,0.009230169115962588,-0.00675794998278878,0.00033823961768652085,-0.0
2010-12,0.011461923565174836,0.0,-0.007929697898065583,0.00018156545676051294,-0.006986402165710151,0.0
2011-01,-0.0,0.0,0.0024772786930481613,0.006210362885707976,0.00022684892813003011,0.009262226378353056
2011-02,0.0,0.0,-0.0009721847728059673,0.00507184999450927,-0.005572223762828316,0.006370508577909939
2011-03,0.0075902214014001435,0.0,0.002659604365338217,-0.002159703070179486,-0.0023727954966830033,0.0
2011-04,0.009330182645209129,0.0,-0.004953150420207574,0.009226515749126363,-0.0059050588663395265,0.0
2011-05,0.001857940081341325,0.007815805405018719,-0.0,-0.002461414801640749,0.00568831883427225,-0.0
2011-06,0.005300586598462775,-0.0013649462685511667,0.0,-0.007231307586268443,-0.002081564085083687,-0.0
2011-07,0.0009098439998718177,0.0031589773882414293,0.0,0.004551243245045078,-0.004139343492670642,-0.0
2011-08,-0.0019812010314289863,-0.003568040440950542,0.0,0.0003337713072581461,0.00687251177005041,0.0
2011-09,-0.03228900300734283,-0.0,0.0010751271935523661,-0.011202532637337032,0.015522029484839982,-0.0
2011-10,0.02736768266312445,0.0,0.0035752577838135606,0.007386125822462064,-0.012777842745582291,0.0
2011-11,-0.015146075614353133,-0.0,-0.001711398672662256,-0.00549120434363265,0.005717766596882656,-0.0
2011-12,-0.004921140690958281,-0.0,-0.00031311438614322235,-0.002931552231020651,0.00019336905752956869,-0.0
2012-01,0.020978186232745166,0.0,-0.003586774511425737,0.004720066749885121,-0.006442541931919344,0.0
2012-02,0.007407265150435882,0.0,0.012075757114774315,0.002485068899778786,-0.002511925730185662,0.0
2012-03,-0.014509848092054967,-0.0,0.0052435411428146846,0.0014390520983217914,0.001876189900350798,-0.0
2012-04,-0.006730543355037755,-0.0,-0.0061081088050175605,0.0037956031742613083,-0.003841753451455301,-0.0
2012-05,-0.01382053529720692,-0.0,-0.004432167144357089,-0.011442177601576647,0.010952979190830301,-0.0
2012-06,-0.0029769789883672404,0.0,0.0023940239603700347,0.0016776747514647417,-0.001888046841402623,0.0
2012-07,0.002122514770191708,-0.0,-0.0044341196044911345,0.0011117260980854082,-0.005290361897765615,0.0
2012-08,0.0014032070394503493,0.0,0.0008476037265934983,0.003087398639694039,-0.003347405420177752,0.0
2012-09,0.0036398265027602905,0.0,-0.0028218525864126143,0.005504584388869527,-0.0026312686560484404,0.0
2012-10,0.0012070197873774169,0.0,0.006945422451655006,-0.0013211456092053209,0.004703581076464185,-0.0
2012-11,-0.007892949008516031,-0.0,0.00839662283613863,-0.001398210541658701,-0.002108791552509666,-0.0
2012-12,0.008818894634760877,0.0,0.009854619062583113,0.0024336232385591128,0.0002157623556376841,0.0
2013-01,0.009604209014737186,-0.006826482770176465,-0.0,-0.005431745966853141,0.0012915492783948186,0.0
2013-02,0.0032390783712009097,0.007692865770926747,-0.0,-0.009377621028625466,0.005401665489851474,-0.0
2013-03,-0.0,0.006093879248477926,-0.005775228041054459,-0.0010749666177316541,-0.0023581860414962482,-0.0
2013-04,0.0,-0.0052930978845953085,-0.007787609854366245,0.005686115191108454,-0.0017916739619738007,-0.0
2013-05,-0.0,-0.0,-0.007222106263821498,-0.003910570407472835,0.005075448792149486,0.002162170676138573
2013-06,-0.0,-0.0015011825839163428,0.003510398947507154,0.00045915328714468684,0.0034299800184348105,-0.0
2013-07,-0.006714596254053878,-0.003806647415694908,0.0025251974593978876,-0.0,-0.004853549802044505,0.0
2013-08,-0.005465244609915931,0.0006752457170416099,-0.0007833380148170033,0.0,0.005250033958786676,-0.0
2013-09,0.012963064010543535,-0.005180431629050117,0.0016628104116566678,0.0,-0.005832711269047764,0.0
2013-10,0.008080505151928541,-0.0025966356850012874,-0.0016605794208641167,-0.0,0.003208042945411492,-0.0
2013-11,-0.011612570923853871,0.0004719735171800646,-0.009915148556928294,0.0,0.0027463042159876295,-0.0
2013-12,-0.002451619651880982,-0.003385562983945853,-0.0063497213918041195,0.0,0.0011928480889318777,0.0
2014-01,-0.004960667848727174,0.004908974982007905,0.006692714965041813,-0.0,0.012163779662852193,-0.0
2014-02,0.013288899307167645,-0.0055738566134199705,0.0009403619591917267,0.0,0.0,-0.0056868173112002195
2014-03,0.008445623096168975,0.00037429514609203226,-0.003600147108688223,-0.0,0.0,0.002893506739898646
2014-04,0.003470957500315175,-0.0012025351824598673,0.0017260309928811002,0.0,0.0,0.002076724771743203
2014-05,0.0053582692784632235,0.004309903249512517,0.0021872611399210706,-0.0,0.0,0.0044276934281476926
2014-06,0.005743625499138261,-0.0010154686138059985,0.0007803983342136167,0.0,0.0,0.001398659835820231
2014-07,-0.004255420374684904,0.0050511694624438275,-0.003733427121311833,-0.0,0.00518024871427145,-0.0
2014-08,0.0032267593647037907,0.003512895432628219,-0.002593125917382866,-0.0,-0.0018143104321558172,-0.0
2014-09,-0.018943468274477043,0.011415301380346408,-0.013208088787051153,0.005767956992361342,-0.0,-0.0
2014-10,0.0018495926238606408,0.0011361042014475914,-0.004866691331289114,-0.0,0.001981951624190203,-0.0
2014-11,-0.007443032387404902,0.0007820305843195606,-0.013503455594134739,-0.0,0.0024104019755261277,-0.0
2014-12,-0.007569521188655642,0.00681462462302362,-0.002742894700344445,-0.0,0.003733309877467497,-0.0
2015-01,0.001254348005395256,0.01718227894842096,0.004026511796329457,-0.0,0.021181261146069264,-0.0
2015-02,-0.018047040941017584,0.0014015197211264254,-0.003247473838968923,0.0,-0.004626594073442438,-0.0
2015-03,-0.02485164842766835,0.010664454291930239,-0.0012446598308202272,0.010360478009745336,-0.0,-0.0
2015-04,0.02685967131690664,-0.010634733337261731,0.002144510548568901,-0.011002122356855068,0.0,0.0
2015-05,-0.012171690396835438,-0.0,-0.010313489401245768,0.002663113942002193,0.008281959253562662,-0.0
2015-06,0.006308335575041346,0.0,0.0030074664045746657,-0.007903537437797524,-0.0017439047583594687,0.0
2015-07,-0.01758128971706721,-0.0,-0.0037798283731262927,0.0022396633673631267,0.012805196518522204,-0.0
2015-08,-0.015017088741636986,0.0,0.006148240714833497,0.0024001916113730593,0.003679764693816808,0.0
2015-09,-0.020820171128438952,0.00023110346878358045,0.002280093765818225,0.0037980437116553922,-0.0,0.0
2015-10,0.010693780337052039,0.00411525732231461,-0.0008258332610756314,-0.0029823641601482917,0.0,-0.0
2015-11,0.004729784339633558,0.009905282518869081,-0.005046396092441785,0.0051974583856556,-0.0,-0.0
2015-12,-0.004404252831432032,-0.007316754849377926,0.00560025468905756,0.002759992859732151,-0.0,0.0
2016-01,-0.0032585244778584044,0.0,-0.0015497247968040972,0.009013947135860161,0.003146381975045723,-0.0
2016-02,0.007199652852646843,0.0007690227655234919,0.017645137730640137,0.007492500517811095,0.0,-0.0
2016-03,0.028503915731283747,-0.011376953786469255,0.0016046005857544565,-0.009650691920279378,0.0,0.0
2016-04,0.012262002504655534,-0.0003381209446654853,0.011696570592578726,0.0,-0.008454610037891575,0.0
2016-05,-0.0035021319439821064,0.005516811085931595,-0.008490827825939434,0.0,0.00944358137164179,-0.0
2016-06,0.029234279189949752,0.0012231167974101431,0.020082369563881597,-0.0,-0.0014915871375375607,-0.0
2016-07,-0.0010600230176846248,-0.00019052952748310515,-0.0015433927132859904,-0.0,0.004052037980493119,-0.0
2016-08,0.006393315394710775,-0.00037019336427318914,-0.0,-0.0007458887384713675,-0.0015891344316008758,0.0
2016-09,0.0020135207362763086,-0.0005939873876418809,-0.004924760963217766,-0.003150876150076143,-0.0,-0.0
2016-10,0.007621723815398163,0.004873674214580725,-0.0,-0.015591852048153526,0.004271548948025562,-0.0
2016-11,-0.01323053833010146,0.007160752761411708,0.01820212928606829,0.006548832673954341,0.0,-0.0
2016-12,0.013672130663271553,0.0022674133947492214,0.008061195851220367,-0.003301550968432654,-0.0,0.0
2017-01,0.013618870742408695,-0.00496681707634522,0.0,0.0035558250848929385,-0.00755524630132643,0.0
2017-02,0.0042178616685943915,0.0037821169101168533,0.0,-0.0014408431164766589,0.0023282247914663346,-0.0
2017-03,-0.0029305976244314302,-0.002108607919771384,0.0,0.0014089364633347312,0.0026747243190869646,0.0
2017-04,0.0010568465502348023,-0.005428360568245621,0.0,0.008728749916046663,0.005511416628000354,0.0
2017-05,-0.003776237802626148,-0.006495684027710057,0.0,-0.0019697999671063893,-0.0033895747219060334,0.0
2017-06,-0.0012642827939881862,-0.0040947150192156305,-0.0,0.0024841358887370824,-0.009844694478020829,0.0
2017-07,0.014654534505143202,-0.006688829104691234,0.0,0.0024478719327127307,-0.009694162620108668,0.0
2017-08,-0.0006639277550609946,-0.0018768596441139545,-0.0,-0.0050903477566687505,0.0036976513789344777,0.0
2017-09,-0.00029119097502611213,0.0006142273035652769,-0.0,0.01016153206029563,-0.004439148079602959,-0.0
2017-10,-0.004920989370154255,0.0037702355726455766,-0.0,-0.0028278144460590904,0.008696920074389089,-0.0
2017-11,0.0018050371177718572,-0.004320419113538351,0.0022240728261498366,0.0,-0.00022641090656741678,-0.0
2017-12,-0.0024638196737677143,-0.0028258820949644587,-0.0008236222588910158,0.0,-0.00696144919130585,0.0
2018-01,0.01325049353079305,-0.009409366627656561,0.008244437583661557,0.0,-0.0054431325103390295,0.0
2018-02,-0.005312470246695844,0.005141439848051111,0.003978823495518924,-0.0,0.009806954274356468,-0.0
2018-03,-0.004912625426398837,-0.001926559546131894,0.0010674844959672192,0.0,-0.0,0.002803005502993916
2018-04,-0.00979720686389604,0.00522618822183776,-0.00705955584999754,-0.0,0.0,0.0102654159383821
2018-05,-0.016378485512943047,0.008180960955051343,0.000893862788191313,0.007225569711458106,0.0,-0.0
2018-06,-0.006877116457174842,0.0011915371816816716,-0.0,-0.0,0.007377512648743671,-0.005716300735075341
2018-07,0.00871828117636858,-0.001306184333979166,-0.0,-0.0,-0.0040232500938847185,0.005987439361605784
2018-08,-0.025399513369048776,0.0021773436422215875,0.0,-0.0,5.170053163557264e-05,-0.01079268377764131
2018-09,0.01034243562599968,0.0019761145744561226,-0.006134088525778292,0.0,-0.000529286498052007,0.0
2018-10,0.022177044079363828,0.005990088410065049,-0.0,-0.006251539814518148,0.0021770320266305933,-0.0
2018-11,-0.00914320041073119,-0.0004878973573837379,-0.0011808756218804062,0.0,0.0033890551819695824,0.0
2018-12,-0.0005128543957790554,-0.001585283930991638,0.0,0.0006359142780928972,0.005877522991044111,0.0
2019-01,0.016048489946514477,-0.0003606959456222182,0.0,0.005870056290266157,-0.009057296709552303,-0.0
2019-02,-0.004534344418895692,0.0020357806483185864,0.005169098924709921,0.0031463304658204683,-0.0,-0.0
2019-03,-0.009795115131034954,0.004432840175446264,0.00042610824572177167,-0.0,-0.0,-0.002460595227268436
2019-04,-0.0006082056470930464,0.0008468839078144882,-0.0,-0.0,0.001646839343699894,-0.006481473038614127
2019-05,-0.0029899202810776127,0.0019623262984181655,0.0,-0.0,0.002178528236871149,-0.0021278447914470644
2019-06,0.01159270970852122,-0.00466570366216726,0.0,0.0,-0.008930337128409155,0.006419362562341546
2019-07,0.003539447960367481,0.005499993143055543,0.0022753382701114345,-0.0,-0.0,-0.007895473358092764
2019-08,-0.021819244291625406,0.0030470298398837287,0.0,-0.0,0.0025390372402219696,-0.007113039190481896
2019-09,0.0006668798259605313,0.003748177829196912,-0.0,0.0019361397580496265,-0.0006656572003034976,-0.0
2019-10,0.011314592683649871,-0.005696677533353172,0.0008729183881455522,0.0,0.0,0.004357258375297712
2019-11,-0.013535147219695703,0.004191512786280227,-0.0,-0.0,0.0027369345720262635,0.0016241735841551197
2019-12,0.013846146000516257,-0.005400350287942282,0.0,0.0,-0.006158002121705158,0.006637106436465423
2020-01,-0.013951868951265878,0.004386561655430684,-0.0,-0.0,0.004416522163469844,-0.009734706762384221
2020-02,-0.011623903659524953,0.002032778788579463,0.0,-0.0,0.0037612552180559243,-0.0019627787403567187
2020-03,-0.03407429721224384,0.0008145144654829948,0.0,-0.0,0.014115736975489807,-0.009555585272790323
2020-04,-0.007736939821112926,0.0018518004598702992,-0.0047295014119650815,0.0,0.0,0.007396959084148724
2020-05,0.0020496558327164904,-0.005950137546149342,0.0012971513017730682,-0.0,0.0,0.010268375879708858
2020-06,-0.004050752179666828,-0.0013656432194514958,-0.0,-0.0,-0.0008004963091935659,0.0011789948634483016
2020-07,0.014539205124510624,-0.0144854517532673,0.0,0.0,-0.005094584779806617,0.01992054519600156
2020-08,-0.01134120048270612,-0.0019148772573908102,-0.0,0.0,-0.006872006776878812,0.0017854616969169568
2020-09,-0.010288989134617205,0.004883909894382634,0.0,-0.0,0.005904237833647377,-0.011434662700886972
2020-10,-0.00463433382623224,0.00023975453059425477,0.0,0.0,-0.0018446496850252892,0.004732062777727364
2020-11,0.02292824998739973,-0.006000263672953453,0.0,0.0,-0.0068209719614705415,0.010709750183217015
2020-12,0.005600247233467581,-0.006046335406632643,0.0,0.0,-0.00428902978713697,0.009708667570411333
2021-01,-0.012907885206983188,0.0027765836917977254,-0.0,0.0,0.0008207052875306686,-0.004652013881575434
2021-02,-0.0002078546253397595,0.00033504858254780097,-0.00378738235879314,0.0,-0.0029010405561219472,-0.0
2021-03,-0.01054326326437413,0.008193897866895268,-0.010208526786913197,-0.0,-0.0009446879682024871,-0.0
2021-04,0.0194085593174812,-0.007585382209643322,0.00422970814909035,0.0,-0.006843228132392363,0.0
2021-05,0.005895876009376522,-0.002436198077670904,-0.0016620049973352924,0.0,-0.004429544427968524,0.0
2021-06,0.01410271864657242,0.006521753607091985,-0.002155972160279074,-0.0,0.006286458697793888,-0.0
2021-07,-0.00589732987516986,-0.00012118204798117918,0.002105915047056539,0.0,0.0008902647354025105,-0.0
2021-08,-0.0030849426769535004,0.0012247531799287159,-0.0003911470272472406,-0.0,0.0028238251650240004,-0.0
2021-09,-0.009251061527237758,0.005413104086526088,-0.004892202345838065,-0.0,0.0028374829323244625,-0.0
2021-10,-0.009124405415069786,-0.001398497574356891,-0.004203773324356036,0.0,-0.007975583131786125,0.0
2021-11,0.002895142121035421,0.006080184710433011,0.002324809652362869,-0.0,0.008197698774341775,-0.0
2021-12,0.003341346117753996,0.0008403219356766215,-0.005016353066288171,0.0,-0.0014811483849719454,0.0
2022-01,0.010734375654158412,0.003778860597228077,-0.0007421015383702045,-0.0,0.0008547233046562922,-0.0
2022-02,0.012421633811393273,-0.0009374066463921183,-7.600584712624814e-05,-0.0,-0.0005486995134833027,-0.0
2022-03,0.022624749697050306,0.002213993101883155,-0.012959452911615127,-0.0,-0.004507870510875773,0.0
2022-04,-0.004000592384125312,0.012712247640671474,-0.015903639500816136,-0.0,0.004198106363313513,-0.0
2022-05,0.00962450916860641,-0.004025381719430227,0.0033735196947448642,0.0,-0.0015867023570666733,-0.0
2022-06,-0.02008903763626166,0.0077894944522087315,-0.01495264404883992,-0.0,0.004811633142714849,-0.0
2022-07,0.004680156305352956,0.004885101117753783,0.004318568577107107,0.0,-0.00162145024431353,0.0
2022-08,0.003259704682913034,0.00524134182235232,-0.009409949534584044,-0.0,0.004942382131353603,-0.0
2022-09,-0.009321344117700303,0.006687835781857671,-0.0107553627249459,-0.0,0.011472813975891921,-0.0
2022-10,0.00582331787662943,-0.0038794784980721196,-0.007421831963668968,0.0,-0.0015395644433406268,0.0
2022-11,0.0024539207518602946,-0.011280261020003984,0.01665256244388663,0.0,-0.003157420939333769,0.0
2022-12,0.0028730302312225398,-0.006620119150050911,0.012790398032548944,0.0,0.00039241271043960794,0.0
2023-01,0.010456635401363823,-0.0035459873002483843,0.0019196001188041545,0.0,-0.0017344587650895682,-0.0
2023-02,-0.002770391728252025,0.005325461901830607,-0.0,-0.0,0.00211487116533767,0.0006575859730357236
2023-03,0.008419164278542557,-0.005717277461727467,0.0,0.0,-0.0004440903606687004,0.0011072915599368849
2023-04,0.005497882311257363,-0.002170827760554356,-0.006202823321254131,0.0,0.001652491797506591,0.0
2023-05,-0.002508195402615737,0.007076943572250357,-0.0,-0.0,0.0001005814359511633,-0.01297177547889719
2023-06,0.013287356872282052,-0.0040237241905491895,-0.009767614799967989,0.0,-0.007237383071624427,0.0
2023-07,0.009035868090778776,-0.0034025841065378,0.0,0.0,-0.0010166706067701562,0.008037162063847358
2023-08,-0.006880923988667409,0.003798038626478137,-0.007358051390146281,-0.0,0.006108480897553474,-0.0
2023-09,-0.004777106890580224,0.006545969773310545,-0.006806276821022944,-0.0,-0.0021981747698849663,-0.0
2023-10,-0.0011777449425342534,-0.00042181376614239366,-0.003955097455414919,-0.0,0.007675891337182995,-0.0
2023-11,0.007678221991470613,-0.00720195396297322,0.004827027475218182,0.0,-0.00466122988067826,0.0
2023-12,0.005815717568794787,-0.002561144780777139,0.009480352846186757,0.0,-0.00671630338023852,0.0
2024-01,-0.0042348625617881774,0.005007511894136993,-0.011827875582355957,-0.0,0.003390041722665315,-0.0
2024-02,-0.0004463326081465824,0.00042505020665278674,-0.004944814644163353,-0.0,0.0029692696997981414,0.0
2024-03,0.0008908927972319791,0.000518286396361201,-0.0028457481882784297,0.0,-0.00048496105248221194,-0.0
2024-04,-0.005203345834566192,0.0023290181289241157,-0.010328370783356577,-0.0,0.002130690212154223,-0.0
2024-05,-0.00254673126416749,-0.002966667420965196,-0.0012916951329880466,0.0,-0.0009019558135555689,0.0
2024-06,-0.012958669470870293,0.0035695393515460206,-0.006500606353160215,-0.0,0.001109313870993285,-0.0
2024-07,-0.004313577399343876,-0.0026616040600161727,0.01605881474297932,0.0,0.0023410054141587678,-0.0
2024-08,0.0017057375147140896,-0.005780103174399996,0.007397018883570916,0.0,-0.0065534012424584235,0.0
2024-09,0.0104205302928696,-0.002245563315759442,0.003576937612225828,0.0,0.0008185009689123821,0.0
2024-10,-0.014266416894131884,0.0072063168078003925,-0.017429533288668947,-0.0,0.00707573854053619,-0.0
2024-11,-0.012834580775209187,0.007596347485228931,0.003419245405999083,-0.0,0.0019361406191760254,-0.0
2024-12,-0.00242715951398198,0.004280049058527901,-0.011659008340049737,-0.0,0.006689874312815708,-0.0
2025-01,0.01650465601156026,7.626970028501133e-05,0.002466170343831453,-0.0,0.0014773584703988193,-0.0
2025-02,0.002003669643336703,-0.00026114226761493197,0.006071137747530153,0.0,-0.0005288485311295765,0.0
2025-03,0.00397892621295759,-0.009503631046688344,0.0014508792072562837,0.0,-0.0009378252693154975,0.0
2025-04,0.009393309464369615,-0.012656372572248645,0.010363107600035504,0.0,-0.009441501090371746,0.0
2025-05,-0.0010734683352834062,0.0010747481317517477,-0.0019708435240629874,0.0,-0.0001762645745340231,0.0
2025-06,0.010571518365546428,-0.00809387800137887,-0.0018804625867689662,0.0,-0.00220145475412905,0.0
2025-07,-0.00200325426082984,0.006233601104195623,-0.009988051204367437,-0.0,0.0031627852350754686,-0.0
2025-08,0.00935073024074079,-0.004263520291524827,0.0035412842832949765,-0.004167120822077419,0.0,0.0
2025-09,0.0071855683001553206,-0.0014070025816299632,-0.0019710697457907544,-0.0,0.00330400621063231,0.0
2025-10,-0.0008983252519658425,0.004316514334545613,-0.010779085734437949,0.006214181651975844,-0.0,-0.0
2025-11,0.004116078076294716,1.6043286018598625e-05,-0.0038035638323548338,0.0,1.1323672092131108e-05,-0.0
2025-12,-0.004268370036383862,-0.003709068978409161,-0.0015736330493082151,0.0,-0.0056915713495005625,0.0
2026-01,0.014609079830180172,-0.003377217165263331,0.0036970028432647406,0.0,-0.0029245581708008915,0.0
2026-02,0.005409704741536847,0.002621929254133607,-0.003711175999993044,-0.0,0.002863693976648338,-0.0
2026-03,-0.0011230391859492206,0.006740588395715808,-0.006114258575313919,-0.0,-0.0,0.013003720214763518
2026-04,0.014454732374065471,-0.004218640798676915,0.004096372554602157,0.0,0.0,-0.006221415958636892
2026-05,-0.0011077393156068427,0.0014673665786342513,-0.00483836940749649,-0.0,0.002657507792959521,0.0
2026-06,-0.004407965554710319,0.005604696582869997,-0.005473451730903994,-0.0,0.007761595996202253,-0.0
2026-07,0.008049434223262819,-0.0018264117495500032,0.0028967216335986645,0.0,-0.0032986678412431194,0.0
2026-08,-0.0034972194982706983,-0.002247015829104479,0.00025480927986021307,-0.0023320481652866643,0.0,-0.0
