country,h,origin,spot,pred_log,median_scenario,rmse_historical,band_low,band_high,n_errors
BRL,12,2026-08,5.171783374,-0.02550250615,5.041557537,0.1596994965,3.686597907,6.894514411,187
EUR,12,2026-08,0.862366,-0.01003594021,0.8537546303,0.07839603864,0.7321516016,0.9955547008,187
JPY,12,2026-08,159.727492,-0.08092988911,147.3100131,0.1260447978,115.0643452,188.5922171,187
GBP,12,2026-08,0.7386,-0.01039342021,0.7309631749,0.0779183409,0.6274369162,0.851571129,187
CAD,12,2026-08,1.388582,-0.02209893894,1.358232393,0.06321580847,1.199951524,1.537391468,187
SEK,12,2026-08,9.58089,-0.03217220993,9.277557202,0.111794448,7.451990378,11.55034605,187
BRL,36,2026-08,5.171783374,-0.07834327709,4.782073784,0.2790446225,2.767506788,8.263116021,163
EUR,36,2026-08,0.862366,-0.03083024235,0.8361847088,0.1008812036,0.6861679159,1.018999652,163
JPY,36,2026-08,159.727492,-0.2486152808,124.5682685,0.2782888307,72.19767182,214.9273396,163
GBP,36,2026-08,0.7386,-0.03192841498,0.7153901709,0.1445245235,0.5389161653,0.949652524,163
CAD,36,2026-08,1.388582,-0.06788757492,1.297443134,0.110080188,1.045649621,1.609868786,163
SEK,36,2026-08,9.58089,-0.0988324968,8.679274938,0.2108699352,5.740997179,13.12138137,163
BRL,60,2026-08,5.171783374,-0.1486649941,4.457341809,0.3771092673,2.12850194,9.334215598,139
EUR,60,2026-08,0.862366,-0.05850377935,0.8133617725,0.1151815671,0.6489918272,1.019361639,139
JPY,60,2026-08,159.727492,-0.4717748686,99.65301675,0.3556520771,49.63103027,200.0910256,139
GBP,60,2026-08,0.7386,-0.06058768283,0.6951786199,0.2161800174,0.4550721535,1.061970744,139
CAD,60,2026-08,1.388582,-0.128824148,1.220742078,0.1167377168,0.9710794507,1.534592479,139
SEK,60,2026-08,9.58089,-0.1875455444,7.942475045,0.2903858449,4.495463105,14.03257203,139
BRL,96,2026-08,5.171783374,-0.2285207507,4.115238639,0.5238934252,1.473831852,11.49058424,69
EUR,96,2026-08,0.862366,-0.08992922415,0.788198964,0.1393707718,0.5997925453,1.035787476,69
JPY,96,2026-08,159.727492,-0.725189866,77.34526208,0.4800963257,30.1833523,198.198315,69
GBP,96,2026-08,0.7386,-0.09313250137,0.6729183508,0.2417368733,0.4189785517,1.080769182,69
CAD,96,2026-08,1.388582,-0.1980223468,1.139125355,0.145634526,0.8562585233,1.515437849,69
SEK,96,2026-08,9.58089,-0.2882860815,7.181328602,0.369164323,3.483098722,14.80620695,69
