year,BRL,EUR,JPY,GBP,CAD,SEK
1960,,,,,,
1961,,,,,,
1962,,,,,,
1963,,,,,,
1964,,,,,,
1965,,,,,,
1966,,,,,,
1967,,,,,,
1968,,,,,,
1969,,,,,,
1970,,,,,,
1971,,,,,,
1972,,,,,,
1973,,,,,,
1974,,,,,,
1975,,,,,,
1976,,,,,,
1977,,,,,,
1978,,,,,,
1979,,,,,,
1980,,,,,,
1981,,,,,,
1982,,,,,,
1983,,,,,,
1984,,,,,,
1985,,,,,,
1986,,,,,,
1987,,,,,,
1988,,,,,,
1989,,,,,,
1990,,,,,,
1991,,,,,,
1992,,,,,,
1993,,,,,,
1994,,,,,,
1995,,,,,,
1996,,,,,,
1997,,,,,,
1998,,,,,,
1999,,,,,,
2000,,,,,,
2001,,,,,,
2002,,,,,,
2003,,,,,,
2004,,,,,,
2005,4.531523645819793,4.593097604753822,4.829113417472866,4.487512142519859,4.685828089005546,4.665324108807838
2006,4.582924577040772,4.558078578454241,4.728272383122075,4.449685283147696,4.686750172980514,4.638604962074329
2007,4.619073091157083,4.5612182984589085,4.678420647727684,4.455509411433685,4.721173861744398,4.650143551630823
2008,4.653007515402251,4.542230386214217,4.532599493153256,4.470495282661489,4.770684624465665,4.628886712605407
2009,4.622027303054514,4.603168183317418,4.71492104994721,4.457829598089382,4.637637376125593,4.645351975620923
2010,4.774912960575186,4.56954300834494,4.622027303054514,4.4942386252808095,4.71760561531788,4.6491870714048655
2011,4.846546505563361,4.541164856012179,4.52720864451838,4.520701029361642,4.740574822994295,4.612145799724517
2012,4.79081953287472,4.534747721691546,4.507557357121091,4.456670177669648,4.71492104994721,4.597138014290827
2013,4.763028270603671,4.554928969551344,4.484131857611035,4.688591794127164,4.724729421045731,4.591071261608589
2014,4.729156165769083,4.580877493419047,4.472780997942346,4.600157644164547,4.718498871295094,4.596129441335942
2015,4.605170185988092,4.605170185988092,4.605170185988092,4.605170185988092,4.605170185988092,4.605170185988092
2016,4.628886712605407,4.624972813284271,4.686750172980514,4.498697941477575,4.599152113662528,4.600157644164547
2017,4.6839813664123815,4.611152257665639,4.634728988229636,4.519612297626445,4.629862798578463,4.572646994282532
2018,4.671893818030999,4.599152113662528,4.575741375297279,4.570578741218473,4.6520537718869415,4.56954300834494
2019,4.672828834461906,4.613138355637268,4.592084946439436,4.484131857611035,4.633757642840004,4.594109238628667
2020,4.679349584162343,4.623010104116422,4.66814498514948,4.4343818650078095,4.596129441335942,4.593097604753822
2021,4.81380905109942,4.596129441335942,4.551769409260976,4.572646994282532,4.738826570800765,4.599152113662528
2022,4.740574822994295,4.5685062016165,4.373238128640803,4.517431271680085,4.803201036487226,4.56746831880408
2023,4.763881877142913,4.623991940228679,4.460144413937834,4.560172820057356,4.7086288943563215,4.563305981889393
2024,4.794136285500715,4.625952725170619,4.4953553199808844,4.597138014290827,4.699570861409576,4.5591262474866845
2025,,,,,,
