currency,proxy_country,sector,n_years,first_year,last_year,net_weight,export_share,import_share
BRL,BRA,energy,3,1994,1996,-0.06191951782325292,0.011939719012148417,0.13351013927361732
BRL,BRA,food,3,1994,1996,0.0867740733011468,0.291168554061917,0.10801353178934801
BRL,BRA,raw,3,1994,1996,0.004580144603335197,0.040989428055652734,0.02989758518704237
BRL,BRA,metals,3,1994,1996,0.032613145587414995,0.0999551625515454,0.03154458811170193
CAD,CAN,energy,3,1994,1996,0.03361982332669128,0.09758792125375006,0.0380193984509474
CAD,CAN,food,3,1994,1996,0.013694562456087684,0.07818110321445053,0.0584508105752878
CAD,CAN,raw,3,1994,1996,0.038520873753115394,0.08704050661499474,0.015735651532752967
CAD,CAN,metals,3,1994,1996,0.01841392147026606,0.062343636267627935,0.030796338407157
EUR,DEU,energy,3,1994,1996,-0.026653943179437384,0.011156097703793331,0.0694042891797693
EUR,DEU,food,3,1994,1996,-0.01899236567315199,0.052283179039089335,0.09953759129337654
EUR,DEU,raw,3,1994,1996,-0.0062643150801208495,0.010424526327893327,0.025116181629525402
EUR,DEU,metals,3,1994,1996,-0.004339880112477467,0.0243927971365442,0.03680197116315154
GBP,GBR,energy,3,1994,1996,0.0102992247963353,0.06536870285518846,0.038631846087476766
GBP,GBR,food,3,1994,1996,-0.018859133464773616,0.073931305327256,0.10130748104280433
GBP,GBR,raw,3,1994,1996,-0.009193430340083244,0.006846474140485287,0.02343835774961253
GBP,GBR,metals,3,1994,1996,-0.005085269766934716,0.02507665623135617,0.03188983634401133
JPY,JPN,energy,3,1994,1996,-0.0705940384592114,0.0053983955274425205,0.16998699417774898
JPY,JPN,food,3,1994,1996,-0.06854671327606933,0.005039520013008844,0.16525705647454
JPY,JPN,raw,3,1994,1996,-0.023248700690087096,0.005486146407249822,0.06104948015898413
JPY,JPN,metals,3,1994,1996,-0.020661499153449617,0.009998900872375824,0.060864908848523934
SEK,SWE,energy,3,1994,1996,-0.018743424737489123,0.021950689055082,0.06876969950409594
SEK,SWE,food,3,1994,1996,-0.01974116759555383,0.0230286346459328,0.0723292698782378
SEK,SWE,raw,3,1994,1996,0.024604073263097742,0.06080527664907226,0.019827189822632967
SEK,SWE,metals,3,1994,1996,-0.0003986160587175357,0.028252565417796333,0.03560196233602803
