h,origin,first_train,last_train,last_target,n_train_dates
12,2005-11,1999-10,2004-10,2005-10,61
12,2005-12,1999-10,2004-11,2005-11,62
12,2006-01,1999-10,2004-12,2005-12,63
12,2006-02,1999-10,2005-01,2006-01,64
12,2006-03,1999-10,2005-02,2006-02,65
12,2006-04,1999-10,2005-03,2006-03,66
12,2006-05,1999-10,2005-04,2006-04,67
12,2006-06,1999-10,2005-05,2006-05,68
12,2006-07,1999-10,2005-06,2006-06,69
12,2006-08,1999-10,2005-07,2006-07,70
12,2006-09,1999-10,2005-08,2006-08,71
12,2006-10,1999-10,2005-09,2006-09,72
12,2006-11,1999-10,2005-10,2006-10,73
12,2006-12,1999-10,2005-11,2006-11,74
12,2007-01,1999-10,2005-12,2006-12,75
12,2007-02,1999-10,2006-01,2007-01,76
12,2007-03,1999-10,2006-02,2007-02,77
12,2007-04,1999-10,2006-03,2007-03,78
12,2007-05,1999-10,2006-04,2007-04,79
12,2007-06,1999-10,2006-05,2007-05,80
12,2007-07,1999-10,2006-06,2007-06,81
12,2007-08,1999-10,2006-07,2007-07,82
12,2007-09,1999-10,2006-08,2007-08,83
12,2007-10,1999-10,2006-09,2007-09,84
12,2007-11,1999-10,2006-10,2007-10,85
12,2007-12,1999-10,2006-11,2007-11,86
12,2008-01,1999-10,2006-12,2007-12,87
12,2008-02,1999-10,2007-01,2008-01,88
12,2008-03,1999-10,2007-02,2008-02,89
12,2008-04,1999-10,2007-03,2008-03,90
12,2008-05,1999-10,2007-04,2008-04,91
12,2008-06,1999-10,2007-05,2008-05,92
12,2008-07,1999-10,2007-06,2008-06,93
12,2008-08,1999-10,2007-07,2008-07,94
12,2008-09,1999-10,2007-08,2008-08,95
12,2008-10,1999-10,2007-09,2008-09,96
12,2008-11,1999-10,2007-10,2008-10,97
12,2008-12,1999-10,2007-11,2008-11,98
12,2009-01,1999-10,2007-12,2008-12,99
12,2009-02,1999-10,2008-01,2009-01,100
12,2009-03,1999-10,2008-02,2009-02,101
12,2009-04,1999-10,2008-03,2009-03,102
12,2009-05,1999-10,2008-04,2009-04,103
12,2009-06,1999-10,2008-05,2009-05,104
12,2009-07,1999-10,2008-06,2009-06,105
12,2009-08,1999-10,2008-07,2009-07,106
12,2009-09,1999-10,2008-08,2009-08,107
12,2009-10,1999-10,2008-09,2009-09,108
12,2009-11,1999-10,2008-10,2009-10,109
12,2009-12,1999-10,2008-11,2009-11,110
12,2010-01,1999-10,2008-12,2009-12,111
12,2010-02,1999-10,2009-01,2010-01,112
12,2010-03,1999-10,2009-02,2010-02,113
12,2010-04,1999-10,2009-03,2010-03,114
12,2010-05,1999-10,2009-04,2010-04,115
12,2010-06,1999-10,2009-05,2010-05,116
12,2010-07,1999-10,2009-06,2010-06,117
12,2010-08,1999-10,2009-07,2010-07,118
12,2010-09,1999-10,2009-08,2010-08,119
12,2010-10,1999-10,2009-09,2010-09,120
12,2010-11,1999-10,2009-10,2010-10,121
12,2010-12,1999-10,2009-11,2010-11,122
12,2011-01,1999-10,2009-12,2010-12,123
12,2011-02,1999-10,2010-01,2011-01,124
12,2011-03,1999-10,2010-02,2011-02,125
12,2011-04,1999-10,2010-03,2011-03,126
12,2011-05,1999-10,2010-04,2011-04,127
12,2011-06,1999-10,2010-05,2011-05,128
12,2011-07,1999-10,2010-06,2011-06,129
12,2011-08,1999-10,2010-07,2011-07,130
12,2011-09,1999-10,2010-08,2011-08,131
12,2011-10,1999-10,2010-09,2011-09,132
12,2011-11,1999-10,2010-10,2011-10,133
12,2011-12,1999-10,2010-11,2011-11,134
12,2012-01,1999-10,2010-12,2011-12,135
12,2012-02,1999-10,2011-01,2012-01,136
12,2012-03,1999-10,2011-02,2012-02,137
12,2012-04,1999-10,2011-03,2012-03,138
12,2012-05,1999-10,2011-04,2012-04,139
12,2012-06,1999-10,2011-05,2012-05,140
12,2012-07,1999-10,2011-06,2012-06,141
12,2012-08,1999-10,2011-07,2012-07,142
12,2012-09,1999-10,2011-08,2012-08,143
12,2012-10,1999-10,2011-09,2012-09,144
12,2012-11,1999-10,2011-10,2012-10,145
12,2012-12,1999-10,2011-11,2012-11,146
12,2013-01,1999-10,2011-12,2012-12,147
12,2013-02,1999-10,2012-01,2013-01,148
12,2013-03,1999-10,2012-02,2013-02,149
12,2013-04,1999-10,2012-03,2013-03,150
12,2013-05,1999-10,2012-04,2013-04,151
12,2013-06,1999-10,2012-05,2013-05,152
12,2013-07,1999-10,2012-06,2013-06,153
12,2013-08,1999-10,2012-07,2013-07,154
12,2013-09,1999-10,2012-08,2013-08,155
12,2013-10,1999-10,2012-09,2013-09,156
12,2013-11,1999-10,2012-10,2013-10,157
12,2013-12,1999-10,2012-11,2013-11,158
12,2014-01,1999-10,2012-12,2013-12,159
12,2014-02,1999-10,2013-01,2014-01,160
12,2014-03,1999-10,2013-02,2014-02,161
12,2014-04,1999-10,2013-03,2014-03,162
12,2014-05,1999-10,2013-04,2014-04,163
12,2014-06,1999-10,2013-05,2014-05,164
12,2014-07,1999-10,2013-06,2014-06,165
12,2014-08,1999-10,2013-07,2014-07,166
12,2014-09,1999-10,2013-08,2014-08,167
12,2014-10,1999-10,2013-09,2014-09,168
12,2014-11,1999-10,2013-10,2014-10,169
12,2014-12,1999-10,2013-11,2014-11,170
12,2015-01,1999-10,2013-12,2014-12,171
12,2015-02,1999-10,2014-01,2015-01,172
12,2015-03,1999-10,2014-02,2015-02,173
12,2015-04,1999-10,2014-03,2015-03,174
12,2015-05,1999-10,2014-04,2015-04,175
12,2015-06,1999-10,2014-05,2015-05,176
12,2015-07,1999-10,2014-06,2015-06,177
12,2015-08,1999-10,2014-07,2015-07,178
12,2015-09,1999-10,2014-08,2015-08,179
12,2015-10,1999-10,2014-09,2015-09,180
12,2015-11,1999-10,2014-10,2015-10,181
12,2015-12,1999-10,2014-11,2015-11,182
12,2016-01,1999-10,2014-12,2015-12,183
12,2016-02,1999-10,2015-01,2016-01,184
12,2016-03,1999-10,2015-02,2016-02,185
12,2016-04,1999-10,2015-03,2016-03,186
12,2016-05,1999-10,2015-04,2016-04,187
12,2016-06,1999-10,2015-05,2016-05,188
12,2016-07,1999-10,2015-06,2016-06,189
12,2016-08,1999-10,2015-07,2016-07,190
12,2016-09,1999-10,2015-08,2016-08,191
12,2016-10,1999-10,2015-09,2016-09,192
12,2016-11,1999-10,2015-10,2016-10,193
12,2016-12,1999-10,2015-11,2016-11,194
12,2017-01,1999-10,2015-12,2016-12,195
12,2017-02,1999-10,2016-01,2017-01,196
12,2017-03,1999-10,2016-02,2017-02,197
12,2017-04,1999-10,2016-03,2017-03,198
12,2017-05,1999-10,2016-04,2017-04,199
12,2017-06,1999-10,2016-05,2017-05,200
12,2017-07,1999-10,2016-06,2017-06,201
12,2017-08,1999-10,2016-07,2017-07,202
12,2017-09,1999-10,2016-08,2017-08,203
12,2017-10,1999-10,2016-09,2017-09,204
12,2017-11,1999-10,2016-10,2017-10,205
12,2017-12,1999-10,2016-11,2017-11,206
12,2018-01,1999-10,2016-12,2017-12,207
12,2018-02,1999-10,2017-01,2018-01,208
12,2018-03,1999-10,2017-02,2018-02,209
12,2018-04,1999-10,2017-03,2018-03,210
12,2018-05,1999-10,2017-04,2018-04,211
12,2018-06,1999-10,2017-05,2018-05,212
12,2018-07,1999-10,2017-06,2018-06,213
12,2018-08,1999-10,2017-07,2018-07,214
12,2018-09,1999-10,2017-08,2018-08,215
12,2018-10,1999-10,2017-09,2018-09,216
12,2018-11,1999-10,2017-10,2018-10,217
12,2018-12,1999-10,2017-11,2018-11,218
12,2019-01,1999-10,2017-12,2018-12,219
12,2019-02,1999-10,2018-01,2019-01,220
12,2019-03,1999-10,2018-02,2019-02,221
12,2019-04,1999-10,2018-03,2019-03,222
12,2019-05,1999-10,2018-04,2019-04,223
12,2019-06,1999-10,2018-05,2019-05,224
12,2019-07,1999-10,2018-06,2019-06,225
12,2019-08,1999-10,2018-07,2019-07,226
12,2019-09,1999-10,2018-08,2019-08,227
12,2019-10,1999-10,2018-09,2019-09,228
12,2019-11,1999-10,2018-10,2019-10,229
12,2019-12,1999-10,2018-11,2019-11,230
12,2020-01,1999-10,2018-12,2019-12,231
12,2020-02,1999-10,2019-01,2020-01,232
12,2020-03,1999-10,2019-02,2020-02,233
12,2020-04,1999-10,2019-03,2020-03,234
12,2020-05,1999-10,2019-04,2020-04,235
12,2020-06,1999-10,2019-05,2020-05,236
12,2020-07,1999-10,2019-06,2020-06,237
12,2020-08,1999-10,2019-07,2020-07,238
12,2020-09,1999-10,2019-08,2020-08,239
12,2020-10,1999-10,2019-09,2020-09,240
12,2020-11,1999-10,2019-10,2020-10,241
12,2020-12,1999-10,2019-11,2020-11,242
12,2021-01,1999-10,2019-12,2020-12,243
12,2021-02,1999-10,2020-01,2021-01,244
12,2021-03,1999-10,2020-02,2021-02,245
12,2021-04,1999-10,2020-03,2021-03,246
12,2021-05,1999-10,2020-04,2021-04,247
12,2021-06,1999-10,2020-05,2021-05,248
12,2021-07,1999-10,2020-06,2021-06,249
12,2021-08,1999-10,2020-07,2021-07,250
12,2021-09,1999-10,2020-08,2021-08,251
12,2021-10,1999-10,2020-09,2021-09,252
12,2021-11,1999-10,2020-10,2021-10,253
12,2021-12,1999-10,2020-11,2021-11,254
12,2022-01,1999-10,2020-12,2021-12,255
12,2022-02,1999-10,2021-01,2022-01,256
12,2022-03,1999-10,2021-02,2022-02,257
12,2022-04,1999-10,2021-03,2022-03,258
12,2022-05,1999-10,2021-04,2022-04,259
12,2022-06,1999-10,2021-05,2022-05,260
12,2022-07,1999-10,2021-06,2022-06,261
12,2022-08,1999-10,2021-07,2022-07,262
12,2022-09,1999-10,2021-08,2022-08,263
12,2022-10,1999-10,2021-09,2022-09,264
12,2022-11,1999-10,2021-10,2022-10,265
12,2022-12,1999-10,2021-11,2022-11,266
12,2023-01,1999-10,2021-12,2022-12,267
12,2023-02,1999-10,2022-01,2023-01,268
12,2023-03,1999-10,2022-02,2023-02,269
12,2023-04,1999-10,2022-03,2023-03,270
12,2023-05,1999-10,2022-04,2023-04,271
12,2023-06,1999-10,2022-05,2023-05,272
12,2023-07,1999-10,2022-06,2023-06,273
12,2023-08,1999-10,2022-07,2023-07,274
12,2023-09,1999-10,2022-08,2023-08,275
12,2023-10,1999-10,2022-09,2023-09,276
12,2023-11,1999-10,2022-10,2023-10,277
12,2023-12,1999-10,2022-11,2023-11,278
12,2024-01,1999-10,2022-12,2023-12,279
12,2024-02,1999-10,2023-01,2024-01,280
12,2024-03,1999-10,2023-02,2024-02,281
12,2024-04,1999-10,2023-03,2024-03,282
12,2024-05,1999-10,2023-04,2024-04,283
12,2024-06,1999-10,2023-05,2024-05,284
12,2024-07,1999-10,2023-06,2024-06,285
12,2024-08,1999-10,2023-07,2024-07,286
12,2024-09,1999-10,2023-08,2024-08,287
12,2024-10,1999-10,2023-09,2024-09,288
12,2024-11,1999-10,2023-10,2024-10,289
12,2024-12,1999-10,2023-11,2024-11,290
12,2025-01,1999-10,2023-12,2024-12,291
12,2025-02,1999-10,2024-01,2025-01,292
12,2025-03,1999-10,2024-02,2025-02,293
12,2025-04,1999-10,2024-03,2025-03,294
12,2025-05,1999-10,2024-04,2025-04,295
12,2025-06,1999-10,2024-05,2025-05,296
12,2025-07,1999-10,2024-06,2025-06,297
12,2025-08,1999-10,2024-07,2025-07,298
12,2025-09,1999-10,2024-08,2025-08,299
12,2025-10,1999-10,2024-09,2025-09,300
12,2025-11,1999-10,2024-10,2025-10,301
12,2025-12,1999-10,2024-11,2025-11,302
12,2026-01,1999-10,2024-12,2025-12,303
12,2026-02,1999-10,2025-01,2026-01,304
12,2026-03,1999-10,2025-02,2026-02,305
12,2026-04,1999-10,2025-03,2026-03,306
12,2026-05,1999-10,2025-04,2026-04,307
12,2026-06,1999-10,2025-05,2026-05,308
12,2026-07,1999-10,2025-06,2026-06,309
12,2026-08,1999-10,2025-07,2026-07,310
24,2006-11,1999-10,2004-10,2006-10,61
24,2006-12,1999-10,2004-11,2006-11,62
24,2007-01,1999-10,2004-12,2006-12,63
24,2007-02,1999-10,2005-01,2007-01,64
24,2007-03,1999-10,2005-02,2007-02,65
24,2007-04,1999-10,2005-03,2007-03,66
24,2007-05,1999-10,2005-04,2007-04,67
24,2007-06,1999-10,2005-05,2007-05,68
24,2007-07,1999-10,2005-06,2007-06,69
24,2007-08,1999-10,2005-07,2007-07,70
24,2007-09,1999-10,2005-08,2007-08,71
24,2007-10,1999-10,2005-09,2007-09,72
24,2007-11,1999-10,2005-10,2007-10,73
24,2007-12,1999-10,2005-11,2007-11,74
24,2008-01,1999-10,2005-12,2007-12,75
24,2008-02,1999-10,2006-01,2008-01,76
24,2008-03,1999-10,2006-02,2008-02,77
24,2008-04,1999-10,2006-03,2008-03,78
24,2008-05,1999-10,2006-04,2008-04,79
24,2008-06,1999-10,2006-05,2008-05,80
24,2008-07,1999-10,2006-06,2008-06,81
24,2008-08,1999-10,2006-07,2008-07,82
24,2008-09,1999-10,2006-08,2008-08,83
24,2008-10,1999-10,2006-09,2008-09,84
24,2008-11,1999-10,2006-10,2008-10,85
24,2008-12,1999-10,2006-11,2008-11,86
24,2009-01,1999-10,2006-12,2008-12,87
24,2009-02,1999-10,2007-01,2009-01,88
24,2009-03,1999-10,2007-02,2009-02,89
24,2009-04,1999-10,2007-03,2009-03,90
24,2009-05,1999-10,2007-04,2009-04,91
24,2009-06,1999-10,2007-05,2009-05,92
24,2009-07,1999-10,2007-06,2009-06,93
24,2009-08,1999-10,2007-07,2009-07,94
24,2009-09,1999-10,2007-08,2009-08,95
24,2009-10,1999-10,2007-09,2009-09,96
24,2009-11,1999-10,2007-10,2009-10,97
24,2009-12,1999-10,2007-11,2009-11,98
24,2010-01,1999-10,2007-12,2009-12,99
24,2010-02,1999-10,2008-01,2010-01,100
24,2010-03,1999-10,2008-02,2010-02,101
24,2010-04,1999-10,2008-03,2010-03,102
24,2010-05,1999-10,2008-04,2010-04,103
24,2010-06,1999-10,2008-05,2010-05,104
24,2010-07,1999-10,2008-06,2010-06,105
24,2010-08,1999-10,2008-07,2010-07,106
24,2010-09,1999-10,2008-08,2010-08,107
24,2010-10,1999-10,2008-09,2010-09,108
24,2010-11,1999-10,2008-10,2010-10,109
24,2010-12,1999-10,2008-11,2010-11,110
24,2011-01,1999-10,2008-12,2010-12,111
24,2011-02,1999-10,2009-01,2011-01,112
24,2011-03,1999-10,2009-02,2011-02,113
24,2011-04,1999-10,2009-03,2011-03,114
24,2011-05,1999-10,2009-04,2011-04,115
24,2011-06,1999-10,2009-05,2011-05,116
24,2011-07,1999-10,2009-06,2011-06,117
24,2011-08,1999-10,2009-07,2011-07,118
24,2011-09,1999-10,2009-08,2011-08,119
24,2011-10,1999-10,2009-09,2011-09,120
24,2011-11,1999-10,2009-10,2011-10,121
24,2011-12,1999-10,2009-11,2011-11,122
24,2012-01,1999-10,2009-12,2011-12,123
24,2012-02,1999-10,2010-01,2012-01,124
24,2012-03,1999-10,2010-02,2012-02,125
24,2012-04,1999-10,2010-03,2012-03,126
24,2012-05,1999-10,2010-04,2012-04,127
24,2012-06,1999-10,2010-05,2012-05,128
24,2012-07,1999-10,2010-06,2012-06,129
24,2012-08,1999-10,2010-07,2012-07,130
24,2012-09,1999-10,2010-08,2012-08,131
24,2012-10,1999-10,2010-09,2012-09,132
24,2012-11,1999-10,2010-10,2012-10,133
24,2012-12,1999-10,2010-11,2012-11,134
24,2013-01,1999-10,2010-12,2012-12,135
24,2013-02,1999-10,2011-01,2013-01,136
24,2013-03,1999-10,2011-02,2013-02,137
24,2013-04,1999-10,2011-03,2013-03,138
24,2013-05,1999-10,2011-04,2013-04,139
24,2013-06,1999-10,2011-05,2013-05,140
24,2013-07,1999-10,2011-06,2013-06,141
24,2013-08,1999-10,2011-07,2013-07,142
24,2013-09,1999-10,2011-08,2013-08,143
24,2013-10,1999-10,2011-09,2013-09,144
24,2013-11,1999-10,2011-10,2013-10,145
24,2013-12,1999-10,2011-11,2013-11,146
24,2014-01,1999-10,2011-12,2013-12,147
24,2014-02,1999-10,2012-01,2014-01,148
24,2014-03,1999-10,2012-02,2014-02,149
24,2014-04,1999-10,2012-03,2014-03,150
24,2014-05,1999-10,2012-04,2014-04,151
24,2014-06,1999-10,2012-05,2014-05,152
24,2014-07,1999-10,2012-06,2014-06,153
24,2014-08,1999-10,2012-07,2014-07,154
24,2014-09,1999-10,2012-08,2014-08,155
24,2014-10,1999-10,2012-09,2014-09,156
24,2014-11,1999-10,2012-10,2014-10,157
24,2014-12,1999-10,2012-11,2014-11,158
24,2015-01,1999-10,2012-12,2014-12,159
24,2015-02,1999-10,2013-01,2015-01,160
24,2015-03,1999-10,2013-02,2015-02,161
24,2015-04,1999-10,2013-03,2015-03,162
24,2015-05,1999-10,2013-04,2015-04,163
24,2015-06,1999-10,2013-05,2015-05,164
24,2015-07,1999-10,2013-06,2015-06,165
24,2015-08,1999-10,2013-07,2015-07,166
24,2015-09,1999-10,2013-08,2015-08,167
24,2015-10,1999-10,2013-09,2015-09,168
24,2015-11,1999-10,2013-10,2015-10,169
24,2015-12,1999-10,2013-11,2015-11,170
24,2016-01,1999-10,2013-12,2015-12,171
24,2016-02,1999-10,2014-01,2016-01,172
24,2016-03,1999-10,2014-02,2016-02,173
24,2016-04,1999-10,2014-03,2016-03,174
24,2016-05,1999-10,2014-04,2016-04,175
24,2016-06,1999-10,2014-05,2016-05,176
24,2016-07,1999-10,2014-06,2016-06,177
24,2016-08,1999-10,2014-07,2016-07,178
24,2016-09,1999-10,2014-08,2016-08,179
24,2016-10,1999-10,2014-09,2016-09,180
24,2016-11,1999-10,2014-10,2016-10,181
24,2016-12,1999-10,2014-11,2016-11,182
24,2017-01,1999-10,2014-12,2016-12,183
24,2017-02,1999-10,2015-01,2017-01,184
24,2017-03,1999-10,2015-02,2017-02,185
24,2017-04,1999-10,2015-03,2017-03,186
24,2017-05,1999-10,2015-04,2017-04,187
24,2017-06,1999-10,2015-05,2017-05,188
24,2017-07,1999-10,2015-06,2017-06,189
24,2017-08,1999-10,2015-07,2017-07,190
24,2017-09,1999-10,2015-08,2017-08,191
24,2017-10,1999-10,2015-09,2017-09,192
24,2017-11,1999-10,2015-10,2017-10,193
24,2017-12,1999-10,2015-11,2017-11,194
24,2018-01,1999-10,2015-12,2017-12,195
24,2018-02,1999-10,2016-01,2018-01,196
24,2018-03,1999-10,2016-02,2018-02,197
24,2018-04,1999-10,2016-03,2018-03,198
24,2018-05,1999-10,2016-04,2018-04,199
24,2018-06,1999-10,2016-05,2018-05,200
24,2018-07,1999-10,2016-06,2018-06,201
24,2018-08,1999-10,2016-07,2018-07,202
24,2018-09,1999-10,2016-08,2018-08,203
24,2018-10,1999-10,2016-09,2018-09,204
24,2018-11,1999-10,2016-10,2018-10,205
24,2018-12,1999-10,2016-11,2018-11,206
24,2019-01,1999-10,2016-12,2018-12,207
24,2019-02,1999-10,2017-01,2019-01,208
24,2019-03,1999-10,2017-02,2019-02,209
24,2019-04,1999-10,2017-03,2019-03,210
24,2019-05,1999-10,2017-04,2019-04,211
24,2019-06,1999-10,2017-05,2019-05,212
24,2019-07,1999-10,2017-06,2019-06,213
24,2019-08,1999-10,2017-07,2019-07,214
24,2019-09,1999-10,2017-08,2019-08,215
24,2019-10,1999-10,2017-09,2019-09,216
24,2019-11,1999-10,2017-10,2019-10,217
24,2019-12,1999-10,2017-11,2019-11,218
24,2020-01,1999-10,2017-12,2019-12,219
24,2020-02,1999-10,2018-01,2020-01,220
24,2020-03,1999-10,2018-02,2020-02,221
24,2020-04,1999-10,2018-03,2020-03,222
24,2020-05,1999-10,2018-04,2020-04,223
24,2020-06,1999-10,2018-05,2020-05,224
24,2020-07,1999-10,2018-06,2020-06,225
24,2020-08,1999-10,2018-07,2020-07,226
24,2020-09,1999-10,2018-08,2020-08,227
24,2020-10,1999-10,2018-09,2020-09,228
24,2020-11,1999-10,2018-10,2020-10,229
24,2020-12,1999-10,2018-11,2020-11,230
24,2021-01,1999-10,2018-12,2020-12,231
24,2021-02,1999-10,2019-01,2021-01,232
24,2021-03,1999-10,2019-02,2021-02,233
24,2021-04,1999-10,2019-03,2021-03,234
24,2021-05,1999-10,2019-04,2021-04,235
24,2021-06,1999-10,2019-05,2021-05,236
24,2021-07,1999-10,2019-06,2021-06,237
24,2021-08,1999-10,2019-07,2021-07,238
24,2021-09,1999-10,2019-08,2021-08,239
24,2021-10,1999-10,2019-09,2021-09,240
24,2021-11,1999-10,2019-10,2021-10,241
24,2021-12,1999-10,2019-11,2021-11,242
24,2022-01,1999-10,2019-12,2021-12,243
24,2022-02,1999-10,2020-01,2022-01,244
24,2022-03,1999-10,2020-02,2022-02,245
24,2022-04,1999-10,2020-03,2022-03,246
24,2022-05,1999-10,2020-04,2022-04,247
24,2022-06,1999-10,2020-05,2022-05,248
24,2022-07,1999-10,2020-06,2022-06,249
24,2022-08,1999-10,2020-07,2022-07,250
24,2022-09,1999-10,2020-08,2022-08,251
24,2022-10,1999-10,2020-09,2022-09,252
24,2022-11,1999-10,2020-10,2022-10,253
24,2022-12,1999-10,2020-11,2022-11,254
24,2023-01,1999-10,2020-12,2022-12,255
24,2023-02,1999-10,2021-01,2023-01,256
24,2023-03,1999-10,2021-02,2023-02,257
24,2023-04,1999-10,2021-03,2023-03,258
24,2023-05,1999-10,2021-04,2023-04,259
24,2023-06,1999-10,2021-05,2023-05,260
24,2023-07,1999-10,2021-06,2023-06,261
24,2023-08,1999-10,2021-07,2023-07,262
24,2023-09,1999-10,2021-08,2023-08,263
24,2023-10,1999-10,2021-09,2023-09,264
24,2023-11,1999-10,2021-10,2023-10,265
24,2023-12,1999-10,2021-11,2023-11,266
24,2024-01,1999-10,2021-12,2023-12,267
24,2024-02,1999-10,2022-01,2024-01,268
24,2024-03,1999-10,2022-02,2024-02,269
24,2024-04,1999-10,2022-03,2024-03,270
24,2024-05,1999-10,2022-04,2024-04,271
24,2024-06,1999-10,2022-05,2024-05,272
24,2024-07,1999-10,2022-06,2024-06,273
24,2024-08,1999-10,2022-07,2024-07,274
24,2024-09,1999-10,2022-08,2024-08,275
24,2024-10,1999-10,2022-09,2024-09,276
24,2024-11,1999-10,2022-10,2024-10,277
24,2024-12,1999-10,2022-11,2024-11,278
24,2025-01,1999-10,2022-12,2024-12,279
24,2025-02,1999-10,2023-01,2025-01,280
24,2025-03,1999-10,2023-02,2025-02,281
24,2025-04,1999-10,2023-03,2025-03,282
24,2025-05,1999-10,2023-04,2025-04,283
24,2025-06,1999-10,2023-05,2025-05,284
24,2025-07,1999-10,2023-06,2025-06,285
24,2025-08,1999-10,2023-07,2025-07,286
24,2025-09,1999-10,2023-08,2025-08,287
24,2025-10,1999-10,2023-09,2025-09,288
24,2025-11,1999-10,2023-10,2025-10,289
24,2025-12,1999-10,2023-11,2025-11,290
24,2026-01,1999-10,2023-12,2025-12,291
24,2026-02,1999-10,2024-01,2026-01,292
24,2026-03,1999-10,2024-02,2026-02,293
24,2026-04,1999-10,2024-03,2026-03,294
24,2026-05,1999-10,2024-04,2026-04,295
24,2026-06,1999-10,2024-05,2026-05,296
24,2026-07,1999-10,2024-06,2026-06,297
24,2026-08,1999-10,2024-07,2026-07,298
36,2007-11,1999-10,2004-10,2007-10,61
36,2007-12,1999-10,2004-11,2007-11,62
36,2008-01,1999-10,2004-12,2007-12,63
36,2008-02,1999-10,2005-01,2008-01,64
36,2008-03,1999-10,2005-02,2008-02,65
36,2008-04,1999-10,2005-03,2008-03,66
36,2008-05,1999-10,2005-04,2008-04,67
36,2008-06,1999-10,2005-05,2008-05,68
36,2008-07,1999-10,2005-06,2008-06,69
36,2008-08,1999-10,2005-07,2008-07,70
36,2008-09,1999-10,2005-08,2008-08,71
36,2008-10,1999-10,2005-09,2008-09,72
36,2008-11,1999-10,2005-10,2008-10,73
36,2008-12,1999-10,2005-11,2008-11,74
36,2009-01,1999-10,2005-12,2008-12,75
36,2009-02,1999-10,2006-01,2009-01,76
36,2009-03,1999-10,2006-02,2009-02,77
36,2009-04,1999-10,2006-03,2009-03,78
36,2009-05,1999-10,2006-04,2009-04,79
36,2009-06,1999-10,2006-05,2009-05,80
36,2009-07,1999-10,2006-06,2009-06,81
36,2009-08,1999-10,2006-07,2009-07,82
36,2009-09,1999-10,2006-08,2009-08,83
36,2009-10,1999-10,2006-09,2009-09,84
36,2009-11,1999-10,2006-10,2009-10,85
36,2009-12,1999-10,2006-11,2009-11,86
36,2010-01,1999-10,2006-12,2009-12,87
36,2010-02,1999-10,2007-01,2010-01,88
36,2010-03,1999-10,2007-02,2010-02,89
36,2010-04,1999-10,2007-03,2010-03,90
36,2010-05,1999-10,2007-04,2010-04,91
36,2010-06,1999-10,2007-05,2010-05,92
36,2010-07,1999-10,2007-06,2010-06,93
36,2010-08,1999-10,2007-07,2010-07,94
36,2010-09,1999-10,2007-08,2010-08,95
36,2010-10,1999-10,2007-09,2010-09,96
36,2010-11,1999-10,2007-10,2010-10,97
36,2010-12,1999-10,2007-11,2010-11,98
36,2011-01,1999-10,2007-12,2010-12,99
36,2011-02,1999-10,2008-01,2011-01,100
36,2011-03,1999-10,2008-02,2011-02,101
36,2011-04,1999-10,2008-03,2011-03,102
36,2011-05,1999-10,2008-04,2011-04,103
36,2011-06,1999-10,2008-05,2011-05,104
36,2011-07,1999-10,2008-06,2011-06,105
36,2011-08,1999-10,2008-07,2011-07,106
36,2011-09,1999-10,2008-08,2011-08,107
36,2011-10,1999-10,2008-09,2011-09,108
36,2011-11,1999-10,2008-10,2011-10,109
36,2011-12,1999-10,2008-11,2011-11,110
36,2012-01,1999-10,2008-12,2011-12,111
36,2012-02,1999-10,2009-01,2012-01,112
36,2012-03,1999-10,2009-02,2012-02,113
36,2012-04,1999-10,2009-03,2012-03,114
36,2012-05,1999-10,2009-04,2012-04,115
36,2012-06,1999-10,2009-05,2012-05,116
36,2012-07,1999-10,2009-06,2012-06,117
36,2012-08,1999-10,2009-07,2012-07,118
36,2012-09,1999-10,2009-08,2012-08,119
36,2012-10,1999-10,2009-09,2012-09,120
36,2012-11,1999-10,2009-10,2012-10,121
36,2012-12,1999-10,2009-11,2012-11,122
36,2013-01,1999-10,2009-12,2012-12,123
36,2013-02,1999-10,2010-01,2013-01,124
36,2013-03,1999-10,2010-02,2013-02,125
36,2013-04,1999-10,2010-03,2013-03,126
36,2013-05,1999-10,2010-04,2013-04,127
36,2013-06,1999-10,2010-05,2013-05,128
36,2013-07,1999-10,2010-06,2013-06,129
36,2013-08,1999-10,2010-07,2013-07,130
36,2013-09,1999-10,2010-08,2013-08,131
36,2013-10,1999-10,2010-09,2013-09,132
36,2013-11,1999-10,2010-10,2013-10,133
36,2013-12,1999-10,2010-11,2013-11,134
36,2014-01,1999-10,2010-12,2013-12,135
36,2014-02,1999-10,2011-01,2014-01,136
36,2014-03,1999-10,2011-02,2014-02,137
36,2014-04,1999-10,2011-03,2014-03,138
36,2014-05,1999-10,2011-04,2014-04,139
36,2014-06,1999-10,2011-05,2014-05,140
36,2014-07,1999-10,2011-06,2014-06,141
36,2014-08,1999-10,2011-07,2014-07,142
36,2014-09,1999-10,2011-08,2014-08,143
36,2014-10,1999-10,2011-09,2014-09,144
36,2014-11,1999-10,2011-10,2014-10,145
36,2014-12,1999-10,2011-11,2014-11,146
36,2015-01,1999-10,2011-12,2014-12,147
36,2015-02,1999-10,2012-01,2015-01,148
36,2015-03,1999-10,2012-02,2015-02,149
36,2015-04,1999-10,2012-03,2015-03,150
36,2015-05,1999-10,2012-04,2015-04,151
36,2015-06,1999-10,2012-05,2015-05,152
36,2015-07,1999-10,2012-06,2015-06,153
36,2015-08,1999-10,2012-07,2015-07,154
36,2015-09,1999-10,2012-08,2015-08,155
36,2015-10,1999-10,2012-09,2015-09,156
36,2015-11,1999-10,2012-10,2015-10,157
36,2015-12,1999-10,2012-11,2015-11,158
36,2016-01,1999-10,2012-12,2015-12,159
36,2016-02,1999-10,2013-01,2016-01,160
36,2016-03,1999-10,2013-02,2016-02,161
36,2016-04,1999-10,2013-03,2016-03,162
36,2016-05,1999-10,2013-04,2016-04,163
36,2016-06,1999-10,2013-05,2016-05,164
36,2016-07,1999-10,2013-06,2016-06,165
36,2016-08,1999-10,2013-07,2016-07,166
36,2016-09,1999-10,2013-08,2016-08,167
36,2016-10,1999-10,2013-09,2016-09,168
36,2016-11,1999-10,2013-10,2016-10,169
36,2016-12,1999-10,2013-11,2016-11,170
36,2017-01,1999-10,2013-12,2016-12,171
36,2017-02,1999-10,2014-01,2017-01,172
36,2017-03,1999-10,2014-02,2017-02,173
36,2017-04,1999-10,2014-03,2017-03,174
36,2017-05,1999-10,2014-04,2017-04,175
36,2017-06,1999-10,2014-05,2017-05,176
36,2017-07,1999-10,2014-06,2017-06,177
36,2017-08,1999-10,2014-07,2017-07,178
36,2017-09,1999-10,2014-08,2017-08,179
36,2017-10,1999-10,2014-09,2017-09,180
36,2017-11,1999-10,2014-10,2017-10,181
36,2017-12,1999-10,2014-11,2017-11,182
36,2018-01,1999-10,2014-12,2017-12,183
36,2018-02,1999-10,2015-01,2018-01,184
36,2018-03,1999-10,2015-02,2018-02,185
36,2018-04,1999-10,2015-03,2018-03,186
36,2018-05,1999-10,2015-04,2018-04,187
36,2018-06,1999-10,2015-05,2018-05,188
36,2018-07,1999-10,2015-06,2018-06,189
36,2018-08,1999-10,2015-07,2018-07,190
36,2018-09,1999-10,2015-08,2018-08,191
36,2018-10,1999-10,2015-09,2018-09,192
36,2018-11,1999-10,2015-10,2018-10,193
36,2018-12,1999-10,2015-11,2018-11,194
36,2019-01,1999-10,2015-12,2018-12,195
36,2019-02,1999-10,2016-01,2019-01,196
36,2019-03,1999-10,2016-02,2019-02,197
36,2019-04,1999-10,2016-03,2019-03,198
36,2019-05,1999-10,2016-04,2019-04,199
36,2019-06,1999-10,2016-05,2019-05,200
36,2019-07,1999-10,2016-06,2019-06,201
36,2019-08,1999-10,2016-07,2019-07,202
36,2019-09,1999-10,2016-08,2019-08,203
36,2019-10,1999-10,2016-09,2019-09,204
36,2019-11,1999-10,2016-10,2019-10,205
36,2019-12,1999-10,2016-11,2019-11,206
36,2020-01,1999-10,2016-12,2019-12,207
36,2020-02,1999-10,2017-01,2020-01,208
36,2020-03,1999-10,2017-02,2020-02,209
36,2020-04,1999-10,2017-03,2020-03,210
36,2020-05,1999-10,2017-04,2020-04,211
36,2020-06,1999-10,2017-05,2020-05,212
36,2020-07,1999-10,2017-06,2020-06,213
36,2020-08,1999-10,2017-07,2020-07,214
36,2020-09,1999-10,2017-08,2020-08,215
36,2020-10,1999-10,2017-09,2020-09,216
36,2020-11,1999-10,2017-10,2020-10,217
36,2020-12,1999-10,2017-11,2020-11,218
36,2021-01,1999-10,2017-12,2020-12,219
36,2021-02,1999-10,2018-01,2021-01,220
36,2021-03,1999-10,2018-02,2021-02,221
36,2021-04,1999-10,2018-03,2021-03,222
36,2021-05,1999-10,2018-04,2021-04,223
36,2021-06,1999-10,2018-05,2021-05,224
36,2021-07,1999-10,2018-06,2021-06,225
36,2021-08,1999-10,2018-07,2021-07,226
36,2021-09,1999-10,2018-08,2021-08,227
36,2021-10,1999-10,2018-09,2021-09,228
36,2021-11,1999-10,2018-10,2021-10,229
36,2021-12,1999-10,2018-11,2021-11,230
36,2022-01,1999-10,2018-12,2021-12,231
36,2022-02,1999-10,2019-01,2022-01,232
36,2022-03,1999-10,2019-02,2022-02,233
36,2022-04,1999-10,2019-03,2022-03,234
36,2022-05,1999-10,2019-04,2022-04,235
36,2022-06,1999-10,2019-05,2022-05,236
36,2022-07,1999-10,2019-06,2022-06,237
36,2022-08,1999-10,2019-07,2022-07,238
36,2022-09,1999-10,2019-08,2022-08,239
36,2022-10,1999-10,2019-09,2022-09,240
36,2022-11,1999-10,2019-10,2022-10,241
36,2022-12,1999-10,2019-11,2022-11,242
36,2023-01,1999-10,2019-12,2022-12,243
36,2023-02,1999-10,2020-01,2023-01,244
36,2023-03,1999-10,2020-02,2023-02,245
36,2023-04,1999-10,2020-03,2023-03,246
36,2023-05,1999-10,2020-04,2023-04,247
36,2023-06,1999-10,2020-05,2023-05,248
36,2023-07,1999-10,2020-06,2023-06,249
36,2023-08,1999-10,2020-07,2023-07,250
36,2023-09,1999-10,2020-08,2023-08,251
36,2023-10,1999-10,2020-09,2023-09,252
36,2023-11,1999-10,2020-10,2023-10,253
36,2023-12,1999-10,2020-11,2023-11,254
36,2024-01,1999-10,2020-12,2023-12,255
36,2024-02,1999-10,2021-01,2024-01,256
36,2024-03,1999-10,2021-02,2024-02,257
36,2024-04,1999-10,2021-03,2024-03,258
36,2024-05,1999-10,2021-04,2024-04,259
36,2024-06,1999-10,2021-05,2024-05,260
36,2024-07,1999-10,2021-06,2024-06,261
36,2024-08,1999-10,2021-07,2024-07,262
36,2024-09,1999-10,2021-08,2024-08,263
36,2024-10,1999-10,2021-09,2024-09,264
36,2024-11,1999-10,2021-10,2024-10,265
36,2024-12,1999-10,2021-11,2024-11,266
36,2025-01,1999-10,2021-12,2024-12,267
36,2025-02,1999-10,2022-01,2025-01,268
36,2025-03,1999-10,2022-02,2025-02,269
36,2025-04,1999-10,2022-03,2025-03,270
36,2025-05,1999-10,2022-04,2025-04,271
36,2025-06,1999-10,2022-05,2025-05,272
36,2025-07,1999-10,2022-06,2025-06,273
36,2025-08,1999-10,2022-07,2025-07,274
36,2025-09,1999-10,2022-08,2025-08,275
36,2025-10,1999-10,2022-09,2025-09,276
36,2025-11,1999-10,2022-10,2025-10,277
36,2025-12,1999-10,2022-11,2025-11,278
36,2026-01,1999-10,2022-12,2025-12,279
36,2026-02,1999-10,2023-01,2026-01,280
36,2026-03,1999-10,2023-02,2026-02,281
36,2026-04,1999-10,2023-03,2026-03,282
36,2026-05,1999-10,2023-04,2026-04,283
36,2026-06,1999-10,2023-05,2026-05,284
36,2026-07,1999-10,2023-06,2026-06,285
36,2026-08,1999-10,2023-07,2026-07,286
48,2008-11,1999-10,2004-10,2008-10,61
48,2008-12,1999-10,2004-11,2008-11,62
48,2009-01,1999-10,2004-12,2008-12,63
48,2009-02,1999-10,2005-01,2009-01,64
48,2009-03,1999-10,2005-02,2009-02,65
48,2009-04,1999-10,2005-03,2009-03,66
48,2009-05,1999-10,2005-04,2009-04,67
48,2009-06,1999-10,2005-05,2009-05,68
48,2009-07,1999-10,2005-06,2009-06,69
48,2009-08,1999-10,2005-07,2009-07,70
48,2009-09,1999-10,2005-08,2009-08,71
48,2009-10,1999-10,2005-09,2009-09,72
48,2009-11,1999-10,2005-10,2009-10,73
48,2009-12,1999-10,2005-11,2009-11,74
48,2010-01,1999-10,2005-12,2009-12,75
48,2010-02,1999-10,2006-01,2010-01,76
48,2010-03,1999-10,2006-02,2010-02,77
48,2010-04,1999-10,2006-03,2010-03,78
48,2010-05,1999-10,2006-04,2010-04,79
48,2010-06,1999-10,2006-05,2010-05,80
48,2010-07,1999-10,2006-06,2010-06,81
48,2010-08,1999-10,2006-07,2010-07,82
48,2010-09,1999-10,2006-08,2010-08,83
48,2010-10,1999-10,2006-09,2010-09,84
48,2010-11,1999-10,2006-10,2010-10,85
48,2010-12,1999-10,2006-11,2010-11,86
48,2011-01,1999-10,2006-12,2010-12,87
48,2011-02,1999-10,2007-01,2011-01,88
48,2011-03,1999-10,2007-02,2011-02,89
48,2011-04,1999-10,2007-03,2011-03,90
48,2011-05,1999-10,2007-04,2011-04,91
48,2011-06,1999-10,2007-05,2011-05,92
48,2011-07,1999-10,2007-06,2011-06,93
48,2011-08,1999-10,2007-07,2011-07,94
48,2011-09,1999-10,2007-08,2011-08,95
48,2011-10,1999-10,2007-09,2011-09,96
48,2011-11,1999-10,2007-10,2011-10,97
48,2011-12,1999-10,2007-11,2011-11,98
48,2012-01,1999-10,2007-12,2011-12,99
48,2012-02,1999-10,2008-01,2012-01,100
48,2012-03,1999-10,2008-02,2012-02,101
48,2012-04,1999-10,2008-03,2012-03,102
48,2012-05,1999-10,2008-04,2012-04,103
48,2012-06,1999-10,2008-05,2012-05,104
48,2012-07,1999-10,2008-06,2012-06,105
48,2012-08,1999-10,2008-07,2012-07,106
48,2012-09,1999-10,2008-08,2012-08,107
48,2012-10,1999-10,2008-09,2012-09,108
48,2012-11,1999-10,2008-10,2012-10,109
48,2012-12,1999-10,2008-11,2012-11,110
48,2013-01,1999-10,2008-12,2012-12,111
48,2013-02,1999-10,2009-01,2013-01,112
48,2013-03,1999-10,2009-02,2013-02,113
48,2013-04,1999-10,2009-03,2013-03,114
48,2013-05,1999-10,2009-04,2013-04,115
48,2013-06,1999-10,2009-05,2013-05,116
48,2013-07,1999-10,2009-06,2013-06,117
48,2013-08,1999-10,2009-07,2013-07,118
48,2013-09,1999-10,2009-08,2013-08,119
48,2013-10,1999-10,2009-09,2013-09,120
48,2013-11,1999-10,2009-10,2013-10,121
48,2013-12,1999-10,2009-11,2013-11,122
48,2014-01,1999-10,2009-12,2013-12,123
48,2014-02,1999-10,2010-01,2014-01,124
48,2014-03,1999-10,2010-02,2014-02,125
48,2014-04,1999-10,2010-03,2014-03,126
48,2014-05,1999-10,2010-04,2014-04,127
48,2014-06,1999-10,2010-05,2014-05,128
48,2014-07,1999-10,2010-06,2014-06,129
48,2014-08,1999-10,2010-07,2014-07,130
48,2014-09,1999-10,2010-08,2014-08,131
48,2014-10,1999-10,2010-09,2014-09,132
48,2014-11,1999-10,2010-10,2014-10,133
48,2014-12,1999-10,2010-11,2014-11,134
48,2015-01,1999-10,2010-12,2014-12,135
48,2015-02,1999-10,2011-01,2015-01,136
48,2015-03,1999-10,2011-02,2015-02,137
48,2015-04,1999-10,2011-03,2015-03,138
48,2015-05,1999-10,2011-04,2015-04,139
48,2015-06,1999-10,2011-05,2015-05,140
48,2015-07,1999-10,2011-06,2015-06,141
48,2015-08,1999-10,2011-07,2015-07,142
48,2015-09,1999-10,2011-08,2015-08,143
48,2015-10,1999-10,2011-09,2015-09,144
48,2015-11,1999-10,2011-10,2015-10,145
48,2015-12,1999-10,2011-11,2015-11,146
48,2016-01,1999-10,2011-12,2015-12,147
48,2016-02,1999-10,2012-01,2016-01,148
48,2016-03,1999-10,2012-02,2016-02,149
48,2016-04,1999-10,2012-03,2016-03,150
48,2016-05,1999-10,2012-04,2016-04,151
48,2016-06,1999-10,2012-05,2016-05,152
48,2016-07,1999-10,2012-06,2016-06,153
48,2016-08,1999-10,2012-07,2016-07,154
48,2016-09,1999-10,2012-08,2016-08,155
48,2016-10,1999-10,2012-09,2016-09,156
48,2016-11,1999-10,2012-10,2016-10,157
48,2016-12,1999-10,2012-11,2016-11,158
48,2017-01,1999-10,2012-12,2016-12,159
48,2017-02,1999-10,2013-01,2017-01,160
48,2017-03,1999-10,2013-02,2017-02,161
48,2017-04,1999-10,2013-03,2017-03,162
48,2017-05,1999-10,2013-04,2017-04,163
48,2017-06,1999-10,2013-05,2017-05,164
48,2017-07,1999-10,2013-06,2017-06,165
48,2017-08,1999-10,2013-07,2017-07,166
48,2017-09,1999-10,2013-08,2017-08,167
48,2017-10,1999-10,2013-09,2017-09,168
48,2017-11,1999-10,2013-10,2017-10,169
48,2017-12,1999-10,2013-11,2017-11,170
48,2018-01,1999-10,2013-12,2017-12,171
48,2018-02,1999-10,2014-01,2018-01,172
48,2018-03,1999-10,2014-02,2018-02,173
48,2018-04,1999-10,2014-03,2018-03,174
48,2018-05,1999-10,2014-04,2018-04,175
48,2018-06,1999-10,2014-05,2018-05,176
48,2018-07,1999-10,2014-06,2018-06,177
48,2018-08,1999-10,2014-07,2018-07,178
48,2018-09,1999-10,2014-08,2018-08,179
48,2018-10,1999-10,2014-09,2018-09,180
48,2018-11,1999-10,2014-10,2018-10,181
48,2018-12,1999-10,2014-11,2018-11,182
48,2019-01,1999-10,2014-12,2018-12,183
48,2019-02,1999-10,2015-01,2019-01,184
48,2019-03,1999-10,2015-02,2019-02,185
48,2019-04,1999-10,2015-03,2019-03,186
48,2019-05,1999-10,2015-04,2019-04,187
48,2019-06,1999-10,2015-05,2019-05,188
48,2019-07,1999-10,2015-06,2019-06,189
48,2019-08,1999-10,2015-07,2019-07,190
48,2019-09,1999-10,2015-08,2019-08,191
48,2019-10,1999-10,2015-09,2019-09,192
48,2019-11,1999-10,2015-10,2019-10,193
48,2019-12,1999-10,2015-11,2019-11,194
48,2020-01,1999-10,2015-12,2019-12,195
48,2020-02,1999-10,2016-01,2020-01,196
48,2020-03,1999-10,2016-02,2020-02,197
48,2020-04,1999-10,2016-03,2020-03,198
48,2020-05,1999-10,2016-04,2020-04,199
48,2020-06,1999-10,2016-05,2020-05,200
48,2020-07,1999-10,2016-06,2020-06,201
48,2020-08,1999-10,2016-07,2020-07,202
48,2020-09,1999-10,2016-08,2020-08,203
48,2020-10,1999-10,2016-09,2020-09,204
48,2020-11,1999-10,2016-10,2020-10,205
48,2020-12,1999-10,2016-11,2020-11,206
48,2021-01,1999-10,2016-12,2020-12,207
48,2021-02,1999-10,2017-01,2021-01,208
48,2021-03,1999-10,2017-02,2021-02,209
48,2021-04,1999-10,2017-03,2021-03,210
48,2021-05,1999-10,2017-04,2021-04,211
48,2021-06,1999-10,2017-05,2021-05,212
48,2021-07,1999-10,2017-06,2021-06,213
48,2021-08,1999-10,2017-07,2021-07,214
48,2021-09,1999-10,2017-08,2021-08,215
48,2021-10,1999-10,2017-09,2021-09,216
48,2021-11,1999-10,2017-10,2021-10,217
48,2021-12,1999-10,2017-11,2021-11,218
48,2022-01,1999-10,2017-12,2021-12,219
48,2022-02,1999-10,2018-01,2022-01,220
48,2022-03,1999-10,2018-02,2022-02,221
48,2022-04,1999-10,2018-03,2022-03,222
48,2022-05,1999-10,2018-04,2022-04,223
48,2022-06,1999-10,2018-05,2022-05,224
48,2022-07,1999-10,2018-06,2022-06,225
48,2022-08,1999-10,2018-07,2022-07,226
48,2022-09,1999-10,2018-08,2022-08,227
48,2022-10,1999-10,2018-09,2022-09,228
48,2022-11,1999-10,2018-10,2022-10,229
48,2022-12,1999-10,2018-11,2022-11,230
48,2023-01,1999-10,2018-12,2022-12,231
48,2023-02,1999-10,2019-01,2023-01,232
48,2023-03,1999-10,2019-02,2023-02,233
48,2023-04,1999-10,2019-03,2023-03,234
48,2023-05,1999-10,2019-04,2023-04,235
48,2023-06,1999-10,2019-05,2023-05,236
48,2023-07,1999-10,2019-06,2023-06,237
48,2023-08,1999-10,2019-07,2023-07,238
48,2023-09,1999-10,2019-08,2023-08,239
48,2023-10,1999-10,2019-09,2023-09,240
48,2023-11,1999-10,2019-10,2023-10,241
48,2023-12,1999-10,2019-11,2023-11,242
48,2024-01,1999-10,2019-12,2023-12,243
48,2024-02,1999-10,2020-01,2024-01,244
48,2024-03,1999-10,2020-02,2024-02,245
48,2024-04,1999-10,2020-03,2024-03,246
48,2024-05,1999-10,2020-04,2024-04,247
48,2024-06,1999-10,2020-05,2024-05,248
48,2024-07,1999-10,2020-06,2024-06,249
48,2024-08,1999-10,2020-07,2024-07,250
48,2024-09,1999-10,2020-08,2024-08,251
48,2024-10,1999-10,2020-09,2024-09,252
48,2024-11,1999-10,2020-10,2024-10,253
48,2024-12,1999-10,2020-11,2024-11,254
48,2025-01,1999-10,2020-12,2024-12,255
48,2025-02,1999-10,2021-01,2025-01,256
48,2025-03,1999-10,2021-02,2025-02,257
48,2025-04,1999-10,2021-03,2025-03,258
48,2025-05,1999-10,2021-04,2025-04,259
48,2025-06,1999-10,2021-05,2025-05,260
48,2025-07,1999-10,2021-06,2025-06,261
48,2025-08,1999-10,2021-07,2025-07,262
48,2025-09,1999-10,2021-08,2025-08,263
48,2025-10,1999-10,2021-09,2025-09,264
48,2025-11,1999-10,2021-10,2025-10,265
48,2025-12,1999-10,2021-11,2025-11,266
48,2026-01,1999-10,2021-12,2025-12,267
48,2026-02,1999-10,2022-01,2026-01,268
48,2026-03,1999-10,2022-02,2026-02,269
48,2026-04,1999-10,2022-03,2026-03,270
48,2026-05,1999-10,2022-04,2026-04,271
48,2026-06,1999-10,2022-05,2026-05,272
48,2026-07,1999-10,2022-06,2026-06,273
48,2026-08,1999-10,2022-07,2026-07,274
60,2009-11,1999-10,2004-10,2009-10,61
60,2009-12,1999-10,2004-11,2009-11,62
60,2010-01,1999-10,2004-12,2009-12,63
60,2010-02,1999-10,2005-01,2010-01,64
60,2010-03,1999-10,2005-02,2010-02,65
60,2010-04,1999-10,2005-03,2010-03,66
60,2010-05,1999-10,2005-04,2010-04,67
60,2010-06,1999-10,2005-05,2010-05,68
60,2010-07,1999-10,2005-06,2010-06,69
60,2010-08,1999-10,2005-07,2010-07,70
60,2010-09,1999-10,2005-08,2010-08,71
60,2010-10,1999-10,2005-09,2010-09,72
60,2010-11,1999-10,2005-10,2010-10,73
60,2010-12,1999-10,2005-11,2010-11,74
60,2011-01,1999-10,2005-12,2010-12,75
60,2011-02,1999-10,2006-01,2011-01,76
60,2011-03,1999-10,2006-02,2011-02,77
60,2011-04,1999-10,2006-03,2011-03,78
60,2011-05,1999-10,2006-04,2011-04,79
60,2011-06,1999-10,2006-05,2011-05,80
60,2011-07,1999-10,2006-06,2011-06,81
60,2011-08,1999-10,2006-07,2011-07,82
60,2011-09,1999-10,2006-08,2011-08,83
60,2011-10,1999-10,2006-09,2011-09,84
60,2011-11,1999-10,2006-10,2011-10,85
60,2011-12,1999-10,2006-11,2011-11,86
60,2012-01,1999-10,2006-12,2011-12,87
60,2012-02,1999-10,2007-01,2012-01,88
60,2012-03,1999-10,2007-02,2012-02,89
60,2012-04,1999-10,2007-03,2012-03,90
60,2012-05,1999-10,2007-04,2012-04,91
60,2012-06,1999-10,2007-05,2012-05,92
60,2012-07,1999-10,2007-06,2012-06,93
60,2012-08,1999-10,2007-07,2012-07,94
60,2012-09,1999-10,2007-08,2012-08,95
60,2012-10,1999-10,2007-09,2012-09,96
60,2012-11,1999-10,2007-10,2012-10,97
60,2012-12,1999-10,2007-11,2012-11,98
60,2013-01,1999-10,2007-12,2012-12,99
60,2013-02,1999-10,2008-01,2013-01,100
60,2013-03,1999-10,2008-02,2013-02,101
60,2013-04,1999-10,2008-03,2013-03,102
60,2013-05,1999-10,2008-04,2013-04,103
60,2013-06,1999-10,2008-05,2013-05,104
60,2013-07,1999-10,2008-06,2013-06,105
60,2013-08,1999-10,2008-07,2013-07,106
60,2013-09,1999-10,2008-08,2013-08,107
60,2013-10,1999-10,2008-09,2013-09,108
60,2013-11,1999-10,2008-10,2013-10,109
60,2013-12,1999-10,2008-11,2013-11,110
60,2014-01,1999-10,2008-12,2013-12,111
60,2014-02,1999-10,2009-01,2014-01,112
60,2014-03,1999-10,2009-02,2014-02,113
60,2014-04,1999-10,2009-03,2014-03,114
60,2014-05,1999-10,2009-04,2014-04,115
60,2014-06,1999-10,2009-05,2014-05,116
60,2014-07,1999-10,2009-06,2014-06,117
60,2014-08,1999-10,2009-07,2014-07,118
60,2014-09,1999-10,2009-08,2014-08,119
60,2014-10,1999-10,2009-09,2014-09,120
60,2014-11,1999-10,2009-10,2014-10,121
60,2014-12,1999-10,2009-11,2014-11,122
60,2015-01,1999-10,2009-12,2014-12,123
60,2015-02,1999-10,2010-01,2015-01,124
60,2015-03,1999-10,2010-02,2015-02,125
60,2015-04,1999-10,2010-03,2015-03,126
60,2015-05,1999-10,2010-04,2015-04,127
60,2015-06,1999-10,2010-05,2015-05,128
60,2015-07,1999-10,2010-06,2015-06,129
60,2015-08,1999-10,2010-07,2015-07,130
60,2015-09,1999-10,2010-08,2015-08,131
60,2015-10,1999-10,2010-09,2015-09,132
60,2015-11,1999-10,2010-10,2015-10,133
60,2015-12,1999-10,2010-11,2015-11,134
60,2016-01,1999-10,2010-12,2015-12,135
60,2016-02,1999-10,2011-01,2016-01,136
60,2016-03,1999-10,2011-02,2016-02,137
60,2016-04,1999-10,2011-03,2016-03,138
60,2016-05,1999-10,2011-04,2016-04,139
60,2016-06,1999-10,2011-05,2016-05,140
60,2016-07,1999-10,2011-06,2016-06,141
60,2016-08,1999-10,2011-07,2016-07,142
60,2016-09,1999-10,2011-08,2016-08,143
60,2016-10,1999-10,2011-09,2016-09,144
60,2016-11,1999-10,2011-10,2016-10,145
60,2016-12,1999-10,2011-11,2016-11,146
60,2017-01,1999-10,2011-12,2016-12,147
60,2017-02,1999-10,2012-01,2017-01,148
60,2017-03,1999-10,2012-02,2017-02,149
60,2017-04,1999-10,2012-03,2017-03,150
60,2017-05,1999-10,2012-04,2017-04,151
60,2017-06,1999-10,2012-05,2017-05,152
60,2017-07,1999-10,2012-06,2017-06,153
60,2017-08,1999-10,2012-07,2017-07,154
60,2017-09,1999-10,2012-08,2017-08,155
60,2017-10,1999-10,2012-09,2017-09,156
60,2017-11,1999-10,2012-10,2017-10,157
60,2017-12,1999-10,2012-11,2017-11,158
60,2018-01,1999-10,2012-12,2017-12,159
60,2018-02,1999-10,2013-01,2018-01,160
60,2018-03,1999-10,2013-02,2018-02,161
60,2018-04,1999-10,2013-03,2018-03,162
60,2018-05,1999-10,2013-04,2018-04,163
60,2018-06,1999-10,2013-05,2018-05,164
60,2018-07,1999-10,2013-06,2018-06,165
60,2018-08,1999-10,2013-07,2018-07,166
60,2018-09,1999-10,2013-08,2018-08,167
60,2018-10,1999-10,2013-09,2018-09,168
60,2018-11,1999-10,2013-10,2018-10,169
60,2018-12,1999-10,2013-11,2018-11,170
60,2019-01,1999-10,2013-12,2018-12,171
60,2019-02,1999-10,2014-01,2019-01,172
60,2019-03,1999-10,2014-02,2019-02,173
60,2019-04,1999-10,2014-03,2019-03,174
60,2019-05,1999-10,2014-04,2019-04,175
60,2019-06,1999-10,2014-05,2019-05,176
60,2019-07,1999-10,2014-06,2019-06,177
60,2019-08,1999-10,2014-07,2019-07,178
60,2019-09,1999-10,2014-08,2019-08,179
60,2019-10,1999-10,2014-09,2019-09,180
60,2019-11,1999-10,2014-10,2019-10,181
60,2019-12,1999-10,2014-11,2019-11,182
60,2020-01,1999-10,2014-12,2019-12,183
60,2020-02,1999-10,2015-01,2020-01,184
60,2020-03,1999-10,2015-02,2020-02,185
60,2020-04,1999-10,2015-03,2020-03,186
60,2020-05,1999-10,2015-04,2020-04,187
60,2020-06,1999-10,2015-05,2020-05,188
60,2020-07,1999-10,2015-06,2020-06,189
60,2020-08,1999-10,2015-07,2020-07,190
60,2020-09,1999-10,2015-08,2020-08,191
60,2020-10,1999-10,2015-09,2020-09,192
60,2020-11,1999-10,2015-10,2020-10,193
60,2020-12,1999-10,2015-11,2020-11,194
60,2021-01,1999-10,2015-12,2020-12,195
60,2021-02,1999-10,2016-01,2021-01,196
60,2021-03,1999-10,2016-02,2021-02,197
60,2021-04,1999-10,2016-03,2021-03,198
60,2021-05,1999-10,2016-04,2021-04,199
60,2021-06,1999-10,2016-05,2021-05,200
60,2021-07,1999-10,2016-06,2021-06,201
60,2021-08,1999-10,2016-07,2021-07,202
60,2021-09,1999-10,2016-08,2021-08,203
60,2021-10,1999-10,2016-09,2021-09,204
60,2021-11,1999-10,2016-10,2021-10,205
60,2021-12,1999-10,2016-11,2021-11,206
60,2022-01,1999-10,2016-12,2021-12,207
60,2022-02,1999-10,2017-01,2022-01,208
60,2022-03,1999-10,2017-02,2022-02,209
60,2022-04,1999-10,2017-03,2022-03,210
60,2022-05,1999-10,2017-04,2022-04,211
60,2022-06,1999-10,2017-05,2022-05,212
60,2022-07,1999-10,2017-06,2022-06,213
60,2022-08,1999-10,2017-07,2022-07,214
60,2022-09,1999-10,2017-08,2022-08,215
60,2022-10,1999-10,2017-09,2022-09,216
60,2022-11,1999-10,2017-10,2022-10,217
60,2022-12,1999-10,2017-11,2022-11,218
60,2023-01,1999-10,2017-12,2022-12,219
60,2023-02,1999-10,2018-01,2023-01,220
60,2023-03,1999-10,2018-02,2023-02,221
60,2023-04,1999-10,2018-03,2023-03,222
60,2023-05,1999-10,2018-04,2023-04,223
60,2023-06,1999-10,2018-05,2023-05,224
60,2023-07,1999-10,2018-06,2023-06,225
60,2023-08,1999-10,2018-07,2023-07,226
60,2023-09,1999-10,2018-08,2023-08,227
60,2023-10,1999-10,2018-09,2023-09,228
60,2023-11,1999-10,2018-10,2023-10,229
60,2023-12,1999-10,2018-11,2023-11,230
60,2024-01,1999-10,2018-12,2023-12,231
60,2024-02,1999-10,2019-01,2024-01,232
60,2024-03,1999-10,2019-02,2024-02,233
60,2024-04,1999-10,2019-03,2024-03,234
60,2024-05,1999-10,2019-04,2024-04,235
60,2024-06,1999-10,2019-05,2024-05,236
60,2024-07,1999-10,2019-06,2024-06,237
60,2024-08,1999-10,2019-07,2024-07,238
60,2024-09,1999-10,2019-08,2024-08,239
60,2024-10,1999-10,2019-09,2024-09,240
60,2024-11,1999-10,2019-10,2024-10,241
60,2024-12,1999-10,2019-11,2024-11,242
60,2025-01,1999-10,2019-12,2024-12,243
60,2025-02,1999-10,2020-01,2025-01,244
60,2025-03,1999-10,2020-02,2025-02,245
60,2025-04,1999-10,2020-03,2025-03,246
60,2025-05,1999-10,2020-04,2025-04,247
60,2025-06,1999-10,2020-05,2025-05,248
60,2025-07,1999-10,2020-06,2025-06,249
60,2025-08,1999-10,2020-07,2025-07,250
60,2025-09,1999-10,2020-08,2025-08,251
60,2025-10,1999-10,2020-09,2025-09,252
60,2025-11,1999-10,2020-10,2025-10,253
60,2025-12,1999-10,2020-11,2025-11,254
60,2026-01,1999-10,2020-12,2025-12,255
60,2026-02,1999-10,2021-01,2026-01,256
60,2026-03,1999-10,2021-02,2026-02,257
60,2026-04,1999-10,2021-03,2026-03,258
60,2026-05,1999-10,2021-04,2026-04,259
60,2026-06,1999-10,2021-05,2026-05,260
60,2026-07,1999-10,2021-06,2026-06,261
60,2026-08,1999-10,2021-07,2026-07,262
72,2010-11,1999-10,2004-10,2010-10,61
72,2010-12,1999-10,2004-11,2010-11,62
72,2011-01,1999-10,2004-12,2010-12,63
72,2011-02,1999-10,2005-01,2011-01,64
72,2011-03,1999-10,2005-02,2011-02,65
72,2011-04,1999-10,2005-03,2011-03,66
72,2011-05,1999-10,2005-04,2011-04,67
72,2011-06,1999-10,2005-05,2011-05,68
72,2011-07,1999-10,2005-06,2011-06,69
72,2011-08,1999-10,2005-07,2011-07,70
72,2011-09,1999-10,2005-08,2011-08,71
72,2011-10,1999-10,2005-09,2011-09,72
72,2011-11,1999-10,2005-10,2011-10,73
72,2011-12,1999-10,2005-11,2011-11,74
72,2012-01,1999-10,2005-12,2011-12,75
72,2012-02,1999-10,2006-01,2012-01,76
72,2012-03,1999-10,2006-02,2012-02,77
72,2012-04,1999-10,2006-03,2012-03,78
72,2012-05,1999-10,2006-04,2012-04,79
72,2012-06,1999-10,2006-05,2012-05,80
72,2012-07,1999-10,2006-06,2012-06,81
72,2012-08,1999-10,2006-07,2012-07,82
72,2012-09,1999-10,2006-08,2012-08,83
72,2012-10,1999-10,2006-09,2012-09,84
72,2012-11,1999-10,2006-10,2012-10,85
72,2012-12,1999-10,2006-11,2012-11,86
72,2013-01,1999-10,2006-12,2012-12,87
72,2013-02,1999-10,2007-01,2013-01,88
72,2013-03,1999-10,2007-02,2013-02,89
72,2013-04,1999-10,2007-03,2013-03,90
72,2013-05,1999-10,2007-04,2013-04,91
72,2013-06,1999-10,2007-05,2013-05,92
72,2013-07,1999-10,2007-06,2013-06,93
72,2013-08,1999-10,2007-07,2013-07,94
72,2013-09,1999-10,2007-08,2013-08,95
72,2013-10,1999-10,2007-09,2013-09,96
72,2013-11,1999-10,2007-10,2013-10,97
72,2013-12,1999-10,2007-11,2013-11,98
72,2014-01,1999-10,2007-12,2013-12,99
72,2014-02,1999-10,2008-01,2014-01,100
72,2014-03,1999-10,2008-02,2014-02,101
72,2014-04,1999-10,2008-03,2014-03,102
72,2014-05,1999-10,2008-04,2014-04,103
72,2014-06,1999-10,2008-05,2014-05,104
72,2014-07,1999-10,2008-06,2014-06,105
72,2014-08,1999-10,2008-07,2014-07,106
72,2014-09,1999-10,2008-08,2014-08,107
72,2014-10,1999-10,2008-09,2014-09,108
72,2014-11,1999-10,2008-10,2014-10,109
72,2014-12,1999-10,2008-11,2014-11,110
72,2015-01,1999-10,2008-12,2014-12,111
72,2015-02,1999-10,2009-01,2015-01,112
72,2015-03,1999-10,2009-02,2015-02,113
72,2015-04,1999-10,2009-03,2015-03,114
72,2015-05,1999-10,2009-04,2015-04,115
72,2015-06,1999-10,2009-05,2015-05,116
72,2015-07,1999-10,2009-06,2015-06,117
72,2015-08,1999-10,2009-07,2015-07,118
72,2015-09,1999-10,2009-08,2015-08,119
72,2015-10,1999-10,2009-09,2015-09,120
72,2015-11,1999-10,2009-10,2015-10,121
72,2015-12,1999-10,2009-11,2015-11,122
72,2016-01,1999-10,2009-12,2015-12,123
72,2016-02,1999-10,2010-01,2016-01,124
72,2016-03,1999-10,2010-02,2016-02,125
72,2016-04,1999-10,2010-03,2016-03,126
72,2016-05,1999-10,2010-04,2016-04,127
72,2016-06,1999-10,2010-05,2016-05,128
72,2016-07,1999-10,2010-06,2016-06,129
72,2016-08,1999-10,2010-07,2016-07,130
72,2016-09,1999-10,2010-08,2016-08,131
72,2016-10,1999-10,2010-09,2016-09,132
72,2016-11,1999-10,2010-10,2016-10,133
72,2016-12,1999-10,2010-11,2016-11,134
72,2017-01,1999-10,2010-12,2016-12,135
72,2017-02,1999-10,2011-01,2017-01,136
72,2017-03,1999-10,2011-02,2017-02,137
72,2017-04,1999-10,2011-03,2017-03,138
72,2017-05,1999-10,2011-04,2017-04,139
72,2017-06,1999-10,2011-05,2017-05,140
72,2017-07,1999-10,2011-06,2017-06,141
72,2017-08,1999-10,2011-07,2017-07,142
72,2017-09,1999-10,2011-08,2017-08,143
72,2017-10,1999-10,2011-09,2017-09,144
72,2017-11,1999-10,2011-10,2017-10,145
72,2017-12,1999-10,2011-11,2017-11,146
72,2018-01,1999-10,2011-12,2017-12,147
72,2018-02,1999-10,2012-01,2018-01,148
72,2018-03,1999-10,2012-02,2018-02,149
72,2018-04,1999-10,2012-03,2018-03,150
72,2018-05,1999-10,2012-04,2018-04,151
72,2018-06,1999-10,2012-05,2018-05,152
72,2018-07,1999-10,2012-06,2018-06,153
72,2018-08,1999-10,2012-07,2018-07,154
72,2018-09,1999-10,2012-08,2018-08,155
72,2018-10,1999-10,2012-09,2018-09,156
72,2018-11,1999-10,2012-10,2018-10,157
72,2018-12,1999-10,2012-11,2018-11,158
72,2019-01,1999-10,2012-12,2018-12,159
72,2019-02,1999-10,2013-01,2019-01,160
72,2019-03,1999-10,2013-02,2019-02,161
72,2019-04,1999-10,2013-03,2019-03,162
72,2019-05,1999-10,2013-04,2019-04,163
72,2019-06,1999-10,2013-05,2019-05,164
72,2019-07,1999-10,2013-06,2019-06,165
72,2019-08,1999-10,2013-07,2019-07,166
72,2019-09,1999-10,2013-08,2019-08,167
72,2019-10,1999-10,2013-09,2019-09,168
72,2019-11,1999-10,2013-10,2019-10,169
72,2019-12,1999-10,2013-11,2019-11,170
72,2020-01,1999-10,2013-12,2019-12,171
72,2020-02,1999-10,2014-01,2020-01,172
72,2020-03,1999-10,2014-02,2020-02,173
72,2020-04,1999-10,2014-03,2020-03,174
72,2020-05,1999-10,2014-04,2020-04,175
72,2020-06,1999-10,2014-05,2020-05,176
72,2020-07,1999-10,2014-06,2020-06,177
72,2020-08,1999-10,2014-07,2020-07,178
72,2020-09,1999-10,2014-08,2020-08,179
72,2020-10,1999-10,2014-09,2020-09,180
72,2020-11,1999-10,2014-10,2020-10,181
72,2020-12,1999-10,2014-11,2020-11,182
72,2021-01,1999-10,2014-12,2020-12,183
72,2021-02,1999-10,2015-01,2021-01,184
72,2021-03,1999-10,2015-02,2021-02,185
72,2021-04,1999-10,2015-03,2021-03,186
72,2021-05,1999-10,2015-04,2021-04,187
72,2021-06,1999-10,2015-05,2021-05,188
72,2021-07,1999-10,2015-06,2021-06,189
72,2021-08,1999-10,2015-07,2021-07,190
72,2021-09,1999-10,2015-08,2021-08,191
72,2021-10,1999-10,2015-09,2021-09,192
72,2021-11,1999-10,2015-10,2021-10,193
72,2021-12,1999-10,2015-11,2021-11,194
72,2022-01,1999-10,2015-12,2021-12,195
72,2022-02,1999-10,2016-01,2022-01,196
72,2022-03,1999-10,2016-02,2022-02,197
72,2022-04,1999-10,2016-03,2022-03,198
72,2022-05,1999-10,2016-04,2022-04,199
72,2022-06,1999-10,2016-05,2022-05,200
72,2022-07,1999-10,2016-06,2022-06,201
72,2022-08,1999-10,2016-07,2022-07,202
72,2022-09,1999-10,2016-08,2022-08,203
72,2022-10,1999-10,2016-09,2022-09,204
72,2022-11,1999-10,2016-10,2022-10,205
72,2022-12,1999-10,2016-11,2022-11,206
72,2023-01,1999-10,2016-12,2022-12,207
72,2023-02,1999-10,2017-01,2023-01,208
72,2023-03,1999-10,2017-02,2023-02,209
72,2023-04,1999-10,2017-03,2023-03,210
72,2023-05,1999-10,2017-04,2023-04,211
72,2023-06,1999-10,2017-05,2023-05,212
72,2023-07,1999-10,2017-06,2023-06,213
72,2023-08,1999-10,2017-07,2023-07,214
72,2023-09,1999-10,2017-08,2023-08,215
72,2023-10,1999-10,2017-09,2023-09,216
72,2023-11,1999-10,2017-10,2023-10,217
72,2023-12,1999-10,2017-11,2023-11,218
72,2024-01,1999-10,2017-12,2023-12,219
72,2024-02,1999-10,2018-01,2024-01,220
72,2024-03,1999-10,2018-02,2024-02,221
72,2024-04,1999-10,2018-03,2024-03,222
72,2024-05,1999-10,2018-04,2024-04,223
72,2024-06,1999-10,2018-05,2024-05,224
72,2024-07,1999-10,2018-06,2024-06,225
72,2024-08,1999-10,2018-07,2024-07,226
72,2024-09,1999-10,2018-08,2024-08,227
72,2024-10,1999-10,2018-09,2024-09,228
72,2024-11,1999-10,2018-10,2024-10,229
72,2024-12,1999-10,2018-11,2024-11,230
72,2025-01,1999-10,2018-12,2024-12,231
72,2025-02,1999-10,2019-01,2025-01,232
72,2025-03,1999-10,2019-02,2025-02,233
72,2025-04,1999-10,2019-03,2025-03,234
72,2025-05,1999-10,2019-04,2025-04,235
72,2025-06,1999-10,2019-05,2025-05,236
72,2025-07,1999-10,2019-06,2025-06,237
72,2025-08,1999-10,2019-07,2025-07,238
72,2025-09,1999-10,2019-08,2025-08,239
72,2025-10,1999-10,2019-09,2025-09,240
72,2025-11,1999-10,2019-10,2025-10,241
72,2025-12,1999-10,2019-11,2025-11,242
72,2026-01,1999-10,2019-12,2025-12,243
72,2026-02,1999-10,2020-01,2026-01,244
72,2026-03,1999-10,2020-02,2026-02,245
72,2026-04,1999-10,2020-03,2026-03,246
72,2026-05,1999-10,2020-04,2026-04,247
72,2026-06,1999-10,2020-05,2026-05,248
72,2026-07,1999-10,2020-06,2026-06,249
72,2026-08,1999-10,2020-07,2026-07,250
84,2011-11,1999-10,2004-10,2011-10,61
84,2011-12,1999-10,2004-11,2011-11,62
84,2012-01,1999-10,2004-12,2011-12,63
84,2012-02,1999-10,2005-01,2012-01,64
84,2012-03,1999-10,2005-02,2012-02,65
84,2012-04,1999-10,2005-03,2012-03,66
84,2012-05,1999-10,2005-04,2012-04,67
84,2012-06,1999-10,2005-05,2012-05,68
84,2012-07,1999-10,2005-06,2012-06,69
84,2012-08,1999-10,2005-07,2012-07,70
84,2012-09,1999-10,2005-08,2012-08,71
84,2012-10,1999-10,2005-09,2012-09,72
84,2012-11,1999-10,2005-10,2012-10,73
84,2012-12,1999-10,2005-11,2012-11,74
84,2013-01,1999-10,2005-12,2012-12,75
84,2013-02,1999-10,2006-01,2013-01,76
84,2013-03,1999-10,2006-02,2013-02,77
84,2013-04,1999-10,2006-03,2013-03,78
84,2013-05,1999-10,2006-04,2013-04,79
84,2013-06,1999-10,2006-05,2013-05,80
84,2013-07,1999-10,2006-06,2013-06,81
84,2013-08,1999-10,2006-07,2013-07,82
84,2013-09,1999-10,2006-08,2013-08,83
84,2013-10,1999-10,2006-09,2013-09,84
84,2013-11,1999-10,2006-10,2013-10,85
84,2013-12,1999-10,2006-11,2013-11,86
84,2014-01,1999-10,2006-12,2013-12,87
84,2014-02,1999-10,2007-01,2014-01,88
84,2014-03,1999-10,2007-02,2014-02,89
84,2014-04,1999-10,2007-03,2014-03,90
84,2014-05,1999-10,2007-04,2014-04,91
84,2014-06,1999-10,2007-05,2014-05,92
84,2014-07,1999-10,2007-06,2014-06,93
84,2014-08,1999-10,2007-07,2014-07,94
84,2014-09,1999-10,2007-08,2014-08,95
84,2014-10,1999-10,2007-09,2014-09,96
84,2014-11,1999-10,2007-10,2014-10,97
84,2014-12,1999-10,2007-11,2014-11,98
84,2015-01,1999-10,2007-12,2014-12,99
84,2015-02,1999-10,2008-01,2015-01,100
84,2015-03,1999-10,2008-02,2015-02,101
84,2015-04,1999-10,2008-03,2015-03,102
84,2015-05,1999-10,2008-04,2015-04,103
84,2015-06,1999-10,2008-05,2015-05,104
84,2015-07,1999-10,2008-06,2015-06,105
84,2015-08,1999-10,2008-07,2015-07,106
84,2015-09,1999-10,2008-08,2015-08,107
84,2015-10,1999-10,2008-09,2015-09,108
84,2015-11,1999-10,2008-10,2015-10,109
84,2015-12,1999-10,2008-11,2015-11,110
84,2016-01,1999-10,2008-12,2015-12,111
84,2016-02,1999-10,2009-01,2016-01,112
84,2016-03,1999-10,2009-02,2016-02,113
84,2016-04,1999-10,2009-03,2016-03,114
84,2016-05,1999-10,2009-04,2016-04,115
84,2016-06,1999-10,2009-05,2016-05,116
84,2016-07,1999-10,2009-06,2016-06,117
84,2016-08,1999-10,2009-07,2016-07,118
84,2016-09,1999-10,2009-08,2016-08,119
84,2016-10,1999-10,2009-09,2016-09,120
84,2016-11,1999-10,2009-10,2016-10,121
84,2016-12,1999-10,2009-11,2016-11,122
84,2017-01,1999-10,2009-12,2016-12,123
84,2017-02,1999-10,2010-01,2017-01,124
84,2017-03,1999-10,2010-02,2017-02,125
84,2017-04,1999-10,2010-03,2017-03,126
84,2017-05,1999-10,2010-04,2017-04,127
84,2017-06,1999-10,2010-05,2017-05,128
84,2017-07,1999-10,2010-06,2017-06,129
84,2017-08,1999-10,2010-07,2017-07,130
84,2017-09,1999-10,2010-08,2017-08,131
84,2017-10,1999-10,2010-09,2017-09,132
84,2017-11,1999-10,2010-10,2017-10,133
84,2017-12,1999-10,2010-11,2017-11,134
84,2018-01,1999-10,2010-12,2017-12,135
84,2018-02,1999-10,2011-01,2018-01,136
84,2018-03,1999-10,2011-02,2018-02,137
84,2018-04,1999-10,2011-03,2018-03,138
84,2018-05,1999-10,2011-04,2018-04,139
84,2018-06,1999-10,2011-05,2018-05,140
84,2018-07,1999-10,2011-06,2018-06,141
84,2018-08,1999-10,2011-07,2018-07,142
84,2018-09,1999-10,2011-08,2018-08,143
84,2018-10,1999-10,2011-09,2018-09,144
84,2018-11,1999-10,2011-10,2018-10,145
84,2018-12,1999-10,2011-11,2018-11,146
84,2019-01,1999-10,2011-12,2018-12,147
84,2019-02,1999-10,2012-01,2019-01,148
84,2019-03,1999-10,2012-02,2019-02,149
84,2019-04,1999-10,2012-03,2019-03,150
84,2019-05,1999-10,2012-04,2019-04,151
84,2019-06,1999-10,2012-05,2019-05,152
84,2019-07,1999-10,2012-06,2019-06,153
84,2019-08,1999-10,2012-07,2019-07,154
84,2019-09,1999-10,2012-08,2019-08,155
84,2019-10,1999-10,2012-09,2019-09,156
84,2019-11,1999-10,2012-10,2019-10,157
84,2019-12,1999-10,2012-11,2019-11,158
84,2020-01,1999-10,2012-12,2019-12,159
84,2020-02,1999-10,2013-01,2020-01,160
84,2020-03,1999-10,2013-02,2020-02,161
84,2020-04,1999-10,2013-03,2020-03,162
84,2020-05,1999-10,2013-04,2020-04,163
84,2020-06,1999-10,2013-05,2020-05,164
84,2020-07,1999-10,2013-06,2020-06,165
84,2020-08,1999-10,2013-07,2020-07,166
84,2020-09,1999-10,2013-08,2020-08,167
84,2020-10,1999-10,2013-09,2020-09,168
84,2020-11,1999-10,2013-10,2020-10,169
84,2020-12,1999-10,2013-11,2020-11,170
84,2021-01,1999-10,2013-12,2020-12,171
84,2021-02,1999-10,2014-01,2021-01,172
84,2021-03,1999-10,2014-02,2021-02,173
84,2021-04,1999-10,2014-03,2021-03,174
84,2021-05,1999-10,2014-04,2021-04,175
84,2021-06,1999-10,2014-05,2021-05,176
84,2021-07,1999-10,2014-06,2021-06,177
84,2021-08,1999-10,2014-07,2021-07,178
84,2021-09,1999-10,2014-08,2021-08,179
84,2021-10,1999-10,2014-09,2021-09,180
84,2021-11,1999-10,2014-10,2021-10,181
84,2021-12,1999-10,2014-11,2021-11,182
84,2022-01,1999-10,2014-12,2021-12,183
84,2022-02,1999-10,2015-01,2022-01,184
84,2022-03,1999-10,2015-02,2022-02,185
84,2022-04,1999-10,2015-03,2022-03,186
84,2022-05,1999-10,2015-04,2022-04,187
84,2022-06,1999-10,2015-05,2022-05,188
84,2022-07,1999-10,2015-06,2022-06,189
84,2022-08,1999-10,2015-07,2022-07,190
84,2022-09,1999-10,2015-08,2022-08,191
84,2022-10,1999-10,2015-09,2022-09,192
84,2022-11,1999-10,2015-10,2022-10,193
84,2022-12,1999-10,2015-11,2022-11,194
84,2023-01,1999-10,2015-12,2022-12,195
84,2023-02,1999-10,2016-01,2023-01,196
84,2023-03,1999-10,2016-02,2023-02,197
84,2023-04,1999-10,2016-03,2023-03,198
84,2023-05,1999-10,2016-04,2023-04,199
84,2023-06,1999-10,2016-05,2023-05,200
84,2023-07,1999-10,2016-06,2023-06,201
84,2023-08,1999-10,2016-07,2023-07,202
84,2023-09,1999-10,2016-08,2023-08,203
84,2023-10,1999-10,2016-09,2023-09,204
84,2023-11,1999-10,2016-10,2023-10,205
84,2023-12,1999-10,2016-11,2023-11,206
84,2024-01,1999-10,2016-12,2023-12,207
84,2024-02,1999-10,2017-01,2024-01,208
84,2024-03,1999-10,2017-02,2024-02,209
84,2024-04,1999-10,2017-03,2024-03,210
84,2024-05,1999-10,2017-04,2024-04,211
84,2024-06,1999-10,2017-05,2024-05,212
84,2024-07,1999-10,2017-06,2024-06,213
84,2024-08,1999-10,2017-07,2024-07,214
84,2024-09,1999-10,2017-08,2024-08,215
84,2024-10,1999-10,2017-09,2024-09,216
84,2024-11,1999-10,2017-10,2024-10,217
84,2024-12,1999-10,2017-11,2024-11,218
84,2025-01,1999-10,2017-12,2024-12,219
84,2025-02,1999-10,2018-01,2025-01,220
84,2025-03,1999-10,2018-02,2025-02,221
84,2025-04,1999-10,2018-03,2025-03,222
84,2025-05,1999-10,2018-04,2025-04,223
84,2025-06,1999-10,2018-05,2025-05,224
84,2025-07,1999-10,2018-06,2025-06,225
84,2025-08,1999-10,2018-07,2025-07,226
84,2025-09,1999-10,2018-08,2025-08,227
84,2025-10,1999-10,2018-09,2025-09,228
84,2025-11,1999-10,2018-10,2025-10,229
84,2025-12,1999-10,2018-11,2025-11,230
84,2026-01,1999-10,2018-12,2025-12,231
84,2026-02,1999-10,2019-01,2026-01,232
84,2026-03,1999-10,2019-02,2026-02,233
84,2026-04,1999-10,2019-03,2026-03,234
84,2026-05,1999-10,2019-04,2026-04,235
84,2026-06,1999-10,2019-05,2026-05,236
84,2026-07,1999-10,2019-06,2026-06,237
84,2026-08,1999-10,2019-07,2026-07,238
96,2012-11,1999-10,2004-10,2012-10,61
96,2012-12,1999-10,2004-11,2012-11,62
96,2013-01,1999-10,2004-12,2012-12,63
96,2013-02,1999-10,2005-01,2013-01,64
96,2013-03,1999-10,2005-02,2013-02,65
96,2013-04,1999-10,2005-03,2013-03,66
96,2013-05,1999-10,2005-04,2013-04,67
96,2013-06,1999-10,2005-05,2013-05,68
96,2013-07,1999-10,2005-06,2013-06,69
96,2013-08,1999-10,2005-07,2013-07,70
96,2013-09,1999-10,2005-08,2013-08,71
96,2013-10,1999-10,2005-09,2013-09,72
96,2013-11,1999-10,2005-10,2013-10,73
96,2013-12,1999-10,2005-11,2013-11,74
96,2014-01,1999-10,2005-12,2013-12,75
96,2014-02,1999-10,2006-01,2014-01,76
96,2014-03,1999-10,2006-02,2014-02,77
96,2014-04,1999-10,2006-03,2014-03,78
96,2014-05,1999-10,2006-04,2014-04,79
96,2014-06,1999-10,2006-05,2014-05,80
96,2014-07,1999-10,2006-06,2014-06,81
96,2014-08,1999-10,2006-07,2014-07,82
96,2014-09,1999-10,2006-08,2014-08,83
96,2014-10,1999-10,2006-09,2014-09,84
96,2014-11,1999-10,2006-10,2014-10,85
96,2014-12,1999-10,2006-11,2014-11,86
96,2015-01,1999-10,2006-12,2014-12,87
96,2015-02,1999-10,2007-01,2015-01,88
96,2015-03,1999-10,2007-02,2015-02,89
96,2015-04,1999-10,2007-03,2015-03,90
96,2015-05,1999-10,2007-04,2015-04,91
96,2015-06,1999-10,2007-05,2015-05,92
96,2015-07,1999-10,2007-06,2015-06,93
96,2015-08,1999-10,2007-07,2015-07,94
96,2015-09,1999-10,2007-08,2015-08,95
96,2015-10,1999-10,2007-09,2015-09,96
96,2015-11,1999-10,2007-10,2015-10,97
96,2015-12,1999-10,2007-11,2015-11,98
96,2016-01,1999-10,2007-12,2015-12,99
96,2016-02,1999-10,2008-01,2016-01,100
96,2016-03,1999-10,2008-02,2016-02,101
96,2016-04,1999-10,2008-03,2016-03,102
96,2016-05,1999-10,2008-04,2016-04,103
96,2016-06,1999-10,2008-05,2016-05,104
96,2016-07,1999-10,2008-06,2016-06,105
96,2016-08,1999-10,2008-07,2016-07,106
96,2016-09,1999-10,2008-08,2016-08,107
96,2016-10,1999-10,2008-09,2016-09,108
96,2016-11,1999-10,2008-10,2016-10,109
96,2016-12,1999-10,2008-11,2016-11,110
96,2017-01,1999-10,2008-12,2016-12,111
96,2017-02,1999-10,2009-01,2017-01,112
96,2017-03,1999-10,2009-02,2017-02,113
96,2017-04,1999-10,2009-03,2017-03,114
96,2017-05,1999-10,2009-04,2017-04,115
96,2017-06,1999-10,2009-05,2017-05,116
96,2017-07,1999-10,2009-06,2017-06,117
96,2017-08,1999-10,2009-07,2017-07,118
96,2017-09,1999-10,2009-08,2017-08,119
96,2017-10,1999-10,2009-09,2017-09,120
96,2017-11,1999-10,2009-10,2017-10,121
96,2017-12,1999-10,2009-11,2017-11,122
96,2018-01,1999-10,2009-12,2017-12,123
96,2018-02,1999-10,2010-01,2018-01,124
96,2018-03,1999-10,2010-02,2018-02,125
96,2018-04,1999-10,2010-03,2018-03,126
96,2018-05,1999-10,2010-04,2018-04,127
96,2018-06,1999-10,2010-05,2018-05,128
96,2018-07,1999-10,2010-06,2018-06,129
96,2018-08,1999-10,2010-07,2018-07,130
96,2018-09,1999-10,2010-08,2018-08,131
96,2018-10,1999-10,2010-09,2018-09,132
96,2018-11,1999-10,2010-10,2018-10,133
96,2018-12,1999-10,2010-11,2018-11,134
96,2019-01,1999-10,2010-12,2018-12,135
96,2019-02,1999-10,2011-01,2019-01,136
96,2019-03,1999-10,2011-02,2019-02,137
96,2019-04,1999-10,2011-03,2019-03,138
96,2019-05,1999-10,2011-04,2019-04,139
96,2019-06,1999-10,2011-05,2019-05,140
96,2019-07,1999-10,2011-06,2019-06,141
96,2019-08,1999-10,2011-07,2019-07,142
96,2019-09,1999-10,2011-08,2019-08,143
96,2019-10,1999-10,2011-09,2019-09,144
96,2019-11,1999-10,2011-10,2019-10,145
96,2019-12,1999-10,2011-11,2019-11,146
96,2020-01,1999-10,2011-12,2019-12,147
96,2020-02,1999-10,2012-01,2020-01,148
96,2020-03,1999-10,2012-02,2020-02,149
96,2020-04,1999-10,2012-03,2020-03,150
96,2020-05,1999-10,2012-04,2020-04,151
96,2020-06,1999-10,2012-05,2020-05,152
96,2020-07,1999-10,2012-06,2020-06,153
96,2020-08,1999-10,2012-07,2020-07,154
96,2020-09,1999-10,2012-08,2020-08,155
96,2020-10,1999-10,2012-09,2020-09,156
96,2020-11,1999-10,2012-10,2020-10,157
96,2020-12,1999-10,2012-11,2020-11,158
96,2021-01,1999-10,2012-12,2020-12,159
96,2021-02,1999-10,2013-01,2021-01,160
96,2021-03,1999-10,2013-02,2021-02,161
96,2021-04,1999-10,2013-03,2021-03,162
96,2021-05,1999-10,2013-04,2021-04,163
96,2021-06,1999-10,2013-05,2021-05,164
96,2021-07,1999-10,2013-06,2021-06,165
96,2021-08,1999-10,2013-07,2021-07,166
96,2021-09,1999-10,2013-08,2021-08,167
96,2021-10,1999-10,2013-09,2021-09,168
96,2021-11,1999-10,2013-10,2021-10,169
96,2021-12,1999-10,2013-11,2021-11,170
96,2022-01,1999-10,2013-12,2021-12,171
96,2022-02,1999-10,2014-01,2022-01,172
96,2022-03,1999-10,2014-02,2022-02,173
96,2022-04,1999-10,2014-03,2022-03,174
96,2022-05,1999-10,2014-04,2022-04,175
96,2022-06,1999-10,2014-05,2022-05,176
96,2022-07,1999-10,2014-06,2022-06,177
96,2022-08,1999-10,2014-07,2022-07,178
96,2022-09,1999-10,2014-08,2022-08,179
96,2022-10,1999-10,2014-09,2022-09,180
96,2022-11,1999-10,2014-10,2022-10,181
96,2022-12,1999-10,2014-11,2022-11,182
96,2023-01,1999-10,2014-12,2022-12,183
96,2023-02,1999-10,2015-01,2023-01,184
96,2023-03,1999-10,2015-02,2023-02,185
96,2023-04,1999-10,2015-03,2023-03,186
96,2023-05,1999-10,2015-04,2023-04,187
96,2023-06,1999-10,2015-05,2023-05,188
96,2023-07,1999-10,2015-06,2023-06,189
96,2023-08,1999-10,2015-07,2023-07,190
96,2023-09,1999-10,2015-08,2023-08,191
96,2023-10,1999-10,2015-09,2023-09,192
96,2023-11,1999-10,2015-10,2023-10,193
96,2023-12,1999-10,2015-11,2023-11,194
96,2024-01,1999-10,2015-12,2023-12,195
96,2024-02,1999-10,2016-01,2024-01,196
96,2024-03,1999-10,2016-02,2024-02,197
96,2024-04,1999-10,2016-03,2024-03,198
96,2024-05,1999-10,2016-04,2024-04,199
96,2024-06,1999-10,2016-05,2024-05,200
96,2024-07,1999-10,2016-06,2024-06,201
96,2024-08,1999-10,2016-07,2024-07,202
96,2024-09,1999-10,2016-08,2024-08,203
96,2024-10,1999-10,2016-09,2024-09,204
96,2024-11,1999-10,2016-10,2024-10,205
96,2024-12,1999-10,2016-11,2024-11,206
96,2025-01,1999-10,2016-12,2024-12,207
96,2025-02,1999-10,2017-01,2025-01,208
96,2025-03,1999-10,2017-02,2025-02,209
96,2025-04,1999-10,2017-03,2025-03,210
96,2025-05,1999-10,2017-04,2025-04,211
96,2025-06,1999-10,2017-05,2025-05,212
96,2025-07,1999-10,2017-06,2025-06,213
96,2025-08,1999-10,2017-07,2025-07,214
96,2025-09,1999-10,2017-08,2025-08,215
96,2025-10,1999-10,2017-09,2025-09,216
96,2025-11,1999-10,2017-10,2025-10,217
96,2025-12,1999-10,2017-11,2025-11,218
96,2026-01,1999-10,2017-12,2025-12,219
96,2026-02,1999-10,2018-01,2026-01,220
96,2026-03,1999-10,2018-02,2026-02,221
96,2026-04,1999-10,2018-03,2026-03,222
96,2026-05,1999-10,2018-04,2026-04,223
96,2026-06,1999-10,2018-05,2026-05,224
96,2026-07,1999-10,2018-06,2026-06,225
96,2026-08,1999-10,2018-07,2026-07,226
