h,country,model,r2,adjusted_r2,n,beta_q
12,BRL,EJR,0.07708442926265646,0.07409764748033498,311,-0.1766923599030421
12,BRL,TOT_LOG_L,0.13953251013140622,0.13394505889849329,311,-0.12713332034993838
12,BRL,TOT_LOG_D,0.12307355215453297,0.11737922457112093,311,-0.23014214560791718
12,BRL,TOT_LOG_LD,0.20859289991411134,0.20085928004356524,311,-0.18431562051259792
12,BRL,TOT_DEV_L,0.13800718120192146,0.1324098252357001,311,-0.12764239197017743
12,BRL,TOT_DEV_D,0.11874580631200116,0.11302337648285832,311,-0.22816007453191312
12,BRL,TOT_DEV_LD,0.2036348482132858,0.19585277832611925,311,-0.18351630608477842
12,BRL,TOT_SLOG_L,0.13795889612486123,0.13236122661917848,311,-0.12910244045473493
12,BRL,TOT_SLOG_D,0.1195592710775828,0.11384212348717737,311,-0.2286301219175299
12,BRL,TOT_SLOG_LD,0.20400216273806582,0.1962236822436496,311,-0.1855633901937476
12,BRL,COM_LOG_L,0.077830963912486,0.07184285328854101,311,-0.17118590664987918
12,BRL,COM_LOG_D,0.08140351670464185,0.07543860447545114,311,-0.18113337016045636
12,BRL,COM_LOG_LD,0.08435864124002412,0.07541100581240223,311,-0.17080890460383033
12,BRL,COM_DEV_L,0.07798108803309534,0.0719939522411025,311,-0.17067601247990768
12,BRL,COM_DEV_D,0.08142333972196691,0.07545855621366804,311,-0.1813096611005958
12,BRL,COM_DEV_LD,0.08467364680985034,0.07572908961255242,311,-0.1705745198680394
12,BRL,COM_SLOG_L,0.07804098561414752,0.07205423876748607,311,-0.1704707721383908
12,BRL,COM_SLOG_D,0.08123607101186792,0.07527007147298403,311,-0.181110055808364
12,BRL,COM_SLOG_LD,0.0845269058252971,0.07558091467701011,311,-0.17026015387850504
12,BRL,JOINT_LOG_LOG,0.23566567509829728,0.2231356041982694,311,-0.17865674316724403
12,BRL,JOINT_LOG_DEV,0.23237122614534467,0.2197871478854323,311,-0.1779029810851685
12,BRL,JOINT_LOG_SLOG,0.23263412764387292,0.22005435924459216,311,-0.17822538856030545
12,BRL,JOINT_DEV_LOG,0.22788254157149612,0.21522487831856985,311,-0.17856420664580408
12,BRL,JOINT_DEV_DEV,0.2249220703912086,0.2122158748238513,311,-0.17777490233864476
12,BRL,JOINT_DEV_SLOG,0.2251783355619259,0.2124763410629411,311,-0.1780718149135788
12,BRL,JOINT_SLOG_LOG,0.22874855582554654,0.21610508952760465,311,-0.1818138885603214
12,BRL,JOINT_SLOG_DEV,0.22575677843269093,0.21306426660371858,311,-0.18093402772643882
12,BRL,JOINT_SLOG_SLOG,0.22601216994106554,0.21332384485813216,311,-0.18124026692554784
12,EUR,EJR,0.13862138595687112,0.1358337529017153,311,-0.2534597260398125
12,EUR,TOT_LOG_L,0.15436141130114445,0.1488702516342688,311,-0.2928822726799627
12,EUR,TOT_LOG_D,0.20945753490035912,0.20432414226984197,311,-0.2603536513227773
12,EUR,TOT_LOG_LD,0.21010402569270636,0.2023851725235798,311,-0.25121384029295096
12,EUR,TOT_DEV_L,0.15504448705314533,0.14955776294310086,311,-0.2939385218779117
12,EUR,TOT_DEV_D,0.20866338893844882,0.20352483951597122,311,-0.26061744411770443
12,EUR,TOT_DEV_LD,0.20910575208146664,0.20137714379561777,311,-0.2530344563270394
12,EUR,TOT_SLOG_L,0.1553136649276473,0.14982868872587884,311,-0.2942226206233667
12,EUR,TOT_SLOG_D,0.20881863584975724,0.20368109452410632,311,-0.26110339290677365
12,EUR,TOT_SLOG_LD,0.2092166347914195,0.2014891100499675,311,-0.2539433355031562
12,EUR,COM_LOG_L,0.13862269566586882,0.13302933654681592,311,-0.25265457590147444
12,EUR,COM_LOG_D,0.14165968771667825,0.13608604932522805,311,-0.2497277809280303
12,EUR,COM_LOG_LD,0.14242627527485618,0.13404607601044116,311,-0.2707495555536379
12,EUR,COM_DEV_L,0.13862797938304794,0.133034654573847,311,-0.2516522703115102
12,EUR,COM_DEV_D,0.14124890704213355,0.13567260124370584,311,-0.250039051440242
12,EUR,COM_DEV_LD,0.1418132341530749,0.13342704425880525,311,-0.2680613253411872
12,EUR,COM_SLOG_L,0.13862206549707323,0.13302870228601527,311,-0.25287887505211093
12,EUR,COM_SLOG_D,0.14123304655819313,0.1356566377696099,311,-0.24997004165549117
12,EUR,COM_SLOG_LD,0.14188154238776418,0.13349602000067395,311,-0.2692673760555221
12,EUR,JOINT_LOG_LOG,0.21023489239251392,0.19728792341534196,311,-0.2514928016438252
12,EUR,JOINT_LOG_DEV,0.21034854547055393,0.19740343965859586,311,-0.2503252769787147
12,EUR,JOINT_LOG_SLOG,0.21036415055906765,0.19741930056823276,311,-0.25135991156607307
12,EUR,JOINT_DEV_LOG,0.20925222666098875,0.1962891484095295,311,-0.25396725131454106
12,EUR,JOINT_DEV_DEV,0.2093693157755987,0.19640815701782166,311,-0.2527760737254835
12,EUR,JOINT_DEV_SLOG,0.20938751919797693,0.1964266588569602,311,-0.2538158191316675
12,EUR,JOINT_SLOG_LOG,0.20937086949569483,0.19640973620873903,311,-0.2547351483894572
12,EUR,JOINT_SLOG_DEV,0.2094909363124302,0.1965317713339455,311,-0.25355829275686426
12,EUR,JOINT_SLOG_SLOG,0.20950921309710735,0.19655034773804358,311,-0.25460039011783225
12,CAD,EJR,0.07070410264530635,0.06769667255677991,311,-0.15808453675136153
12,CAD,TOT_LOG_L,0.09627254264465834,0.09040418253196136,311,-0.12872969743458837
12,CAD,TOT_LOG_D,0.08949918597871787,0.08358684303052777,311,-0.1608501397919676
12,CAD,TOT_LOG_LD,0.13470164647964478,0.12624596224328954,311,-0.12120694093672212
12,CAD,TOT_DEV_L,0.09772838696924735,0.09186948039112564,311,-0.1296628284628541
12,CAD,TOT_DEV_D,0.08910586895208805,0.08319097199723147,311,-0.16086259107825363
12,CAD,TOT_DEV_LD,0.13737440335368867,0.12894483726268235,311,-0.12227468728720663
12,CAD,TOT_SLOG_L,0.0984277111920141,0.09257334568027387,311,-0.12914992779946352
12,CAD,TOT_SLOG_D,0.09046619720102478,0.08456013354648606,311,-0.16156507933159905
12,CAD,TOT_SLOG_LD,0.14022069019701167,0.13181893798395317,311,-0.12252283825915601
12,CAD,COM_LOG_L,0.07393170249274728,0.06791827198945355,311,-0.10029043286403541
12,CAD,COM_LOG_D,0.07099085252658321,0.06495832559493764,311,-0.15666321381683948
12,CAD,COM_LOG_LD,0.07414107072188125,0.06509358932828402,311,-0.09283675790342646
12,CAD,COM_DEV_L,0.07403106102969226,0.06801827571170327,311,-0.09947403212999134
12,CAD,COM_DEV_D,0.07085359021122795,0.06482017196584633,311,-0.15702338711485367
12,CAD,COM_DEV_LD,0.07445529562621966,0.06541088483429347,311,-0.08890476409714873
12,CAD,COM_SLOG_L,0.07391080495391811,0.06789723875232012,311,-0.10008078900516715
12,CAD,COM_SLOG_D,0.07080464093844074,0.06477090484063841,311,-0.1572071703218782
12,CAD,COM_SLOG_LD,0.07441129549531611,0.06536645473468405,311,-0.08857695075062336
12,CAD,JOINT_LOG_LOG,0.13535274146110865,0.1211781962391596,311,-0.12003862793914954
12,CAD,JOINT_LOG_DEV,0.1351016408823953,0.1209229792575166,311,-0.11577721654640852
12,CAD,JOINT_LOG_SLOG,0.13504563994880303,0.12086606027583269,311,-0.11335285131491146
12,CAD,JOINT_DEV_LOG,0.13809927762514185,0.12396975758620976,311,-0.11969294642379505
12,CAD,JOINT_DEV_DEV,0.13784478209136908,0.12371108999450631,311,-0.11529630485271539
12,CAD,JOINT_DEV_SLOG,0.13778983080846008,0.12365523787089383,311,-0.11289484097642549
12,CAD,JOINT_SLOG_LOG,0.1409549202571968,0.12687221403190507,311,-0.1210346782383083
12,CAD,JOINT_SLOG_DEV,0.14068809666509274,0.12660101628255327,311,-0.11663630155457873
12,CAD,JOINT_SLOG_SLOG,0.14062866819472275,0.12654061357496416,311,-0.11417191616264152
24,BRL,EJR,0.14703068096603122,0.1441587303968933,299,-0.3396325891349546
24,BRL,TOT_LOG_L,0.3205667933778118,0.3159760284682025,299,-0.20928878022172243
24,BRL,TOT_LOG_D,0.17471991998717906,0.16914370323033567,299,-0.3978762500572166
24,BRL,TOT_LOG_LD,0.3785551962607988,0.37223541859565434,299,-0.2818115457950573
24,BRL,TOT_DEV_L,0.3155161664837026,0.3108912757167006,299,-0.2118109702224789
24,BRL,TOT_DEV_D,0.17189192433314449,0.1662965994975576,299,-0.39536794140811726
24,BRL,TOT_DEV_LD,0.3721945982156857,0.36581013650262484,299,-0.2834400326143756
24,BRL,TOT_SLOG_L,0.31385377725400176,0.3092176541273396,299,-0.21548253465274708
24,BRL,TOT_SLOG_D,0.17225659303046081,0.16666373217255848,299,-0.39578601698444726
24,BRL,TOT_SLOG_LD,0.3699724693200681,0.3635654096860349,299,-0.28736126950742313
24,BRL,COM_LOG_L,0.15268153937902496,0.14695641464509945,299,-0.31753767610816197
24,BRL,COM_LOG_D,0.1725368919355328,0.16694592498915128,299,-0.3498796070216992
24,BRL,COM_LOG_LD,0.1936861601255876,0.18548635836415284,299,-0.3075539894348369
24,BRL,COM_DEV_L,0.1528339187590001,0.14710982361547986,299,-0.3174119130033815
24,BRL,COM_DEV_D,0.17164756611611087,0.16605059021149005,299,-0.35028620992700954
24,BRL,COM_DEV_LD,0.1925356264348832,0.18432412433083112,299,-0.30881581012957793
24,BRL,COM_SLOG_L,0.15291619724702232,0.14719265803923187,299,-0.3172238863379455
24,BRL,COM_SLOG_D,0.17178898643233198,0.16619296607038825,299,-0.3499320401889562
24,BRL,COM_SLOG_LD,0.1927960493109928,0.18458719557517234,299,-0.30815080768005937
24,BRL,JOINT_LOG_LOG,0.42042382690090585,0.4105334485203752,299,-0.2810074932978205
24,BRL,JOINT_LOG_DEV,0.418079767706649,0.40814938831597747,299,-0.2790112091595353
24,BRL,JOINT_LOG_SLOG,0.41811477616312465,0.4081849941863861,299,-0.27967804201662366
24,BRL,JOINT_DEV_LOG,0.4070130579622697,0.3968938268694756,299,-0.284531178571368
24,BRL,JOINT_DEV_DEV,0.40506728189808616,0.39491484643559616,299,-0.2826007938054773
24,BRL,JOINT_DEV_SLOG,0.4051025092745981,0.39495067496187797,299,-0.2832042784001907
24,BRL,JOINT_SLOG_LOG,0.4049303048975075,0.39477553194354,299,-0.29013818572451633
24,BRL,JOINT_SLOG_DEV,0.4029936910608706,0.3928058700892131,299,-0.28816743977809595
24,BRL,JOINT_SLOG_SLOG,0.4030268253115723,0.39283956977081413,299,-0.2887635278767718
24,EUR,EJR,0.2771574573428879,0.27472364406794814,299,-0.4659010464001467
24,EUR,TOT_LOG_L,0.28010890412112044,0.27524477509491185,299,-0.4427336634855771
24,EUR,TOT_LOG_D,0.2840193752460469,0.2791816683220337,299,-0.46758325753351354
24,EUR,TOT_LOG_LD,0.2977563798383793,0.2906149192943629,299,-0.4098338640589124
24,EUR,TOT_DEV_L,0.2797711263610987,0.27490471505272773,299,-0.4439854082103539
24,EUR,TOT_DEV_D,0.2838225871713085,0.2789835505981416,299,-0.4676186315717291
24,EUR,TOT_DEV_LD,0.2965310060866063,0.2893770841146057,299,-0.41180832880377327
24,EUR,TOT_SLOG_L,0.2796428034023113,0.2747755250469215,299,-0.4445555878487696
24,EUR,TOT_SLOG_D,0.28371660122567965,0.2788768485312585,299,-0.46782468491262585
24,EUR,TOT_SLOG_LD,0.29597414256465204,0.28881455757378416,299,-0.4132920456515688
24,EUR,COM_LOG_L,0.2781414763544693,0.27326405389740493,299,-0.43783541800959
24,EUR,COM_LOG_D,0.2845958072410574,0.2797619951278213,299,-0.4591318446466984
24,EUR,COM_LOG_LD,0.2846936960843466,0.2774193946885941,299,-0.4687239412060703
24,EUR,COM_DEV_L,0.2780588542384902,0.2731808735238854,299,-0.4390248531643607
24,EUR,COM_DEV_D,0.28481945662325137,0.2799871556544896,299,-0.45910632377610683
24,EUR,COM_DEV_LD,0.28495552336448315,0.27768388461903726,299,-0.4704042585544926
24,EUR,COM_SLOG_L,0.2779768564849754,0.2730983217314955,299,-0.440252598771888
24,EUR,COM_SLOG_D,0.28452101502376603,0.27968669755771036,299,-0.45908261631937747
24,EUR,COM_SLOG_LD,0.2846671792235057,0.27739260816476163,299,-0.4707779157384259
24,EUR,JOINT_LOG_LOG,0.30729519248479187,0.29547429133265524,299,-0.38409985904775834
24,EUR,JOINT_LOG_DEV,0.30757436216195855,0.29575822499748683,299,-0.3857503491948535
24,EUR,JOINT_LOG_SLOG,0.30720771962603766,0.2953853257630008,299,-0.38611578531326884
24,EUR,JOINT_DEV_LOG,0.30595623955982043,0.29411248938166035,299,-0.385840617175323
24,EUR,JOINT_DEV_DEV,0.30623337431258735,0.29439435339641995,299,-0.3874672111853301
24,EUR,JOINT_DEV_SLOG,0.3058681602108567,0.2940229069721342,299,-0.38783753407833177
24,EUR,JOINT_SLOG_LOG,0.3053634249103422,0.2935095584412354,299,-0.3874110055807075
24,EUR,JOINT_SLOG_DEV,0.3056411882630785,0.2937920617829263,299,-0.3890376048695287
24,EUR,JOINT_SLOG_SLOG,0.30527627075416286,0.2934209170127664,299,-0.3894111351804021
24,CAD,EJR,0.1565735442856938,0.1537337245694841,299,-0.3317534516163655
24,CAD,TOT_LOG_L,0.25008989022510386,0.24502293002392217,299,-0.22518601277882752
24,CAD,TOT_LOG_D,0.17090830673409108,0.16530633583364573,299,-0.3311962270970125
24,CAD,TOT_LOG_LD,0.31643310304203387,0.30948157527635967,299,-0.18637281245846038
24,CAD,TOT_DEV_L,0.25144670694016724,0.24638891441949262,299,-0.22872835435048824
24,CAD,TOT_DEV_D,0.16981813277173663,0.16420879583100512,299,-0.33134979626930483
24,CAD,TOT_DEV_LD,0.31859681757300695,0.3116672936839189,299,-0.1901208653016735
24,CAD,TOT_SLOG_L,0.2525530232851618,0.2475027058749265,299,-0.2277881006365707
24,CAD,TOT_SLOG_D,0.1711990736725525,0.1655990674135832,299,-0.3320830637282961
24,CAD,TOT_SLOG_LD,0.32286879506797683,0.3159827150178207,299,-0.19023304039573286
24,CAD,COM_LOG_L,0.1610727312266188,0.15540430373490677,299,-0.2354312849026468
24,CAD,COM_LOG_D,0.1570658579837253,0.1513703570241558,299,-0.334352046351023
24,CAD,COM_LOG_LD,0.16552397624395432,0.15703777939219798,299,-0.18636212958832818
24,CAD,COM_DEV_L,0.1602881063485453,0.1546143773373868,299,-0.24438625421121082
24,CAD,COM_DEV_D,0.15746339811327104,0.15177058323565795,299,-0.3353426835981644
24,CAD,COM_DEV_LD,0.16549192675449786,0.15700540397573004,299,-0.19145178150140782
24,CAD,COM_SLOG_L,0.1604923882444106,0.15482003951633228,299,-0.2413575669877857
24,CAD,COM_SLOG_D,0.157680287500628,0.15198893809184844,299,-0.33578478728563477
24,CAD,COM_SLOG_LD,0.16640739471997412,0.15793018178492302,299,-0.18485653183706885
24,CAD,JOINT_LOG_LOG,0.31871381274669,0.3070877685956096,299,-0.17310134534777305
24,CAD,JOINT_LOG_DEV,0.31787799130677297,0.3062376839911889,299,-0.1751872311382398
24,CAD,JOINT_LOG_SLOG,0.31774115305937944,0.3060985106201197,299,-0.16538221271379716
24,CAD,JOINT_DEV_LOG,0.3210613698265614,0.30947538637650274,299,-0.1710349330822784
24,CAD,JOINT_DEV_DEV,0.32019855325435487,0.3085978459720059,299,-0.17289062902259986
24,CAD,JOINT_DEV_SLOG,0.320102835570095,0.30850049488016484,299,-0.16314749012640595
24,CAD,JOINT_SLOG_LOG,0.32541999692553225,0.3139083927775038,299,-0.17163845555891685
24,CAD,JOINT_SLOG_DEV,0.32453335675765227,0.31300662223133235,299,-0.1735121894534737
24,CAD,JOINT_SLOG_SLOG,0.3244269088511468,0.31289835780765096,299,-0.16367481562237932
36,BRL,EJR,0.2706304344664193,0.2680712430084068,287,-0.5648317465175189
36,BRL,TOT_LOG_L,0.4957046756193991,0.4921533000955921,287,-0.3623410814794309
36,BRL,TOT_LOG_D,0.2969883824411018,0.2920375964019547,287,-0.6358897575874387
36,BRL,TOT_LOG_LD,0.5542988031055281,0.5495740554352687,287,-0.4528036751710472
36,BRL,TOT_DEV_L,0.4827490160280393,0.47910640346485656,287,-0.3700420207258577
36,BRL,TOT_DEV_D,0.29283877327133,0.2878587646323958,287,-0.6308506437992717
36,BRL,TOT_DEV_LD,0.5373800594971843,0.532475961187967,287,-0.45755480000942556
36,BRL,TOT_SLOG_L,0.4828490303687155,0.47920712213187555,287,-0.37385030194377306
36,BRL,TOT_SLOG_D,0.2938871541490019,0.2889145284739948,287,-0.6323841909530147
36,BRL,TOT_SLOG_LD,0.5381271308673563,0.5332309520426286,287,-0.46257465051902147
36,BRL,COM_LOG_L,0.2919043641301865,0.2869177751451879,287,-0.5057173662169749
36,BRL,COM_LOG_D,0.3265626461655198,0.32182012958922057,287,-0.5774669658749992
36,BRL,COM_LOG_LD,0.39777157827103293,0.391387531397581,287,-0.46523496610605125
36,BRL,COM_DEV_L,0.29282355783609515,0.2878434420462085,287,-0.5049942752274464
36,BRL,COM_DEV_D,0.327249674647497,0.3225119962999441,287,-0.5787391976534358
36,BRL,COM_DEV_LD,0.39951064394171454,0.3931450323933935,287,-0.46756183689416636
36,BRL,COM_SLOG_L,0.29282083599552966,0.2878407010377517,287,-0.5048059335709584
36,BRL,COM_SLOG_D,0.3269191787724839,0.3221791729891915,287,-0.577951293992583
36,BRL,COM_SLOG_LD,0.3988526248224812,0.3924800378064651,287,-0.4663006542686161
36,BRL,JOINT_LOG_LOG,0.5676015238733529,0.5599076008106012,287,-0.46206865623763105
36,BRL,JOINT_LOG_DEV,0.566606287713672,0.5588946558224562,287,-0.4622891158496675
36,BRL,JOINT_LOG_SLOG,0.5667490917160871,0.5590400008213556,287,-0.462020644556799
36,BRL,JOINT_DEV_LOG,0.5489322117604083,0.5409060945319458,287,-0.46713572760092664
36,BRL,JOINT_DEV_DEV,0.5485353905665089,0.5405022124627101,287,-0.4675806287636329
36,BRL,JOINT_DEV_SLOG,0.5485643214300494,0.5405316581102995,287,-0.46719558256278076
36,BRL,JOINT_SLOG_LOG,0.5499064599486547,0.5418976780972073,287,-0.47218475905897733
36,BRL,JOINT_SLOG_DEV,0.5494677497208291,0.5414511616375699,287,-0.47249206216423995
36,BRL,JOINT_SLOG_SLOG,0.5495032535112186,0.5414872971680019,287,-0.4721382824158576
36,EUR,EJR,0.3814754248661463,0.37930516319901,287,-0.6200070883524071
36,EUR,TOT_LOG_L,0.38723335417121785,0.3829180961020011,287,-0.5783704338288939
36,EUR,TOT_LOG_D,0.3868944018937789,0.3825767568366929,287,-0.6127011624683464
36,EUR,TOT_LOG_LD,0.3889481945749619,0.3824706135987248,287,-0.5866281884315927
36,EUR,TOT_DEV_L,0.38696498913982735,0.38264784117602335,287,-0.5791478946469872
36,EUR,TOT_DEV_D,0.38709119725937136,0.3827749380851416,287,-0.6125679921484325
36,EUR,TOT_DEV_LD,0.38889303399167463,0.38241486827427185,287,-0.588002153109169
36,EUR,TOT_SLOG_L,0.38687896272737543,0.38256120894376533,287,-0.5795137359504986
36,EUR,TOT_SLOG_D,0.38725839280064556,0.38294331105980506,287,-0.6122143416872042
36,EUR,TOT_SLOG_LD,0.38895281259011694,0.382475280568104,287,-0.5885001681984413
36,EUR,COM_LOG_L,0.38265877092196077,0.3783112974777493,287,-0.5858508313386669
36,EUR,COM_LOG_D,0.3869127225084793,0.3825952064698066,287,-0.6234476807765419
36,EUR,COM_LOG_LD,0.39322294663604895,0.38679068105268544,287,-0.5356124002258058
36,EUR,COM_DEV_L,0.3827846837274954,0.378438096993182,287,-0.5840470446962688
36,EUR,COM_DEV_D,0.38692393596602526,0.38260649889536347,287,-0.6233867958266139
36,EUR,COM_DEV_LD,0.39349109356041956,0.38706167052395757,287,-0.5338397977166209
36,EUR,COM_SLOG_L,0.38279485170002736,0.3784483365711543,287,-0.5838856299336922
36,EUR,COM_SLOG_D,0.3872077742651775,0.3828923360557773,287,-0.6236115515637605
36,EUR,COM_SLOG_LD,0.393904727062371,0.38747968883335016,287,-0.5333531435890719
36,EUR,JOINT_LOG_LOG,0.39714401213800166,0.3864170372650124,287,-0.5113761076935777
36,EUR,JOINT_LOG_DEV,0.3974814226857023,0.3867604515591134,287,-0.5089558978923537
36,EUR,JOINT_LOG_SLOG,0.39777413787871596,0.38705837520751873,287,-0.5088941777436238
36,EUR,JOINT_DEV_LOG,0.3971223675010811,0.38639500749220357,287,-0.5126196972375581
36,EUR,JOINT_DEV_DEV,0.39746020231467716,0.38673885360141513,287,-0.510183535994174
36,EUR,JOINT_DEV_SLOG,0.39775293713193993,0.38703679722325557,287,-0.5101304063027962
36,EUR,JOINT_SLOG_LOG,0.39715545697148213,0.38642868574321665,287,-0.5134668335148379
36,EUR,JOINT_SLOG_DEV,0.39749368659719886,0.3867729336896758,287,-0.5110247178726641
36,EUR,JOINT_SLOG_SLOG,0.39778593656209693,0.3870703838318851,287,-0.510975329438747
36,CAD,EJR,0.29244211620879257,0.28995945696741987,287,-0.5749632595595056
36,CAD,TOT_LOG_L,0.43921859262458396,0.4352694277839121,287,-0.3389086277470202
36,CAD,TOT_LOG_D,0.30164726190486235,0.29672928487602335,287,-0.5803992529822967
36,CAD,TOT_LOG_LD,0.49231982324144874,0.4869380545832309,287,-0.30481048279889583
36,CAD,TOT_DEV_L,0.43813337944962205,0.4341765722626476,287,-0.3431772688759415
36,CAD,TOT_DEV_D,0.30072545982726107,0.2958009912344953,287,-0.5804376349698122
36,CAD,TOT_DEV_LD,0.49155279089117354,0.4861628911479704,287,-0.30841822038553973
36,CAD,TOT_SLOG_L,0.43828291800027963,0.43432716390169,287,-0.34372955173422626
36,CAD,TOT_SLOG_D,0.30147871274710014,0.29655954875236135,287,-0.581436463760373
36,CAD,TOT_SLOG_LD,0.49280306918042527,0.4874264232706771,287,-0.31138248851255484
36,CAD,COM_LOG_L,0.29345057955682596,0.28847487941286,287,-0.5177371993254378
36,CAD,COM_LOG_D,0.2995013285133227,0.2945682392775011,287,-0.5853478135639698
36,CAD,COM_LOG_LD,0.3077092402397982,0.3003704689349197,287,-0.39934469849728305
36,CAD,COM_DEV_L,0.2931291835190857,0.2881512200227412,287,-0.5278383613335179
36,CAD,COM_DEV_D,0.3001249923945454,0.29519629515788726,287,-0.586106871515274
36,CAD,COM_DEV_LD,0.3076173934648898,0.30027764851928795,287,-0.40885958746729817
36,CAD,COM_SLOG_L,0.29328676130614895,0.2883099075125303,287,-0.5223645208607919
36,CAD,COM_SLOG_D,0.30069294326023854,0.2957682456775641,287,-0.5865799000021036
36,CAD,COM_SLOG_LD,0.3090718121365914,0.3017474850567673,287,-0.3981824707187969
36,CAD,JOINT_LOG_LOG,0.49331613752209935,0.4843004104317452,287,-0.30805651227507375
36,CAD,JOINT_LOG_DEV,0.49299531729308677,0.4839738816577325,287,-0.3112798089218975
36,CAD,JOINT_LOG_SLOG,0.4928226325913523,0.48379812427447233,287,-0.29888137134444415
36,CAD,JOINT_DEV_LOG,0.4926293687335841,0.4836014215580251,287,-0.3018242719466548
36,CAD,JOINT_DEV_DEV,0.4922771072599148,0.48324289208660365,287,-0.30480688874126755
36,CAD,JOINT_DEV_SLOG,0.4921608379149438,0.4831245538920781,287,-0.2925913787371857
36,CAD,JOINT_SLOG_LOG,0.4939427724188473,0.484938195415624,287,-0.3032286555045907
36,CAD,JOINT_SLOG_DEV,0.49357584879220495,0.4845647428988279,287,-0.3062561645364802
36,CAD,JOINT_SLOG_SLOG,0.49346182598867006,0.4844486912197852,287,-0.2939551836387907
48,BRL,EJR,0.4309885190644812,0.4289042279255233,275,-0.8178407049622626
48,BRL,TOT_LOG_L,0.66922100252119,0.6667888040103164,275,-0.5459843931971304
48,BRL,TOT_LOG_D,0.48564875813775443,0.48186676371229675,275,-0.9585214335619789
48,BRL,TOT_LOG_LD,0.7442659660616316,0.7414349619958932,275,-0.6990461294958067
48,BRL,TOT_DEV_L,0.6511127322884143,0.6485473847317114,275,-0.5597255093650257
48,BRL,TOT_DEV_D,0.48169653130481327,0.4778854763879369,275,-0.9551536078722639
48,BRL,TOT_DEV_LD,0.725061296514317,0.7220176946307117,275,-0.7117625703877096
48,BRL,TOT_SLOG_L,0.6539395395127063,0.651394977303241,275,-0.5622120807640997
48,BRL,TOT_SLOG_D,0.48390714606428986,0.4801123456677038,275,-0.9582720839882773
48,BRL,TOT_SLOG_LD,0.7290501227667017,0.7260506776312776,275,-0.7166789182357944
48,BRL,COM_LOG_L,0.4904485433836514,0.48670184149676654,275,-0.6803240682126451
48,BRL,COM_LOG_D,0.4601975593118427,0.45622842371854744,275,-0.8274004298938216
48,BRL,COM_LOG_LD,0.5835468836389575,0.5789367015390197,275,-0.6174385394314726
48,BRL,COM_DEV_L,0.49105293240316394,0.4873106745531872,275,-0.6802530325667953
48,BRL,COM_DEV_D,0.46049948482077896,0.4565325692679906,275,-0.8283774500030063
48,BRL,COM_DEV_LD,0.5837656774108306,0.5791579173821682,275,-0.6208120393556674
48,BRL,COM_SLOG_L,0.4912474558708002,0.48750662834043845,275,-0.6795965353849668
48,BRL,COM_SLOG_D,0.46041963946158526,0.4564521368105675,275,-0.8277649283518841
48,BRL,COM_SLOG_LD,0.5836853161871289,0.579076666550824,275,-0.6190171698640843
48,BRL,JOINT_LOG_LOG,0.7492479861148102,0.7445871680128551,275,-0.6939098369782207
48,BRL,JOINT_LOG_DEV,0.750259810018633,0.7456177990524366,275,-0.6944149370707855
48,BRL,JOINT_LOG_SLOG,0.7501258339838711,0.7454813327568055,275,-0.6938780991143302
48,BRL,JOINT_DEV_LOG,0.7341579501538388,0.7292166481120885,275,-0.7020947480750105
48,BRL,JOINT_DEV_DEV,0.7354717654601594,0.7305548837772626,275,-0.7029768066840688
48,BRL,JOINT_DEV_SLOG,0.7352831870072845,0.7303628001486837,275,-0.7022746360677957
48,BRL,JOINT_SLOG_LOG,0.7373475057089266,0.732465489086416,275,-0.7065862098692477
48,BRL,JOINT_SLOG_DEV,0.7385966431937119,0.7337378447400633,275,-0.7073331960795317
48,BRL,JOINT_SLOG_SLOG,0.7384191838543296,0.7335570868999491,275,-0.7066716215095903
48,EUR,EJR,0.45203942934583496,0.45003224776834727,275,-0.7890261092183984
48,EUR,TOT_LOG_L,0.45549046846205377,0.45148672190662764,275,-0.8239413704760503
48,EUR,TOT_LOG_D,0.45749134594477214,0.45350231172377786,275,-0.7999099296983956
48,EUR,TOT_LOG_LD,0.45808356601770317,0.45208449110276994,275,-0.8146137946860612
48,EUR,TOT_DEV_L,0.45577340677254385,0.45177174064587144,275,-0.8255285774336832
48,EUR,TOT_DEV_D,0.4575842428756617,0.45359589172033576,275,-0.7999839136741108
48,EUR,TOT_DEV_LD,0.45829661625130114,0.4522998998260388,275,-0.8162101778123874
48,EUR,TOT_SLOG_L,0.45585373167482013,0.4518526561724291,275,-0.8258767994808576
48,EUR,TOT_SLOG_D,0.4573879690014614,0.45339817465588383,275,-0.8000832583314329
48,EUR,TOT_SLOG_LD,0.4581857955006504,0.45218785227741043,275,-0.8171646237054169
48,EUR,COM_LOG_L,0.45697631968501995,0.4529834985062333,275,-0.6967928247848545
48,EUR,COM_LOG_D,0.4651837849300082,0.4612513127603759,275,-0.7920238978545119
48,EUR,COM_LOG_LD,0.4886693029071628,0.4830088154854709,275,-0.5581503999354833
48,EUR,COM_DEV_L,0.4565603610049358,0.45256448130644267,275,-0.7005222877334507
48,EUR,COM_DEV_D,0.4650235107598387,0.46108986010366104,275,-0.7918503938336927
48,EUR,COM_DEV_LD,0.4871368585942214,0.48145940684434196,275,-0.5645288659378005
48,EUR,COM_SLOG_L,0.4563718650701709,0.4523745993721574,275,-0.7022480711251229
48,EUR,COM_SLOG_D,0.4655694538016758,0.46163981743257043,275,-0.792203731063541
48,EUR,COM_SLOG_LD,0.48735242811709945,0.48167736274570205,275,-0.567036214556147
48,EUR,JOINT_LOG_LOG,0.5053264232393342,0.4961317470913664,275,-0.6079650279552214
48,EUR,JOINT_LOG_DEV,0.5032763211943604,0.49404353906042653,275,-0.6153338665150095
48,EUR,JOINT_LOG_SLOG,0.5038429031832308,0.49462065231303065,275,-0.6180402438129857
48,EUR,JOINT_DEV_LOG,0.5057472814891724,0.49656042798525357,275,-0.6101844444780632
48,EUR,JOINT_DEV_DEV,0.5037003340826782,0.4944754332291964,275,-0.617552387178046
48,EUR,JOINT_DEV_SLOG,0.5042729486568713,0.4950586911969619,275,-0.6202739091241434
48,EUR,JOINT_SLOG_LOG,0.5057418784112684,0.49655492447839233,275,-0.6111350517834219
48,EUR,JOINT_SLOG_DEV,0.5036967757030275,0.49447180870866003,275,-0.6184976542688848
48,EUR,JOINT_SLOG_SLOG,0.5042671751938189,0.4950528104204698,275,-0.6212342417625164
48,CAD,EJR,0.42852267579420245,0.42642935226231315,275,-0.8386034105113745
48,CAD,TOT_LOG_L,0.5683670521777633,0.5651932805025999,275,-0.503015913288467
48,CAD,TOT_LOG_D,0.4750290260830843,0.47116894539251875,275,-0.8768053223840204
48,CAD,TOT_LOG_LD,0.6477527820853568,0.6438533663888848,275,-0.5109970005576356
48,CAD,TOT_DEV_L,0.5668069460502821,0.5636217030065342,275,-0.5068544874179384
48,CAD,TOT_DEV_D,0.4752405964529707,0.4713820714268896,275,-0.8800516786229562
48,CAD,TOT_DEV_LD,0.6460408221305378,0.6421224548478501,275,-0.5194968774988276
48,CAD,TOT_SLOG_L,0.5667858988690313,0.5636005010665976,275,-0.5082775872201278
48,CAD,TOT_SLOG_D,0.47542362362502477,0.4715664443869735,275,-0.8814317592709738
48,CAD,TOT_SLOG_LD,0.6463140160241141,0.6423986730280711,275,-0.5227781673039472
48,CAD,COM_LOG_L,0.4287507158503221,0.42455035346686865,275,-0.8740216401032702
48,CAD,COM_LOG_D,0.4377630208398643,0.4336289254048633,275,-0.8485139660070576
48,CAD,COM_LOG_LD,0.44062813970049064,0.43443583128389085,275,-0.6954766975058658
48,CAD,COM_DEV_L,0.42878800483403146,0.42458791663428164,275,-0.8765573951080333
48,CAD,COM_DEV_D,0.438301875068278,0.43417174179672124,275,-0.8492545586039468
48,CAD,COM_DEV_LD,0.4411993483700011,0.4350133632966062,275,-0.6968078467191424
48,CAD,COM_SLOG_L,0.4288693193004218,0.42466982900116024,275,-0.8823542933794862
48,CAD,COM_SLOG_D,0.4390319344579259,0.4349071692701165,275,-0.8497451823693025
48,CAD,COM_SLOG_LD,0.44186597719126575,0.4356873717727189,275,-0.6979983322924216
48,CAD,JOINT_LOG_LOG,0.6492778906672272,0.6427588923524916,275,-0.6034296200167343
48,CAD,JOINT_LOG_DEV,0.6494743048580564,0.6429589573647116,275,-0.6007505908335796
48,CAD,JOINT_LOG_SLOG,0.6495149016472844,0.6430003087411,275,-0.5942504759396007
48,CAD,JOINT_DEV_LOG,0.6473247542245688,0.6407694522584827,275,-0.6008027479517961
48,CAD,JOINT_DEV_DEV,0.6475265154758747,0.6409749637189206,275,-0.5979002623561892
48,CAD,JOINT_DEV_SLOG,0.647593242062988,0.6410429305771699,275,-0.591714640684443
48,CAD,JOINT_SLOG_LOG,0.6474645433348066,0.6409118396793198,275,-0.6002795555550727
48,CAD,JOINT_SLOG_DEV,0.6476531496354708,0.6411039516733048,275,-0.5971899095764317
48,CAD,JOINT_SLOG_SLOG,0.6477194940556028,0.6411715292610973,275,-0.5910733355407091
60,BRL,EJR,0.5590592878580516,0.5573698598421821,263,-1.0447240898563195
60,BRL,TOT_LOG_L,0.8123122288391498,0.8108684767532971,263,-0.7086073726875055
60,BRL,TOT_LOG_D,0.5917925210248562,0.5886524634942782,263,-1.1681043640919997
60,BRL,TOT_LOG_LD,0.8592279524162454,0.8575973881585185,263,-0.8465503414965776
60,BRL,TOT_DEV_L,0.7957763799914632,0.7942054290683207,263,-0.726206501410046
60,BRL,TOT_DEV_D,0.5905581613367612,0.5874086087316593,263,-1.1671027550395385
60,BRL,TOT_DEV_LD,0.8446756169940036,0.842876492866521,263,-0.8664953513469295
60,BRL,TOT_SLOG_L,0.7984864245552282,0.7969363201287301,263,-0.7290331285893691
60,BRL,TOT_SLOG_D,0.5913534863196929,0.5882100515990751,263,-1.168779498009395
60,BRL,TOT_SLOG_LD,0.8470758146215557,0.8453044920109946,263,-0.8700511924356495
60,BRL,COM_LOG_L,0.6496494880646349,0.6469544841266706,263,-0.8060206087467935
60,BRL,COM_LOG_D,0.5629715105500398,0.5596097529388863,263,-1.0472681586082555
60,BRL,COM_LOG_LD,0.7082277981412308,0.7048481973474998,263,-0.7088006705688786
60,BRL,COM_DEV_L,0.6464054366053222,0.6436854784253632,263,-0.8106187716633052
60,BRL,COM_DEV_D,0.5632405378949357,0.5598808497248967,263,-1.0477278175912954
60,BRL,COM_DEV_LD,0.7035575679681791,0.7001238718442584,263,-0.7176105072675655
60,BRL,COM_SLOG_L,0.6465946438930901,0.6438761411538061,263,-0.809277634461609
60,BRL,COM_SLOG_D,0.5631186079422771,0.5597579818495253,263,-1.0474211055649039
60,BRL,COM_SLOG_LD,0.7033612981704587,0.6999253286511975,263,-0.7149124579440079
60,BRL,JOINT_LOG_LOG,0.8667320538542687,0.8641392922561026,263,-0.8259754951567791
60,BRL,JOINT_LOG_DEV,0.866415756866088,0.8638168416300196,263,-0.8267923401712315
60,BRL,JOINT_LOG_SLOG,0.8663786409652762,0.8637790036299703,263,-0.827690556917766
60,BRL,JOINT_DEV_LOG,0.8546038322776426,0.8517751130612543,263,-0.8336895485342788
60,BRL,JOINT_DEV_DEV,0.8540958482458634,0.8512572460716583,263,-0.8351781659240937
60,BRL,JOINT_DEV_SLOG,0.8539846409583702,0.8511438752182607,263,-0.8358017453477655
60,BRL,JOINT_SLOG_LOG,0.856405391183273,0.8536117217510409,263,-0.8392742073500755
60,BRL,JOINT_SLOG_DEV,0.8559297657500469,0.8531268429047171,263,-0.8407289364547749
60,BRL,JOINT_SLOG_SLOG,0.8558367049089425,0.8530319715414122,263,-0.841438709208799
60,EUR,EJR,0.521175668255724,0.5193410922720295,263,-0.953130529487862
60,EUR,TOT_LOG_L,0.5220772674169306,0.5184009387047531,263,-0.9706648080969105
60,EUR,TOT_LOG_D,0.540121780360034,0.5365842555935727,263,-0.9693292184309757
60,EUR,TOT_LOG_LD,0.5421115972722914,0.5368078705997696,263,-0.9422935492780513
60,EUR,TOT_DEV_L,0.5222301176667978,0.5185549647257732,263,-0.9721767161368456
60,EUR,TOT_DEV_D,0.5401828442521643,0.5366457892079503,263,-0.9693389522385137
60,EUR,TOT_DEV_LD,0.5419452121973063,0.5366395582845338,263,-0.9437634296787851
60,EUR,TOT_SLOG_L,0.5223145607151438,0.5186400573360295,263,-0.9729066413426611
60,EUR,TOT_SLOG_D,0.5398375671084592,0.5362978560862166,263,-0.9697906846608513
60,EUR,TOT_SLOG_LD,0.541420206178801,0.5361084711152351,263,-0.9456795765153525
60,EUR,COM_LOG_L,0.5264807460263666,0.5228382902265695,263,-0.8107415667605873
60,EUR,COM_LOG_D,0.5267906874691726,0.52315061583432,263,-0.9624384473000933
60,EUR,COM_LOG_LD,0.5421309967983253,0.5368274948307383,263,-0.6950083308997255
60,EUR,COM_DEV_L,0.5267139739397358,0.5230733122008107,263,-0.8069802124521489
60,EUR,COM_DEV_D,0.5263527061631088,0.5227092654412866,263,-0.961801990656924
60,EUR,COM_DEV_LD,0.541711442433965,0.5364030807633159,263,-0.692796795652559
60,EUR,COM_SLOG_L,0.5266238030547843,0.5229824476936673,263,-0.807621540432648
60,EUR,COM_SLOG_D,0.526646767183748,0.5230055884697768,263,-0.9622740430675043
60,EUR,COM_SLOG_LD,0.5418995917093677,0.536593409373955,263,-0.6941200030311372
60,EUR,JOINT_LOG_LOG,0.5702783431222,0.5619179996031767,263,-0.6739267329512183
60,EUR,JOINT_LOG_DEV,0.569192792557625,0.5608113293778123,263,-0.6745753399689665
60,EUR,JOINT_LOG_SLOG,0.569751740767231,0.5613811520662044,263,-0.6745055422198607
60,EUR,JOINT_DEV_LOG,0.5703400328451019,0.5619808895152401,263,-0.6755671627920671
60,EUR,JOINT_DEV_DEV,0.5692576726483147,0.5608774717270757,263,-0.6761178332105882
60,EUR,JOINT_DEV_SLOG,0.5698219668607662,0.5614527444261508,263,-0.6760602756148046
60,EUR,JOINT_SLOG_LOG,0.5699772436332438,0.5616110421475092,263,-0.6766494024847037
60,EUR,JOINT_SLOG_DEV,0.5688927574152098,0.560505456975817,263,-0.677194087974216
60,EUR,JOINT_SLOG_SLOG,0.5694564008458629,0.5610800662319693,263,-0.6771531015966221
60,CAD,EJR,0.5259618425116992,0.524145604360403,263,-1.0420903789399434
60,CAD,TOT_LOG_L,0.6919842999249379,0.689614948385899,263,-0.628494297086376
60,CAD,TOT_LOG_D,0.5721317307294579,0.5688404363504538,263,-1.0793708049978568
60,CAD,TOT_LOG_LD,0.777020513028376,0.7744377390480097,263,-0.6266587579950839
60,CAD,TOT_DEV_L,0.6926979331118668,0.6903340710588811,263,-0.6309130376407547
60,CAD,TOT_DEV_D,0.5727060208456833,0.5694191440829579,263,-1.0830798201126992
60,CAD,TOT_DEV_LD,0.7780021895582853,0.7754307863485357,263,-0.6349436835932918
60,CAD,TOT_SLOG_L,0.6932159444544091,0.6908560671040584,263,-0.6323772229955584
60,CAD,TOT_SLOG_D,0.5727090854322687,0.5694222322432861,263,-1.084473862751201
60,CAD,TOT_SLOG_LD,0.778486437858299,0.7759206437022175,263,-0.638696188502363
60,CAD,COM_LOG_L,0.5305370520209591,0.5269257985749665,263,-1.2514139064504857
60,CAD,COM_LOG_D,0.5418577210905375,0.5383335497143109,263,-1.0617574928408389
60,CAD,COM_LOG_LD,0.5419388014447721,0.5366330732761788,263,-1.0281572839323656
60,CAD,COM_DEV_L,0.5306386139175824,0.5270281417169485,263,-1.2509911267078346
60,CAD,COM_DEV_D,0.5421806414484023,0.5386589540749285,263,-1.062722221840672
60,CAD,COM_DEV_LD,0.5422515402894625,0.5369494345785297,263,-1.0318534166222264
60,CAD,COM_SLOG_L,0.5312988183102083,0.5276934246049022,263,-1.2685626360026472
60,CAD,COM_SLOG_D,0.5430020915718681,0.5394867230454978,263,-1.0634077035776317
60,CAD,COM_SLOG_LD,0.5430235705892522,0.5377304073142243,263,-1.0461904393345647
60,CAD,JOINT_LOG_LOG,0.7797101731550105,0.7754243788584153,263,-0.8103686108687794
60,CAD,JOINT_LOG_DEV,0.7798670819999373,0.7755843404046053,263,-0.8104936279669573
60,CAD,JOINT_LOG_SLOG,0.7798591518256266,0.7755762559467477,263,-0.8085329387876684
60,CAD,JOINT_DEV_LOG,0.7803922947978265,0.7761197713503134,263,-0.807660576454372
60,CAD,JOINT_DEV_DEV,0.7805294054750268,0.7762595495504164,263,-0.8072137455097992
60,CAD,JOINT_DEV_SLOG,0.7805391387946329,0.7762694722342172,263,-0.8056827896433222
60,CAD,JOINT_SLOG_LOG,0.7807153353055224,0.7764490966927894,263,-0.8070964311178122
60,CAD,JOINT_SLOG_DEV,0.7808320631207644,0.7765680954771994,263,-0.806244382670727
60,CAD,JOINT_SLOG_SLOG,0.7808401405513045,0.7765763300561936,263,-0.8048357814273012
72,BRL,EJR,0.6606954974573691,0.6593328287724589,251,-1.2769234956894573
72,BRL,TOT_LOG_L,0.8862403999425642,0.8853229838130687,251,-0.8756265240031057
72,BRL,TOT_LOG_D,0.6733116999710762,0.6706771169063268,251,-1.3624887567537372
72,BRL,TOT_LOG_LD,0.905746911581779,0.9046021372285212,251,-0.975446521249186
72,BRL,TOT_DEV_L,0.8745897718812797,0.8735783990738707,251,-0.8976397581733825
72,BRL,TOT_DEV_D,0.6727866705716151,0.6701478533988056,251,-1.3614443472776714
72,BRL,TOT_DEV_LD,0.8958805364133062,0.8946159275438322,251,-1.0009104750538067
72,BRL,TOT_SLOG_L,0.8761209910993412,0.8751219668340133,251,-0.9007986949916698
72,BRL,TOT_SLOG_D,0.6732375375090764,0.6706023563599561,251,-1.363029910902196
72,BRL,TOT_SLOG_LD,0.8971697002655462,0.8959207492566257,251,-1.0043144155839199
72,BRL,COM_LOG_L,0.7299243303765315,0.7277463007827938,251,-0.9309165548925761
72,BRL,COM_LOG_D,0.6786403543161271,0.6760487442702894,251,-1.299056599044779
72,BRL,COM_LOG_LD,0.8063484286547627,0.8039963852781,251,-0.8054088007174105
72,BRL,COM_DEV_L,0.7260183722463049,0.7238088429902267,251,-0.937165251509383
72,BRL,COM_DEV_D,0.679693330623564,0.6771102123221411,251,-1.3006906131455391
72,BRL,COM_DEV_LD,0.8013201794296363,0.7989070642000368,251,-0.8158186727755459
72,BRL,COM_SLOG_L,0.7262634797787413,0.7240559271963118,251,-0.9348096993236923
72,BRL,COM_SLOG_D,0.6793652524937173,0.6767794884009246,251,-1.2998971174954668
72,BRL,COM_SLOG_LD,0.800923024790168,0.798505085820008,251,-0.8118914862119152
72,BRL,JOINT_LOG_LOG,0.9084915076387792,0.9066239873865094,251,-0.9262264260211969
72,BRL,JOINT_LOG_DEV,0.9078362464677507,0.9059553535385212,251,-0.9323257983896459
72,BRL,JOINT_LOG_SLOG,0.9077082402795332,0.9058247349791155,251,-0.9333661776547961
72,BRL,JOINT_DEV_LOG,0.9006598182997245,0.8986324676527802,251,-0.9329837394764187
72,BRL,JOINT_DEV_DEV,0.8997377861518371,0.8976916185222827,251,-0.939581139104136
72,BRL,JOINT_DEV_SLOG,0.8995355419707257,0.8974852469089037,251,-0.9403277648896663
72,BRL,JOINT_SLOG_LOG,0.9014852900309356,0.8994747857458526,251,-0.9391097827724897
72,BRL,JOINT_SLOG_DEV,0.9006028634575801,0.8985743504669185,251,-0.9458762019251705
72,BRL,JOINT_SLOG_SLOG,0.9004158498685936,0.8983835202740751,251,-0.946713440372266
72,EUR,EJR,0.6167369183804697,0.6151977092173391,251,-1.1268129259590476
72,EUR,TOT_LOG_L,0.6194466600931368,0.6163776815455008,251,-1.0945648686407872
72,EUR,TOT_LOG_D,0.6387785077268773,0.6358654311762876,251,-1.1455925116267782
72,EUR,TOT_LOG_LD,0.6603945077648422,0.6562697447012573,251,-1.0509720292547922
72,EUR,TOT_DEV_L,0.6192890338930997,0.6162187841664313,251,-1.095372508114016
72,EUR,TOT_DEV_D,0.6385396421962546,0.6356246393107405,251,-1.1455056200631246
72,EUR,TOT_DEV_LD,0.659549480451165,0.6554144538979403,251,-1.051722811282847
72,EUR,TOT_SLOG_L,0.6192176596122636,0.6161468342865561,251,-1.095845155485269
72,EUR,TOT_SLOG_D,0.6383298040474787,0.6354131089188293,251,-1.1461177810963594
72,EUR,TOT_SLOG_LD,0.6589857346592138,0.6548438609911071,251,-1.053627829452962
72,EUR,COM_LOG_L,0.6189540536824444,0.6158811025024641,251,-1.2290645888917813
72,EUR,COM_LOG_D,0.6370767185441053,0.634149917887203,251,-1.150737941404929
72,EUR,COM_LOG_LD,0.6376075159586796,0.6332059878124288,251,-1.0960416531536707
72,EUR,COM_DEV_L,0.6186804556847776,0.6156052980693323,251,-1.2231241471470047
72,EUR,COM_DEV_D,0.6366543871129566,0.6337241805574159,251,-1.1497187710468402
72,EUR,COM_DEV_LD,0.6372959436006522,0.6328906311747492,251,-1.0891942789743487
72,EUR,COM_SLOG_L,0.6187463442098411,0.6156717179534688,251,-1.2251712551327452
72,EUR,COM_SLOG_D,0.6367555501646125,0.6338261594401335,251,-1.1502280793008588
72,EUR,COM_SLOG_LD,0.6373142993292462,0.6329092098474152,251,-1.0937047685407817
72,EUR,JOINT_LOG_LOG,0.6795730956594781,0.6730337710811001,251,-1.0208918657543076
72,EUR,JOINT_LOG_DEV,0.6790170715424186,0.6724663995330802,251,-1.017920397300692
72,EUR,JOINT_LOG_SLOG,0.6791586098026503,0.672610826329235,251,-1.0202668231464658
72,EUR,JOINT_DEV_LOG,0.6789696010824098,0.6724179602881732,251,-1.0217603097764123
72,EUR,JOINT_DEV_DEV,0.6784130388854486,0.6718500396790292,251,-1.0186467979568947
72,EUR,JOINT_DEV_SLOG,0.6785562248856453,0.6719961478424952,251,-1.0209994513966247
72,EUR,JOINT_SLOG_LOG,0.6783919179219765,0.6718284876754863,251,-1.0224662567339253
72,EUR,JOINT_SLOG_DEV,0.6778362891255155,0.6712615195158322,251,-1.019348814879486
72,EUR,JOINT_SLOG_SLOG,0.6779789981134943,0.6714071409321369,251,-1.0217000250313728
72,CAD,EJR,0.5876006619494553,0.5859444397082885,251,-1.181788978596832
72,CAD,TOT_LOG_L,0.7952311157144188,0.7935797537443738,251,-0.6708967833294432
72,CAD,TOT_LOG_D,0.6126632648088874,0.609539581460572,251,-1.2107413127613176
72,CAD,TOT_LOG_LD,0.8557470235254001,0.8539949630823888,251,-0.6652345686215352
72,CAD,TOT_DEV_L,0.7939921296851968,0.7923307758923355,251,-0.677522821270481
72,CAD,TOT_DEV_D,0.6131002674780106,0.6099801083447687,251,-1.2136714202024295
72,CAD,TOT_DEV_LD,0.8544938989881141,0.8527266184090224,251,-0.6772141122099865
72,CAD,TOT_SLOG_L,0.7939097763599691,0.7922477584273881,251,-0.6802919018018335
72,CAD,TOT_SLOG_D,0.6130078846710972,0.609886980515219,251,-1.2147053686005966
72,CAD,TOT_SLOG_LD,0.854160532887689,0.8523892033276205,251,-0.6820669355460544
72,CAD,COM_LOG_L,0.5901118947256033,0.5868063454895195,251,-1.349383652651505
72,CAD,COM_LOG_D,0.607591069727037,0.6044264815796745,251,-1.2082312980611531
72,CAD,COM_LOG_LD,0.6093439952937426,0.6045991855199824,251,-1.0401157491666368
72,CAD,COM_DEV_L,0.5904773277403894,0.5871747255447474,251,-1.3585494350377842
72,CAD,COM_DEV_D,0.6075094678108968,0.6043442215835653,251,-1.2092225351801944
72,CAD,COM_DEV_LD,0.6088834942975074,0.6041330913942382,251,-1.062954197247267
72,CAD,COM_SLOG_L,0.591084676518027,0.5877869722963982,251,-1.379374487843769
72,CAD,COM_SLOG_D,0.6080557016486821,0.6048948605329456,251,-1.2097505003744151
72,CAD,COM_SLOG_LD,0.6090289847665815,0.6042803489540298,251,-1.0849707196240557
72,CAD,JOINT_LOG_LOG,0.8568976353830421,0.8539771789622879,251,-0.7488524288123377
72,CAD,JOINT_LOG_DEV,0.8571077659191775,0.8541915978767117,251,-0.7631861902397418
72,CAD,JOINT_LOG_SLOG,0.8572003692854319,0.8542860911075836,251,-0.7710809178644867
72,CAD,JOINT_DEV_LOG,0.8554030176931633,0.8524520588705748,251,-0.7466865222564035
72,CAD,JOINT_DEV_DEV,0.8555702776149016,0.8526227322601037,251,-0.7606142431726557
72,CAD,JOINT_DEV_SLOG,0.8556580935007942,0.8527123403069329,251,-0.7689789076428061
72,CAD,JOINT_SLOG_LOG,0.8551226355072542,0.852165954599239,251,-0.7467583233226348
72,CAD,JOINT_SLOG_DEV,0.8552775605978377,0.852324041426365,251,-0.7603622495811473
72,CAD,JOINT_SLOG_SLOG,0.8553630443220037,0.8524112697163303,251,-0.7688332933116492
84,BRL,EJR,0.7724815200289269,0.771521526442551,239,-1.538376084453508
84,BRL,TOT_LOG_L,0.9163612435240819,0.9156524405030995,239,-1.1334605756918583
84,BRL,TOT_LOG_D,0.7782451527003446,0.7763658743333983,239,-1.6078030655270696
84,BRL,TOT_LOG_LD,0.9226035195274742,0.9216154793512292,239,-1.205028872242285
84,BRL,TOT_DEV_L,0.9117792461454779,0.9110316126382362,239,-1.1549395011711263
84,BRL,TOT_DEV_D,0.7776342662816441,0.7757498109111496,239,-1.604365823939981
84,BRL,TOT_DEV_LD,0.918891392274629,0.9178559632398371,239,-1.2296066200284497
84,BRL,TOT_SLOG_L,0.9112171102100117,0.9104647128389102,239,-1.1587274835554606
84,BRL,TOT_SLOG_D,0.7779116830646623,0.7760295786838544,239,-1.6062393006564109
84,BRL,TOT_SLOG_LD,0.9181399168185538,0.9170948944800672,239,-1.2332164050644825
84,BRL,COM_LOG_L,0.8250167174980313,0.8235338083242858,239,-1.1291999877561216
84,BRL,COM_LOG_D,0.7872976879023995,0.7854951259354707,239,-1.5723569041392793
84,BRL,COM_LOG_LD,0.8773524367619875,0.8757867231887363,239,-1.0262733487348048
84,BRL,COM_DEV_L,0.8219890665069021,0.8204804992739096,239,-1.1368238703397588
84,BRL,COM_DEV_D,0.7879101220528122,0.7861127502058021,239,-1.5740172533569448
84,BRL,COM_DEV_LD,0.8731498780040818,0.8715305147445594,239,-1.038590001896263
84,BRL,COM_SLOG_L,0.8222839278068514,0.820777859398435,239,-1.1324126667833425
84,BRL,COM_SLOG_D,0.7876764876086835,0.7858771358087571,239,-1.5732498236232082
84,BRL,COM_SLOG_LD,0.8729751422789701,0.8713535483506165,239,-1.0327269835860915
84,BRL,JOINT_LOG_LOG,0.9285764434020078,0.9270437490544114,239,-1.1055910335357222
84,BRL,JOINT_LOG_DEV,0.9275618706476475,0.9260074043525326,239,-1.113434006000723
84,BRL,JOINT_LOG_SLOG,0.9274368271019592,0.925879677468954,239,-1.1126936735536497
84,BRL,JOINT_DEV_LOG,0.9260420284743188,0.9244549475402913,239,-1.117126320995476
84,BRL,JOINT_DEV_DEV,0.9248868670959001,0.9232749972910911,239,-1.1257162989663467
84,BRL,JOINT_DEV_SLOG,0.924731843168567,0.9231166466700385,239,-1.1248461619248382
84,BRL,JOINT_SLOG_LOG,0.9252567523434528,0.923652819990308,239,-1.1205339862065238
84,BRL,JOINT_SLOG_DEV,0.9240889182775994,0.9224599251075908,239,-1.129321119962446
84,BRL,JOINT_SLOG_SLOG,0.9239363836692264,0.92230411722436,239,-1.1284282593844164
84,EUR,EJR,0.6929206483554446,0.69162495488859,239,-1.292361484348249
84,EUR,TOT_LOG_L,0.7147502951498597,0.7123329247697737,239,-1.1993473141935536
84,EUR,TOT_LOG_D,0.6972883825600886,0.6947230298699199,239,-1.3035320878153824
84,EUR,TOT_LOG_LD,0.7436559605306876,0.7403834834310794,239,-1.166470975839072
84,EUR,TOT_DEV_L,0.7145335028380131,0.7121142952349454,239,-1.19933943278483
84,EUR,TOT_DEV_D,0.6972210215824198,0.6946550980365082,239,-1.3034884136323996
84,EUR,TOT_DEV_LD,0.743172626890913,0.7398939795746268,239,-1.1662677173063285
84,EUR,TOT_SLOG_L,0.714525485459802,0.7121062099128511,239,-1.199473813657676
84,EUR,TOT_SLOG_D,0.6971987181388686,0.6946326055807234,239,-1.3038279939445743
84,EUR,TOT_SLOG_LD,0.7431450193314995,0.7398660195782846,239,-1.1675413094607634
84,EUR,COM_LOG_L,0.6941718839859545,0.6915801202909202,239,-1.3769104963767722
84,EUR,COM_LOG_D,0.7362577860036114,0.7340226824951674,239,-1.321270897285264
84,EUR,COM_LOG_LD,0.740307631006974,0.7369924092751482,239,-1.1559014234045495
84,EUR,COM_DEV_L,0.694283765950039,0.6916929504072428,239,-1.3815151230875575
84,EUR,COM_DEV_D,0.7361329046303116,0.7338967428051447,239,-1.3201269681696723
84,EUR,COM_DEV_LD,0.739871226723854,0.7365504338735201,239,-1.1595964666672385
84,EUR,COM_SLOG_L,0.6944311312001825,0.6918415645154383,239,-1.3865504672885893
84,EUR,COM_SLOG_D,0.7365216100047001,0.7342887422928754,239,-1.3208566211225425
84,EUR,COM_SLOG_LD,0.7398428800194478,0.7365217252962918,239,-1.1695672634170171
84,EUR,JOINT_LOG_LOG,0.7748551954250893,0.7700237618505203,239,-1.0510881920946185
84,EUR,JOINT_LOG_DEV,0.7741561295579514,0.7693096945699246,239,-1.056528703740991
84,EUR,JOINT_LOG_SLOG,0.7741345387936029,0.7692876404844529,239,-1.0645841300516654
84,EUR,JOINT_DEV_LOG,0.774571757148288,0.7697342412072641,239,-1.0505304939597617
84,EUR,JOINT_DEV_DEV,0.7738739057250352,0.769021414431581,239,-1.055817315686846
84,EUR,JOINT_DEV_SLOG,0.7738533292350132,0.7690003963859791,239,-1.0638660027333118
84,EUR,JOINT_SLOG_LOG,0.7744523983726292,0.7696123210844883,239,-1.050209803969872
84,EUR,JOINT_SLOG_DEV,0.7737499906449283,0.7688948402295834,239,-1.0554806980222067
84,EUR,JOINT_SLOG_SLOG,0.7737266364153825,0.7688709848363136,239,-1.0635151640193208
84,CAD,EJR,0.6377726949594815,0.636244309706146,239,-1.3099976221458685
84,CAD,TOT_LOG_L,0.8495723752833285,0.8482975649043737,239,-0.7193394208472437
84,CAD,TOT_LOG_D,0.6486047634056522,0.6456268376718017,239,-1.3325823400320214
84,CAD,TOT_LOG_LD,0.8837987304950419,0.8823153100332765,239,-0.719118747391057
84,CAD,TOT_DEV_L,0.8452436454538561,0.843932150923804,239,-0.7334904822966515
84,CAD,TOT_DEV_D,0.6487725661813528,0.6457960625049236,239,-1.334595865059286
84,CAD,TOT_DEV_LD,0.8791565075982448,0.8776138247165203,239,-0.737516698825824
84,CAD,TOT_SLOG_L,0.8442593154838656,0.8429394791744068,239,-0.7380225675634772
84,CAD,TOT_SLOG_D,0.6486025910109741,0.6456246468669993,239,-1.335204580013036
84,CAD,TOT_SLOG_LD,0.8776906337074472,0.8761292375420103,239,-0.7438050048470747
84,CAD,COM_LOG_L,0.6409498892912608,0.6379070917428817,239,-1.51189685861611
84,CAD,COM_LOG_D,0.6908061188754888,0.6881858317473151,239,-1.3453919186142629
84,CAD,COM_LOG_LD,0.699692638699933,0.695858927704613,239,-0.9416668457986079
84,CAD,COM_DEV_L,0.6403699156335356,0.6373222030541588,239,-1.4891604141768262
84,CAD,COM_DEV_D,0.6906492293920297,0.6880276126919621,239,-1.3470012703410856
84,CAD,COM_DEV_LD,0.7007290121071257,0.6969085314106209,239,-0.925943501114652
84,CAD,COM_SLOG_L,0.6407747794270939,0.637730497896815,239,-1.5057554521615608
84,CAD,COM_SLOG_D,0.6914397797344757,0.6888248626135813,239,-1.347398573963404
84,CAD,COM_SLOG_LD,0.7005945899354902,0.6967723932112624,239,-0.9405734695861486
84,CAD,JOINT_LOG_LOG,0.8897708699325793,0.8874054379568835,239,-0.6688914508688198
84,CAD,JOINT_LOG_DEV,0.8903514849961702,0.8879985125711953,239,-0.6381304644669489
84,CAD,JOINT_LOG_SLOG,0.8903120831324749,0.8879582651739443,239,-0.6429964137393267
84,CAD,JOINT_DEV_LOG,0.8857846646022816,0.8833336917396696,239,-0.6694937628801697
84,CAD,JOINT_DEV_DEV,0.8864514188337057,0.884014754001811,239,-0.638827567064187
84,CAD,JOINT_DEV_SLOG,0.886393976774553,0.8839560792804447,239,-0.6440765875317748
84,CAD,JOINT_SLOG_LOG,0.8841556553594613,0.8816697252169604,239,-0.6706084332827695
84,CAD,JOINT_SLOG_DEV,0.8848420925327295,0.8823708928016722,239,-0.6398393200433776
84,CAD,JOINT_SLOG_SLOG,0.8847786927390386,0.8823061324973871,239,-0.6451822011993157
96,BRL,EJR,0.8702023833435385,0.8696255050472875,227,-1.7287357762650573
96,BRL,TOT_LOG_L,0.9420299593112816,0.9415123696622753,227,-1.4156912718336574
96,BRL,TOT_LOG_D,0.8721920579588399,0.8710509156191867,227,-1.77420002052853
96,BRL,TOT_LOG_LD,0.943410672216506,0.9426493808113469,227,-1.4547879790445692
96,BRL,TOT_DEV_L,0.9413177726507131,0.9407938241922373,227,-1.4302249953303194
96,BRL,TOT_DEV_D,0.871602545254241,0.8704561394082967,227,-1.7670116133119982
96,BRL,TOT_DEV_LD,0.9427663024483968,0.9419963423916488,227,-1.4690540835474017
96,BRL,TOT_SLOG_L,0.9411623225217585,0.9406369861157028,227,-1.4325017412308638
96,BRL,TOT_SLOG_D,0.8717945453434637,0.8706498537840304,227,-1.7696900738566377
96,BRL,TOT_SLOG_LD,0.9425971666058481,0.941824931179021,227,-1.4717012657381612
96,BRL,COM_LOG_L,0.9056512210784291,0.9048088212666293,227,-1.366974766339647
96,BRL,COM_LOG_D,0.8727179096018833,0.8715814623661858,227,-1.74338724475699
96,BRL,COM_LOG_LD,0.9237851500246723,0.9227598381415961,227,-1.2995806174067719
96,BRL,COM_DEV_L,0.905115936654309,0.9042687575172939,227,-1.3663547899745114
96,BRL,COM_DEV_D,0.8729508295883084,0.8718164619953468,227,-1.7444497893460367
96,BRL,COM_DEV_LD,0.9232238503176837,0.9221909873174732,227,-1.3014092887753599
96,BRL,COM_SLOG_L,0.9056655096282971,0.9048232373928354,227,-1.3606183039582471
96,BRL,COM_SLOG_D,0.8728700945076671,0.8717350060657713,227,-1.7439965191550886
96,BRL,COM_SLOG_LD,0.9236383537049602,0.9226110669835023,227,-1.2947597674374862
96,BRL,JOINT_LOG_LOG,0.9495479006196715,0.9484064504074469,227,-1.353254820596075
96,BRL,JOINT_LOG_DEV,0.9495281623605419,0.9483862655813686,227,-1.3518525644141044
96,BRL,JOINT_LOG_SLOG,0.9496672172668698,0.9485284665263012,227,-1.3493081176420474
96,BRL,JOINT_DEV_LOG,0.9490040866474572,0.9478503329516983,227,-1.363113959506627
96,BRL,JOINT_DEV_DEV,0.9489669661524456,0.9478123726264828,227,-1.361890974121663
96,BRL,JOINT_DEV_SLOG,0.949102319890052,0.947950788665845,227,-1.3593073137940659
96,BRL,JOINT_SLOG_LOG,0.9487968169773615,0.9476383739225507,227,-1.3659067419634219
96,BRL,JOINT_SLOG_DEV,0.9487566079875612,0.9475972552270988,227,-1.3647439121003646
96,BRL,JOINT_SLOG_SLOG,0.9488934020432576,0.947737144170933,227,-1.3621335896635975
96,EUR,EJR,0.7549064332238598,0.7538171284826325,227,-1.403547888523285
96,EUR,TOT_LOG_L,0.7842423566338859,0.7823159491038313,227,-1.3001838110218882
96,EUR,TOT_LOG_D,0.7565490779517853,0.7543754090049262,227,-1.4111498026468854
96,EUR,TOT_LOG_LD,0.8107894100296267,0.8082439760838369,227,-1.2713450838358802
96,EUR,TOT_DEV_L,0.7841173269363889,0.7821898030697495,227,-1.2998348447733
96,EUR,TOT_DEV_D,0.7565621351854366,0.7543885828210208,227,-1.4112246561413422
96,EUR,TOT_DEV_LD,0.8108197781865166,0.8082747527809541,227,-1.2705412879578766
96,EUR,TOT_SLOG_L,0.7841088866675319,0.7821812874413492,227,-1.3000067298170979
96,EUR,TOT_SLOG_D,0.7565534360715747,0.7543798060364995,227,-1.4114551458605114
96,EUR,TOT_SLOG_LD,0.8108750513982147,0.8083307695784597,227,-1.2718519553898493
96,EUR,COM_LOG_L,0.7585379898032706,0.7563820789979426,227,-1.2559024644096515
96,EUR,COM_LOG_D,0.7858575633456509,0.7839455773040942,227,-1.4281007974757502
96,EUR,COM_LOG_LD,0.8097136596217032,0.8071537536973314,227,-1.0164356278922493
96,EUR,COM_DEV_L,0.7585461293878745,0.7563902912574091,227,-1.2541605196394987
96,EUR,COM_DEV_D,0.7854061465137252,0.7834901299647405,227,-1.4270976082037519
96,EUR,COM_DEV_LD,0.8088817447440872,0.8063106471397476,227,-1.0143948895987531
96,EUR,COM_SLOG_L,0.7584475987970526,0.7562908809291691,227,-1.255692395057471
96,EUR,COM_SLOG_D,0.7858428813663023,0.7839307642356443,227,-1.4277528574950358
96,EUR,COM_SLOG_LD,0.8086466681621616,0.8060724080925943,227,-1.0211336134842643
96,EUR,JOINT_LOG_LOG,0.8482010525648134,0.8447666872382255,227,-0.9071662905315182
96,EUR,JOINT_LOG_DEV,0.8471906854462141,0.8437334611350424,227,-0.9071550653127548
96,EUR,JOINT_LOG_SLOG,0.8470732979573533,0.8436134178206418,227,-0.9112692545735227
96,EUR,JOINT_DEV_LOG,0.8484090861973523,0.8449794275140345,227,-0.9053824393086147
96,EUR,JOINT_DEV_DEV,0.8474089247931015,0.8439566380237147,227,-0.9051939482389719
96,EUR,JOINT_DEV_SLOG,0.8472955909927115,0.8438407401101936,227,-0.9092721116146877
96,EUR,JOINT_SLOG_LOG,0.8485152714245923,0.8450880151219813,227,-0.9046258864073978
96,EUR,JOINT_SLOG_DEV,0.8475130149440195,0.8440630831554227,227,-0.9044184088577867
96,EUR,JOINT_SLOG_SLOG,0.847400500247525,0.8439480228775595,227,-0.9084586307862709
96,CAD,EJR,0.7225965345129067,0.721363630221853,227,-1.483639976276727
96,CAD,TOT_LOG_L,0.872778109775707,0.8716422000415616,227,-0.9317492970035932
96,CAD,TOT_LOG_D,0.7381254987370487,0.7357873335472009,227,-1.5166338929006746
96,CAD,TOT_LOG_LD,0.906364909265748,0.9051052443679778,227,-0.9422116236642166
96,CAD,TOT_DEV_L,0.8693263918611416,0.8681596632170446,227,-0.9478340399402059
96,CAD,TOT_DEV_D,0.738478664638337,0.736143652715465,227,-1.5194201962575604
96,CAD,TOT_DEV_LD,0.9030218105156208,0.9017171711952031,227,-0.9628434429111351
96,CAD,TOT_SLOG_L,0.869064005402331,0.8678949340219946,227,-0.9518150900652125
96,CAD,TOT_SLOG_D,0.738345563417399,0.7360093630907687,227,-1.5203464979871697
96,CAD,TOT_SLOG_LD,0.9024232823585874,0.9011105910898688,227,-0.968782433947383
96,CAD,COM_LOG_L,0.7231975576023981,0.7207261072238481,227,-1.3904825359845974
96,CAD,COM_LOG_D,0.7503521113574617,0.7481231123517248,227,-1.5093933202589938
96,CAD,COM_LOG_LD,0.7727324076664073,0.76967499611035,227,-0.826516508406438
96,CAD,COM_DEV_L,0.723146833706939,0.7206749304364652,227,-1.3963056900913653
96,CAD,COM_DEV_D,0.7502194853775085,0.7479893022112363,227,-1.5103725499307101
96,CAD,COM_DEV_LD,0.7720221349037724,0.7689551681087559,227,-0.8515993026313624
96,CAD,COM_SLOG_L,0.723025826911954,0.7205528432236679,227,-1.4052798859435125
96,CAD,COM_SLOG_D,0.7505663499413711,0.7483392637801334,227,-1.5105749158260375
96,CAD,COM_SLOG_LD,0.7712666369740986,0.7681895065298039,227,-0.8601399950278321
96,CAD,JOINT_LOG_LOG,0.916886674447664,0.9150062824668419,227,-0.5534427996034382
96,CAD,JOINT_LOG_DEV,0.9167542743107981,0.9148708868517664,227,-0.5653177249697373
96,CAD,JOINT_LOG_SLOG,0.9166022408196481,0.914715413688871,227,-0.565277219984945
96,CAD,JOINT_DEV_LOG,0.9144383723132552,0.9125025888814284,227,-0.5601793412825818
96,CAD,JOINT_DEV_DEV,0.9143163673138077,0.9123778235878758,227,-0.5720155623768727
96,CAD,JOINT_DEV_SLOG,0.9141487439094657,0.9122064077988201,227,-0.5721783908002234
96,CAD,JOINT_SLOG_LOG,0.9138506632571436,0.9119015832403369,227,-0.5619674733750455
96,CAD,JOINT_SLOG_DEV,0.9137377684221395,0.9117861342235454,227,-0.5736106129849234
96,CAD,JOINT_SLOG_SLOG,0.9135655609842092,0.9116100306897342,227,-0.5738102264871522
