,EJR_rank,EJR_size,EJR_gate,Size_structure,Gate_price,Cohort_base,Cohort_long,Cohort_risk,Integrated_cohort,All_filters,Commodity_blend,Equal_modules,Core_satellite,Two_modules
EJR_rank,1.0,0.26704374621350135,0.4400942317202726,0.22492195977755103,0.5140332083135541,0.0843712740765539,0.041023163968748534,0.34417198545423466,0.3009572483583871,0.41934599383891524,0.29071589214762533,0.4019427874279213,0.4020008524372613,0.4165490180364173
EJR_size,0.26704374621350135,1.0,0.2873390918362693,0.2698179954869736,0.27402636696659893,-0.09333761865901612,-0.13338896932762553,0.12161331878241616,0.12537602493500863,0.31308225028298714,0.8836083987106165,0.2439997336324951,0.24424505845606753,0.2921424045509348
EJR_gate,0.4400942317202726,0.2873390918362693,1.0,0.7564225680233668,0.9412596875982255,0.5145742649047362,0.25446775045537784,0.8339132950560313,0.8255281849128558,0.7615470348780576,0.412269153134279,0.9138092491165221,0.9138187321703254,0.9238380454707452
Size_structure,0.22492195977755103,0.2698179954869736,0.7564225680233668,1.0,0.7317488796306775,0.5705266047430293,0.23311642162385926,0.8641087502627278,0.9188897396808112,0.8780810560325855,0.3572402209781767,0.9142208212402941,0.9142569613041405,0.9107820918518503
Gate_price,0.5140332083135541,0.27402636696659893,0.9412596875982255,0.7317488796306775,1.0,0.4983742586933849,0.2590516445336851,0.8342366266198868,0.8246242901446282,0.8469727652585394,0.40481448307656526,0.930807256258483,0.9308120996113374,0.9478771690588195
Cohort_base,0.0843712740765539,-0.09333761865901612,0.5145742649047362,0.5705266047430293,0.4983742586933849,1.0,0.7476179591882558,0.6550845105994095,0.609850843769553,0.5279701083209483,-0.010678236947695435,0.6074090363136485,0.6073542469897322,0.5686434697465177
Cohort_long,0.041023163968748534,-0.13338896932762553,0.25446775045537784,0.23311642162385926,0.2590516445336851,0.7476179591882558,1.0,0.3715553305078632,0.35101046138402225,0.2413667210125633,-0.0744002018615723,0.304719327860733,0.30463248491928413,0.2659276264176424
Cohort_risk,0.34417198545423466,0.12161331878241616,0.8339132950560313,0.8641087502627278,0.8342366266198868,0.6550845105994095,0.3715553305078632,1.0,0.9369066375651489,0.8178324360445406,0.2580839622066851,0.956262000755812,0.9562164972598165,0.9093473384476142
Integrated_cohort,0.3009572483583871,0.12537602493500863,0.8255281849128558,0.9188897396808112,0.8246242901446282,0.609850843769553,0.35101046138402225,0.9369066375651489,1.0,0.8554052924193262,0.2866169554846153,0.9501834384653233,0.9501661300929738,0.9291308848320724
All_filters,0.41934599383891524,0.31308225028298714,0.7615470348780576,0.8780810560325855,0.8469727652585394,0.5279701083209483,0.2413667210125633,0.8178324360445406,0.8554052924193262,1.0,0.40398523919624824,0.9085612633406726,0.9085956313205563,0.9235808860748196
Commodity_blend,0.29071589214762533,0.8836083987106165,0.412269153134279,0.3572402209781767,0.40481448307656526,-0.010678236947695435,-0.0744002018615723,0.2580839622066851,0.2866169554846153,0.40398523919624824,1.0,0.3716718222665698,0.37184209954208003,0.4122422466437556
Equal_modules,0.4019427874279213,0.2439997336324951,0.9138092491165221,0.9142208212402941,0.930807256258483,0.6074090363136485,0.304719327860733,0.956262000755812,0.9501834384653233,0.9085612633406726,0.3716718222665698,1.0,0.9999997870609959,0.9912697722303881
Core_satellite,0.4020008524372613,0.24424505845606753,0.9138187321703254,0.9142569613041405,0.9308120996113374,0.6073542469897322,0.30463248491928413,0.9562164972598165,0.9501661300929738,0.9085956313205563,0.37184209954208003,0.9999997870609959,1.0,0.9912896942133518
Two_modules,0.4165490180364173,0.2921424045509348,0.9238380454707452,0.9107820918518503,0.9478771690588195,0.5686434697465177,0.2659276264176424,0.9093473384476142,0.9291308848320724,0.9235808860748196,0.4122422466437556,0.9912697722303881,0.9912896942133518,1.0
