window,name,component,annual
long,Cash,FX,0
long,Cash,Interest,0
long,Cash,Interaction,0
long,Cash,Borrow,0
long,Cash,Trading,0
long,Cash,BRL,0
long,Cash,EUR,0
long,Cash,JPY,0
long,Cash,GBP,0
long,Cash,CAD,0
long,Cash,SEK,0
long,Carry,FX,0.000769274025
long,Carry,Interest,0.02763518657
long,Carry,Interaction,-8.443682591e-05
long,Carry,Borrow,-0.002492765196
long,Carry,Trading,-0.0003175769546
long,Carry,BRL,0.004353301345
long,Carry,EUR,0.004654709011
long,Carry,JPY,0.01354789574
long,Carry,GBP,0.0009621092091
long,Carry,CAD,-0.002034231976
long,Carry,SEK,0.004343475245
long,EJR_rank,FX,-0.004499112933
long,EJR_rank,Interest,0.01859780578
long,EJR_rank,Interaction,-6.280442665e-05
long,EJR_rank,Borrow,-0.002493824326
long,EJR_rank,Trading,-0.0005937356278
long,EJR_rank,BRL,0.005997983759
long,EJR_rank,EUR,0.003487011901
long,EJR_rank,JPY,-0.00947480802
long,EJR_rank,GBP,0.002578426392
long,EJR_rank,CAD,0.006379233172
long,EJR_rank,SEK,0.002574216893
long,EJR_size,FX,0.00458889275
long,EJR_size,Interest,0.02630626144
long,EJR_size,Interaction,-5.700309798e-05
long,EJR_size,Borrow,-0.002346151409
long,EJR_size,Trading,-0.0003947368167
long,EJR_size,BRL,0.007753121072
long,EJR_size,EUR,0.004842758788
long,EJR_size,JPY,0.01274423975
long,EJR_size,GBP,0.0008110555999
long,EJR_size,CAD,-0.002023633553
long,EJR_size,SEK,0.004364458022
long,EJR_gate,FX,0.01541107243
long,EJR_gate,Interest,0.01116194457
long,EJR_gate,Interaction,4.608458475e-05
long,EJR_gate,Borrow,-0.0008907276692
long,EJR_gate,Trading,-0.0003929097562
long,EJR_gate,BRL,0.01298791634
long,EJR_gate,EUR,0.002115083844
long,EJR_gate,JPY,0.008866884973
long,EJR_gate,GBP,-0.001189386398
long,EJR_gate,CAD,0.001686243993
long,EJR_gate,SEK,0.001261631162
long,Size_structure,FX,0.01290693317
long,Size_structure,Interest,0.02027847649
long,Size_structure,Interaction,-1.27513149e-05
long,Size_structure,Borrow,-0.001634944095
long,Size_structure,Trading,-0.0003679371979
long,Size_structure,BRL,0.01407674166
long,Size_structure,EUR,0.00379693496
long,Size_structure,JPY,0.01211175769
long,Size_structure,GBP,-0.0002997265135
long,Size_structure,CAD,-0.0009773976941
long,Size_structure,SEK,0.002829404141
long,Gate_price,FX,0.01351676099
long,Gate_price,Interest,0.006135809883
long,Gate_price,Interaction,4.287380158e-05
long,Gate_price,Borrow,-0.000506623721
long,Gate_price,Trading,-0.0004409705123
long,Gate_price,BRL,0.01034385955
long,Gate_price,EUR,0.001735208244
long,Gate_price,JPY,0.005967662258
long,Gate_price,GBP,-0.0003333798571
long,Gate_price,CAD,0.001666940092
long,Gate_price,SEK,-0.000191469335
long,Cohort_long,FX,-0.002079564696
long,Cohort_long,Interest,0.02678122794
long,Cohort_long,Interaction,-7.647082681e-05
long,Cohort_long,Borrow,-0.002408821615
long,Cohort_long,Trading,-0.0002234385566
long,Cohort_long,BRL,0.005737591428
long,Cohort_long,EUR,0.004518192886
long,Cohort_long,JPY,0.0131417365
long,Cohort_long,GBP,0.001288510872
long,Cohort_long,CAD,-0.002908669414
long,Cohort_long,SEK,0.0004390085315
long,Commodity_blend,FX,0.002917408853
long,Commodity_blend,Interest,0.02235522013
long,Commodity_blend,Interaction,-9.59229163e-06
long,Commodity_blend,Borrow,-0.001977717515
long,Commodity_blend,Trading,-0.0004491028576
long,Commodity_blend,BRL,0.009852875329
long,Commodity_blend,EUR,0.001738854481
long,Commodity_blend,JPY,0.008821963357
long,Commodity_blend,GBP,0.0007826842881
long,Commodity_blend,CAD,0.0001223281819
long,Commodity_blend,SEK,0.001966613542
long,Two_modules,FX,0.01321184708
long,Two_modules,Interest,0.01320714318
long,Two_modules,Interaction,1.506124334e-05
long,Two_modules,Borrow,-0.001070783908
long,Two_modules,Trading,-0.0004006419416
long,Two_modules,BRL,0.01221030061
long,Two_modules,EUR,0.002766071602
long,Two_modules,JPY,0.009039709973
long,Two_modules,GBP,-0.0003165531853
long,Two_modules,CAD,0.0003447711987
long,Two_modules,SEK,0.001318967403
common,Cash,FX,0
common,Cash,Interest,0
common,Cash,Interaction,0
common,Cash,Borrow,0
common,Cash,Trading,0
common,Cash,BRL,0
common,Cash,EUR,0
common,Cash,JPY,0
common,Cash,GBP,0
common,Cash,CAD,0
common,Cash,SEK,0
common,Carry,FX,0.007407389821
common,Carry,Interest,0.0261915404
common,Carry,Interaction,-2.421061694e-05
common,Carry,Borrow,-0.002493251945
common,Carry,Trading,-0.0004042623559
common,Carry,BRL,0.005119849125
common,Carry,EUR,0.00583337082
common,Carry,JPY,0.01474280832
common,Carry,GBP,0.001543185068
common,Carry,CAD,5.572411008e-05
common,Carry,SEK,0.003786530208
common,EJR_rank,FX,-0.01269449881
common,EJR_rank,Interest,0.01489668483
common,EJR_rank,Interaction,-2.161066974e-05
common,EJR_rank,Borrow,-0.002496944743
common,EJR_rank,Trading,-0.0006311954248
common,EJR_rank,BRL,0.005119849125
common,EJR_rank,EUR,0.003971684996
common,EJR_rank,JPY,-0.01644563298
common,EJR_rank,GBP,0.001458710894
common,EJR_rank,CAD,0.002647099645
common,EJR_rank,SEK,0.002931918939
common,EJR_size,FX,0.009646396535
common,EJR_size,Interest,0.02526069258
common,EJR_size,Interaction,-1.009801044e-05
common,EJR_size,Borrow,-0.002399861882
common,EJR_size,Trading,-0.000532254856
common,EJR_size,BRL,0.006888078892
common,EJR_size,EUR,0.005722873996
common,EJR_size,JPY,0.01523246183
common,EJR_size,GBP,0.001300901061
common,EJR_size,CAD,4.286186222e-05
common,EJR_size,SEK,0.003309951586
common,EJR_gate,FX,0.02156235285
common,EJR_gate,Interest,0.01070196527
common,EJR_gate,Interaction,6.632739275e-05
common,EJR_gate,Borrow,-0.0009353190253
common,EJR_gate,Trading,-0.0005020901165
common,EJR_gate,BRL,0.01355050133
common,EJR_gate,EUR,0.00182377937
common,EJR_gate,JPY,0.01422213233
common,EJR_gate,GBP,-0.001907728678
common,EJR_gate,CAD,0.004341683369
common,EJR_gate,SEK,-0.0006350412268
common,Size_structure,FX,0.01822440555
common,Size_structure,Interest,0.01695455697
common,Size_structure,Interaction,4.065837591e-05
common,Size_structure,Borrow,-0.001333869548
common,Size_structure,Trading,-0.0003179101026
common,Size_structure,BRL,0.01562255961
common,Size_structure,EUR,0.00381651583
common,Size_structure,JPY,0.01421798565
common,Size_structure,GBP,-0.0004807494573
common,Size_structure,CAD,0.001436831005
common,Size_structure,SEK,-0.000727391282
common,Gate_price,FX,0.0193217362
common,Gate_price,Interest,0.008037497966
common,Gate_price,Interaction,6.049722569e-05
common,Gate_price,Borrow,-0.0006771756638
common,Gate_price,Trading,-0.0005241668422
common,Gate_price,BRL,0.01418022873
common,Gate_price,EUR,0.001295305958
common,Gate_price,JPY,0.009571893919
common,Gate_price,GBP,-0.0005347280877
common,Gate_price,CAD,0.002864896431
common,Gate_price,SEK,-0.0006350412268
common,Cohort_base,FX,0.005490621862
common,Cohort_base,Interest,0.02490789282
common,Cohort_base,Interaction,-1.150328165e-05
common,Cohort_base,Borrow,-0.002359342062
common,Cohort_base,Trading,-0.0002523713142
common,Cohort_base,BRL,0.007883288909
common,Cohort_base,EUR,0.003259912128
common,Cohort_base,JPY,0.01553313349
common,Cohort_base,GBP,0.002066720409
common,Cohort_base,CAD,-0.0004001339722
common,Cohort_base,SEK,-0.0003152516266
common,Cohort_long,FX,0.005217584458
common,Cohort_long,Interest,0.02607828691
common,Cohort_long,Interaction,-3.105560227e-05
common,Cohort_long,Borrow,-0.002494003553
common,Cohort_long,Trading,-0.0002688569382
common,Cohort_long,BRL,0.005119849125
common,Cohort_long,EUR,0.005153253935
common,Cohort_long,JPY,0.01553313349
common,Cohort_long,GBP,0.002066720409
common,Cohort_long,CAD,-0.0009188718124
common,Cohort_long,SEK,0.001816727062
common,Cohort_risk,FX,0.0169391609
common,Cohort_risk,Interest,0.02002402216
common,Cohort_risk,Interaction,3.20261384e-05
common,Cohort_risk,Borrow,-0.001577620977
common,Cohort_risk,Trading,-0.0003006246002
common,Cohort_risk,BRL,0.01519797697
common,Cohort_risk,EUR,0.002240506594
common,Cohort_risk,JPY,0.01413421798
common,Cohort_risk,GBP,0.002592913967
common,Cohort_risk,CAD,0.00163555983
common,Cohort_risk,SEK,-0.0003835871304
common,Integrated_cohort,FX,0.0157210819
common,Integrated_cohort,Interest,0.01524001077
common,Integrated_cohort,Interaction,2.742848492e-05
common,Integrated_cohort,Borrow,-0.0009755656535
common,Integrated_cohort,Trading,-0.0001756447399
common,Integrated_cohort,BRL,0.01275146124
common,Integrated_cohort,EUR,0.002782205425
common,Integrated_cohort,JPY,0.01324803381
common,Integrated_cohort,GBP,-0.0001098983768
common,Integrated_cohort,CAD,0.001466890133
common,Integrated_cohort,SEK,-0.0001257367292
common,All_filters,FX,0.0162204054
common,All_filters,Interest,0.01081095339
common,All_filters,Interaction,6.671724863e-05
common,All_filters,Borrow,-0.0008241317834
common,All_filters,Trading,-0.0004008106378
common,All_filters,BRL,0.01624835726
common,All_filters,EUR,0.003835118419
common,All_filters,JPY,0.006102486963
common,All_filters,GBP,-7.457748048e-05
common,All_filters,CAD,0.0001625590893
common,All_filters,SEK,0
common,Commodity_blend,FX,0.01028923652
common,Commodity_blend,Interest,0.02436364027
common,Commodity_blend,Interaction,2.761298731e-06
common,Commodity_blend,Borrow,-0.002294929594
common,Commodity_blend,Trading,-0.0006099769289
common,Commodity_blend,BRL,0.008404331668
common,Commodity_blend,EUR,0.004854362583
common,Commodity_blend,JPY,0.01415007984
common,Commodity_blend,GBP,0.001255394601
common,Commodity_blend,CAD,0.0007319002155
common,Commodity_blend,SEK,0.002964639587
common,Equal_modules,FX,0.01816176755
common,Equal_modules,Interest,0.01500535903
common,Equal_modules,Interaction,4.439391333e-05
common,Equal_modules,Borrow,-0.001196222063
common,Equal_modules,Trading,-0.0003560787125
common,Equal_modules,BRL,0.0150002551
common,Equal_modules,EUR,0.002450776128
common,Equal_modules,JPY,0.01264136585
common,Equal_modules,GBP,0.0005258121408
common,Equal_modules,CAD,0.001979095755
common,Equal_modules,SEK,-0.0005820065464
common,Core_satellite,FX,0.01278457869
common,Core_satellite,Interest,0.02059844971
common,Core_satellite,Interaction,1.00916482e-05
common,Core_satellite,Borrow,-0.001844737004
common,Core_satellite,Trading,-0.0003645450746
common,Core_satellite,BRL,0.01006005211
common,Core_satellite,EUR,0.004142073474
common,Core_satellite,JPY,0.01369208709
common,Core_satellite,GBP,0.001034498604
common,Core_satellite,CAD,0.001017409933
common,Core_satellite,SEK,0.001602261831
common,Two_modules,FX,0.01877307088
common,Two_modules,Interest,0.01249602747
common,Two_modules,Interaction,5.05778008e-05
common,Two_modules,Borrow,-0.001005522606
common,Two_modules,Trading,-0.0004152313737
common,Two_modules,BRL,0.01490139417
common,Two_modules,EUR,0.002555910894
common,Two_modules,JPY,0.01189493978
common,Two_modules,GBP,-0.0005077387725
common,Two_modules,CAD,0.002150863718
common,Two_modules,SEK,-0.0006812162544
