name,benchmark,control,block,gamma,ce_difference,low,high
EJR_gate,Carry,base,12,3,0.001870904965,-0.01620247418,0.02541843281
EJR_gate,Carry,base,12,5,0.002974154223,-0.01531437146,0.02688890986
EJR_gate,Carry,base,12,10,0.005732277367,-0.01331608368,0.03096770505
EJR_gate,Carry,expost,12,3,0.0188745398,0.006018380004,0.03180118717
EJR_gate,Carry,expost,12,5,0.01855560793,0.005898089766,0.0312738962
EJR_gate,Carry,expost,12,10,0.01775827827,0.005702876184,0.02986233076
Size_structure,Carry,base,12,3,0.004149397575,-0.01366585157,0.02652142895
Size_structure,Carry,base,12,5,0.00498857199,-0.01301311318,0.02800049483
Size_structure,Carry,base,12,10,0.007086508028,-0.01125659328,0.03121005333
Size_structure,Carry,expost,12,3,0.0166231861,0.002506518351,0.03044249064
Size_structure,Carry,expost,12,5,0.01628105463,0.002397798445,0.0299586093
Size_structure,Carry,expost,12,10,0.01542572594,0.002037389163,0.02858337171
Gate_price,Carry,base,12,3,-0.002629568412,-0.02633928664,0.02540532878
Gate_price,Carry,base,12,5,-0.001410069743,-0.02519950378,0.02715144624
Gate_price,Carry,base,12,10,0.00163867693,-0.02257046361,0.03167219651
Gate_price,Carry,expost,12,3,0.01739553781,0.003941265447,0.03075018832
Gate_price,Carry,expost,12,5,0.01708116027,0.003886796998,0.03021699187
Gate_price,Carry,expost,12,10,0.01629521643,0.003703068962,0.02885573935
Cohort_risk,Cohort_base,base,12,3,0.008343634999,-0.00571259903,0.02939766057
Cohort_risk,Cohort_base,base,12,5,0.009011614601,-0.005202601213,0.03054867946
Cohort_risk,Cohort_base,base,12,10,0.01068156361,-0.003929410534,0.03336023255
Cohort_risk,Cohort_base,expost,12,3,0.01636221567,0.004672158175,0.02858894733
Cohort_risk,Cohort_base,expost,12,5,0.01625153561,0.004578845601,0.02861690047
Cohort_risk,Cohort_base,expost,12,10,0.01597483547,0.004220211291,0.02890891601
Equal_modules,Carry,base,12,3,0.002662481306,-0.01445645793,0.02585470637
Equal_modules,Carry,base,12,5,0.003782792564,-0.01355601283,0.02765604453
Equal_modules,Carry,base,12,10,0.006583570706,-0.01146343029,0.03195433674
Equal_modules,Carry,expost,12,3,0.01669631985,0.004311226371,0.02860591867
Equal_modules,Carry,expost,12,5,0.01654206014,0.00436669678,0.02808768121
Equal_modules,Carry,expost,12,10,0.01615641085,0.004376840884,0.02715660866
Two_modules,Carry,base,12,3,0.0009834138806,-0.01755933349,0.02590718219
Two_modules,Carry,base,12,5,0.002157878557,-0.01667496752,0.02764909216
Two_modules,Carry,base,12,10,0.005094040247,-0.01442714191,0.03176959665
Two_modules,Carry,expost,12,3,0.01718989321,0.00479549328,0.02928469626
Two_modules,Carry,expost,12,5,0.01697803206,0.004821472827,0.02885741639
Two_modules,Carry,expost,12,10,0.01644837918,0.004723838419,0.02770878503
Core_satellite,Carry,base,12,3,0.001633038463,-0.006956533307,0.01342400131
Core_satellite,Carry,base,12,5,0.002383975658,-0.006401135663,0.01464366375
Core_satellite,Carry,base,12,10,0.004261318646,-0.004929027752,0.01727045865
Core_satellite,Carry,expost,12,3,0.008482409538,0.002383124056,0.01431832131
Core_satellite,Carry,expost,12,5,0.008484182501,0.002460191468,0.01405761605
Core_satellite,Carry,expost,12,10,0.008488614906,0.002737980196,0.01386436812
Integrated_cohort,Cohort_base,base,12,3,0.0032720582,-0.01524918615,0.02993331696
Integrated_cohort,Cohort_base,base,12,5,0.004078755178,-0.01469060894,0.03106351975
Integrated_cohort,Cohort_base,base,12,10,0.006095497621,-0.01341219328,0.0340870336
Integrated_cohort,Cohort_base,expost,12,3,0.01777451171,0.003287930799,0.03267303448
Integrated_cohort,Cohort_base,expost,12,5,0.01741348504,0.003061824963,0.03205376511
Integrated_cohort,Cohort_base,expost,12,10,0.01651091836,0.002488513044,0.03070283371
Commodity_blend,Carry,base,12,3,0.001262711704,-0.0009143892914,0.003536690358
Commodity_blend,Carry,base,12,5,0.001388835329,-0.0008450781056,0.00369380273
Commodity_blend,Carry,base,12,10,0.001704144391,-0.0006745516658,0.004162477564
Commodity_blend,Carry,expost,12,3,0.003325301248,0.001172598517,0.005463633955
Commodity_blend,Carry,expost,12,5,0.003198148652,0.001020599194,0.005367462342
Commodity_blend,Carry,expost,12,10,0.002880267161,0.0005865710873,0.005132399822
EJR_gate,Carry,base,36,3,0.001870904965,-0.01039729905,0.01491479095
EJR_gate,Carry,base,36,5,0.002974154223,-0.009488862413,0.0164449832
EJR_gate,Carry,base,36,10,0.005732277367,-0.007510205144,0.02064152689
EJR_gate,Carry,expost,36,3,0.0188745398,0.008462195423,0.0302195054
EJR_gate,Carry,expost,36,5,0.01855560793,0.00850200085,0.02946420717
EJR_gate,Carry,expost,36,10,0.01775827827,0.008601047094,0.02777441277
Size_structure,Carry,base,36,3,0.004149397575,-0.01152905199,0.02130345562
Size_structure,Carry,base,36,5,0.00498857199,-0.01070208571,0.02251333556
Size_structure,Carry,base,36,10,0.007086508028,-0.008613829723,0.02582965622
Size_structure,Carry,expost,36,3,0.0166231861,0.003102978253,0.02990982567
Size_structure,Carry,expost,36,5,0.01628105463,0.00331097347,0.02930247598
Size_structure,Carry,expost,36,10,0.01542572594,0.003671572031,0.02768630398
Gate_price,Carry,base,36,3,-0.002629568412,-0.02011509036,0.01922155899
Gate_price,Carry,base,36,5,-0.001410069743,-0.01921736695,0.02106683143
Gate_price,Carry,base,36,10,0.00163867693,-0.01697967567,0.02554869302
Gate_price,Carry,expost,36,3,0.01739553781,0.008051767785,0.02881048903
Gate_price,Carry,expost,36,5,0.01708116027,0.007978612136,0.02812107908
Gate_price,Carry,expost,36,10,0.01629521643,0.007840982326,0.02656220538
Cohort_risk,Cohort_base,base,36,3,0.008343634999,-0.002896921883,0.02426421987
Cohort_risk,Cohort_base,base,36,5,0.009011614601,-0.002455049911,0.02546619905
Cohort_risk,Cohort_base,base,36,10,0.01068156361,-0.001433948421,0.02853259248
Cohort_risk,Cohort_base,expost,36,3,0.01636221567,0.008709488339,0.02607883796
Cohort_risk,Cohort_base,expost,36,5,0.01625153561,0.008517930827,0.02603708296
Cohort_risk,Cohort_base,expost,36,10,0.01597483547,0.008059275982,0.02583266422
Equal_modules,Carry,base,36,3,0.002662481306,-0.01042884253,0.02008183655
Equal_modules,Carry,base,36,5,0.003782792564,-0.009564845708,0.02191726655
Equal_modules,Carry,base,36,10,0.006583570706,-0.007308388287,0.02630234063
Equal_modules,Carry,expost,36,3,0.01669631985,0.007697968885,0.02749196665
Equal_modules,Carry,expost,36,5,0.01654206014,0.007783386277,0.02713759556
Equal_modules,Carry,expost,36,10,0.01615641085,0.007998671737,0.02629517795
Two_modules,Carry,base,36,3,0.0009834138806,-0.01367023757,0.01967585785
Two_modules,Carry,base,36,5,0.002157878557,-0.01272981368,0.02150208828
Two_modules,Carry,base,36,10,0.005094040247,-0.0103948542,0.02577101934
Two_modules,Carry,expost,36,3,0.01718989321,0.007066289207,0.02886876854
Two_modules,Carry,expost,36,5,0.01697803206,0.007143645525,0.02837355532
Two_modules,Carry,expost,36,10,0.01644837918,0.007344373535,0.0272470531
Core_satellite,Carry,base,36,3,0.001633038463,-0.004936411347,0.0105687925
Core_satellite,Carry,base,36,5,0.002383975658,-0.004334763788,0.01176611428
Core_satellite,Carry,base,36,10,0.004261318646,-0.002927167336,0.0148827351
Core_satellite,Carry,expost,36,3,0.008482409538,0.004058954959,0.01382560296
Core_satellite,Carry,expost,36,5,0.008484182501,0.004259210231,0.01370033947
Core_satellite,Carry,expost,36,10,0.008488614906,0.004608810315,0.0133769229
Integrated_cohort,Cohort_base,base,36,3,0.0032720582,-0.0124315028,0.02182776263
Integrated_cohort,Cohort_base,base,36,5,0.004078755178,-0.01191032424,0.02303034048
Integrated_cohort,Cohort_base,base,36,10,0.006095497621,-0.0106915823,0.02662216912
Integrated_cohort,Cohort_base,expost,36,3,0.01777451171,0.006403470416,0.03078698225
Integrated_cohort,Cohort_base,expost,36,5,0.01741348504,0.006271267972,0.03018086242
Integrated_cohort,Cohort_base,expost,36,10,0.01651091836,0.006006887383,0.02855323274
Commodity_blend,Carry,base,36,3,0.001262711704,-0.0002250959932,0.002612998854
Commodity_blend,Carry,base,36,5,0.001388835329,-0.0001523506325,0.002789762934
Commodity_blend,Carry,base,36,10,0.001704144391,1.757395579e-05,0.003221879846
Commodity_blend,Carry,expost,36,3,0.003325301248,0.001920709975,0.004675119743
Commodity_blend,Carry,expost,36,5,0.003198148652,0.001770080499,0.004575518268
Commodity_blend,Carry,expost,36,10,0.002880267161,0.001371921592,0.004322032694
