name,episode,excess,base_excess,vol,exposure,n
EJR_size,2018,0.0007668930192,-6.292812418e-05,0.0531400279,0.9937101846,9
EJR_size,2019,0.03763614477,0.03824983826,0.03816108469,0.8935946962,12
EJR_size,2020_2021,-0.01262942108,-0.01426984666,0.04508943072,0.9848942496,24
EJR_size,2022,0.06897029741,0.06891300466,0.0552747912,0.9971623689,12
EJR_size,2023_2026,0.05103134259,0.04898832485,0.02527741033,0.9536849417,44
EJR_gate,2018,0,-6.292812418e-05,0.000614448594,0,9
EJR_gate,2019,0,0.03824983826,0.0008612077547,0,12
EJR_gate,2020_2021,0.01629396036,-0.01426984666,0.02408261585,0.4166666667,24
EJR_gate,2022,0.07374620494,0.06891300466,0.04123510183,0.5,12
EJR_gate,2023_2026,0.04191380378,0.04898832485,0.01973921474,0.5,44
Size_structure,2018,0,-6.292812418e-05,0.000614448594,0,9
Size_structure,2019,0,0.03824983826,0.0008612077547,0,12
Size_structure,2020_2021,0.02625931839,-0.01426984666,0.02431238402,0.665133722,24
Size_structure,2022,0.06897029741,0.06891300466,0.0552747912,0.9971623689,12
Size_structure,2023_2026,0.0439201081,0.04898832485,0.02513319805,0.5948673298,44
Gate_price,2018,0,-6.292812418e-05,0.000614448594,0,9
Gate_price,2019,0,0.03824983826,0.0008612077547,0,12
Gate_price,2020_2021,0.02488595677,-0.01426984666,0.02131552852,0.3125,24
Gate_price,2022,0.07154716972,0.06891300466,0.04042498515,0.4166666667,12
Gate_price,2023_2026,0.02709609723,0.04898832485,0.01475233881,0.3409090909,44
Cohort_risk,2018,-0.004014236192,-0.001905895732,0.00617512852,0.1481481481,9
Cohort_risk,2019,0.01204124438,0.03351603213,0.007142190699,0.21875,12
Cohort_risk,2020_2021,0.02050573571,-0.02080229697,0.02524881591,0.6875,24
Cohort_risk,2022,0.08318008326,0.07652579287,0.04745937915,0.8263888889,12
Cohort_risk,2023_2026,0.04427608778,0.04548207703,0.02429309716,0.7623106061,44
Equal_modules,2018,-0.001338096196,-6.292812418e-05,0.00198324677,0.04938271605,9
Equal_modules,2019,0.004013863333,0.03824983826,0.002731372607,0.07291666667,12
Equal_modules,2020_2021,0.02389303085,-0.01426984666,0.02058882118,0.555044574,24
Equal_modules,2022,0.07458967718,0.06891300466,0.0451816116,0.7467393082,12
Equal_modules,2023_2026,0.03847610979,0.04898832485,0.01818579831,0.5660290089,44
Core_satellite,2018,-0.000701324859,-6.292812418e-05,0.02739460593,0.524691358,9
Core_satellite,2019,0.02114158043,0.03824983826,0.02135178616,0.5364583333,12
Core_satellite,2020_2021,0.004822289255,-0.01426984666,0.03147452963,0.777522287,24
Core_satellite,2022,0.07176618739,0.06891300466,0.04970207984,0.8733696541,12
Core_satellite,2023_2026,0.0437557137,0.04898832485,0.02203360905,0.7830145045,44
Integrated_cohort,2018,0,-0.001905895732,0.000614448594,0,9
Integrated_cohort,2019,0,0.03351603213,0.0008612077547,0,12
Integrated_cohort,2020_2021,0.01987752656,-0.02080229697,0.01437453472,0.4385973842,24
Integrated_cohort,2022,0.08164298141,0.07652579287,0.04715706439,0.8200641195,12
Integrated_cohort,2023_2026,0.03538163573,0.04548207703,0.02330881271,0.4375091311,44
All_filters,2018,0,-6.292812418e-05,0.000614448594,0,9
All_filters,2019,0,0.03824983826,0.0008612077547,0,12
All_filters,2020_2021,0.02527664793,-0.01426984666,0.02292077431,0.5609670553,24
All_filters,2022,0.06231293519,0.06891300466,0.0541557472,0.8721623689,12
All_filters,2023_2026,0.02860890279,0.04898832485,0.01575855299,0.2159090909,44
Commodity_blend,2018,0.004143498945,-6.292812418e-05,0.05218128286,0.9356971693,9
Commodity_blend,2019,0.03632719104,0.03824983826,0.03589038113,0.7887954776,12
Commodity_blend,2020_2021,-0.01098187002,-0.01426984666,0.04412131593,0.9240297506,24
Commodity_blend,2022,0.0686407,0.06891300466,0.05521376778,0.9781756155,12
Commodity_blend,2023_2026,0.04939733149,0.04898832485,0.02512557995,0.935406449,44
Two_modules,2018,0,-6.292812418e-05,0.000614448594,0,9
Two_modules,2019,0,0.03824983826,0.0008612077547,0,12
Two_modules,2020_2021,0.02557255306,-0.01426984666,0.01890689683,0.488816861,24
Two_modules,2022,0.07027629588,0.06891300466,0.04449134265,0.7069145178,12
Two_modules,2023_2026,0.03551668897,0.04898832485,0.01650384732,0.4678882104,44
