asset,name,benchmark,block,difference,low,high
BIL,EJR_FX,Unhedged,12,0.01530925727,-0.05385361518,0.08177882264
BIL,EJR_FX,Unhedged,36,0.01530925727,-0.05148077317,0.07059532384
BIL,EJR_FX,Half,12,0.0188271879,-0.01749398342,0.05189656257
BIL,EJR_FX,Half,36,0.0188271879,-0.01640083071,0.04652996348
BIL,EJR_FX,Matched_expost,12,0.02039169344,-0.00728652504,0.05072833205
BIL,EJR_FX,Matched_expost,36,0.02039169344,-0.00419768706,0.04554044779
BIL,Equal_signals,Unhedged,12,0.008772344358,-0.06262899977,0.07831792543
BIL,Equal_signals,Unhedged,36,0.008772344358,-0.05947964125,0.06729838203
BIL,Equal_signals,Half,12,0.012290275,-0.02091675887,0.0418798779
BIL,Equal_signals,Half,36,0.012290275,-0.02151904442,0.03873772155
BIL,Equal_signals,Matched_expost,12,0.0143282491,-0.005944890192,0.03634373446
BIL,Equal_signals,Matched_expost,36,0.0143282491,-0.004607439977,0.03363662727
BIL,Half_plus_signal,Unhedged,12,0.002627206861,-0.05468153023,0.05814920248
BIL,Half_plus_signal,Unhedged,36,0.002627206861,-0.0521860284,0.0494702074
BIL,Half_plus_signal,Half,12,0.006145137498,-0.01045837944,0.02093993895
BIL,Half_plus_signal,Half,36,0.006145137498,-0.01075952221,0.01936886077
BIL,Half_plus_signal,Matched_expost,12,0.007164124548,-0.002972445096,0.01817186723
BIL,Half_plus_signal,Matched_expost,36,0.007164124548,-0.002303719988,0.01681831364
SPY,EJR_FX,Unhedged,12,0.01530925727,-0.05385361518,0.08177882264
SPY,EJR_FX,Unhedged,36,0.01530925727,-0.05148077317,0.07059532384
SPY,EJR_FX,Half,12,0.0188271879,-0.01749398342,0.05189656257
SPY,EJR_FX,Half,36,0.0188271879,-0.01640083071,0.04652996348
SPY,EJR_FX,Matched_expost,12,0.02039169344,-0.00728652504,0.05072833205
SPY,EJR_FX,Matched_expost,36,0.02039169344,-0.00419768706,0.04554044779
SPY,Equal_signals,Unhedged,12,0.008772344358,-0.06262899977,0.07831792543
SPY,Equal_signals,Unhedged,36,0.008772344358,-0.05947964125,0.06729838203
SPY,Equal_signals,Half,12,0.012290275,-0.02091675887,0.0418798779
SPY,Equal_signals,Half,36,0.012290275,-0.02151904442,0.03873772155
SPY,Equal_signals,Matched_expost,12,0.0143282491,-0.005944890192,0.03634373446
SPY,Equal_signals,Matched_expost,36,0.0143282491,-0.004607439977,0.03363662727
SPY,Half_plus_signal,Unhedged,12,0.002627206861,-0.05468153023,0.05814920248
SPY,Half_plus_signal,Unhedged,36,0.002627206861,-0.0521860284,0.0494702074
SPY,Half_plus_signal,Half,12,0.006145137498,-0.01045837944,0.02093993895
SPY,Half_plus_signal,Half,36,0.006145137498,-0.01075952221,0.01936886077
SPY,Half_plus_signal,Matched_expost,12,0.007164124548,-0.002972445096,0.01817186723
SPY,Half_plus_signal,Matched_expost,36,0.007164124548,-0.002303719988,0.01681831364
