window,period,name,first,last,n,cagr,vol,sharpe,maxdd,mean_excess,worst_month,es95,win_rate,max_underwater_months,final_nav,ce3,ce5,ce10,exposure,turnover,cost_ann,borrow_ann,worst36
long,all,Cash,2013-03,2026-08,162,0.0181275398,0.00536712544,,0,0,0.0001041070355,0.0001041070355,1,0,1.274469651,0,0,0,0,0,0,0,0
long,early,Cash,2013-03,2018-12,70,0.005838093999,0.001788692872,,0,0,0.0001041070355,0.0001041070355,1,0,1.034539628,0,0,0,0,0,0,0,0
long,recent,Cash,2019-01,2026-08,92,0.02757869496,0.005641261931,,0,0,0.0001041070355,0.0001041070355,1,0,1.231919606,0,0,0,0,0,0,0,0
long,post2021,Cash,2022-01,2026-08,56,0.03948588874,0.004306887131,,0,0,0.0001041070355,0.0001041070355,1,0,1.198082683,0,0,0,0,0,0,0,0
long,all,Carry,2013-03,2026-08,162,0.0434589643,0.04224513392,0.6113110515,-0.09092810581,0.02550968162,-0.04651420384,-0.02317942217,0.6172839506,31,1.775896104,0.02289765956,0.02115631151,0.0168029414,1,0.9708909816,0.0003175769546,0.002492765196,-0.02221146884
long,early,Carry,2013-03,2018-12,70,0.01979397331,0.04449776236,0.3314260165,-0.0810465626,0.0147657762,-0.0289612116,-0.02503823261,0.5142857143,19,1.121129826,0.01178842115,0.009803517774,0.004841259343,1,0.6139517268,0.0002446714545,0.00249050253,0.0005147239245
long,recent,Carry,2019-01,2026-08,92,0.06183214131,0.03996052488,0.8520787464,-0.09092810581,0.03368439226,-0.04651420384,-0.02110235462,0.6956521739,31,1.584023602,0.0313402216,0.02977744116,0.02587049006,1,1.242475197,0.0003730485307,0.00249448679,-0.001083274596
long,post2021,Carry,2022-01,2026-08,56,0.09541670259,0.03433117831,1.507234843,-0.03368528823,0.05325789909,-0.01997621131,-0.01488271919,0.8035714286,5,1.530043132,0.05138507292,0.05013652214,0.04701514519,1,1.782552246,0.0005049471588,0.0024940264,0.02391321373
long,all,EJR_rank,2013-03,2026-08,162,0.02846560535,0.04121792547,0.265492194,-0.07006781514,0.01094832847,-0.0324218487,-0.02268589604,0.6111111111,36,1.460703016,0.008397487502,0.006696926858,0.002445525246,1,2.303504388,0.0005937356278,0.002493824326,-0.02385365849
long,early,EJR_rank,2013-03,2018-12,70,0.03107784393,0.04733292324,0.5470438408,-0.05622642111,0.0259145118,-0.0324218487,-0.02318158799,0.6,14,1.195455697,0.02254836496,0.02030426707,0.01469402234,1,2.730662759,0.0006854316364,0.002486582716,0.01198987215
long,recent,EJR_rank,2019-01,2026-08,92,0.02648246687,0.03614034483,-0.01226122729,-0.07006781514,-0.000438984937,-0.02736560782,-0.02228934247,0.6195652174,36,1.221879674,-0.002361734004,-0.003643566716,-0.006848148495,1,1.978492584,0.0005239669255,0.002499334247,-0.0166626203
long,post2021,EJR_rank,2022-01,2026-08,56,0.04944685167,0.02954645232,0.3311845002,-0.02172280379,0.00999049494,-0.02172280379,-0.01574827019,0.7321428571,5,1.252608714,0.008625518167,0.007715533652,0.005440572365,1,1.822165258,0.0005044977703,0.002498206893,-0.009392859339
long,all,EJR_size,2013-03,2026-08,162,0.04619883106,0.04117753739,0.6908991384,-0.08834540297,0.02809726286,-0.04658703782,-0.02264308229,0.6419753086,30,1.839891068,0.02561647296,0.02396261302,0.01982796318,0.9412325438,1.137865909,0.0003947368167,0.002346151409,-0.02116285509
long,early,EJR_size,2013-03,2018-12,70,0.0241687317,0.04331394228,0.4378277938,-0.0810465626,0.01900294728,-0.0289612116,-0.02437172652,0.5571428571,19,1.149477539,0.01617724416,0.01429344208,0.009583936889,0.9170141127,0.612143898,0.0002408684954,0.002283900503,0.008440770809
long,recent,EJR_size,2019-01,2026-08,92,0.06327776772,0.03906814533,0.9076637797,-0.08834540297,0.0350168508,-0.04658703782,-0.02072190302,0.7065217391,30,1.600632465,0.03278433049,0.03129598361,0.02757511641,0.9596596109,1.537871788,0.0005118105395,0.002393516229,-0.0001893426624
long,post2021,EJR_size,2022-01,2026-08,56,0.09721172362,0.0333568196,1.598808923,-0.03368528823,0.05487540434,-0.01997621131,-0.01490440565,0.8214285714,5,1.541778731,0.05310833497,0.05193028872,0.04898517311,0.9630015332,1.947914016,0.0006030560269,0.002401552071,0.02667334406
long,all,EJR_gate,2013-03,2026-08,162,0.04375908533,0.02927240042,0.8888726633,-0.06775993636,0.02533546416,-0.0289610415,-0.01445915609,0.9135802469,11,1.782804119,0.0241168397,0.0233044234,0.02127338264,0.3580246914,1.055095091,0.0003929097562,0.0008907276692,-0.01506503844
long,early,EJR_gate,2013-03,2018-12,70,0.0195188045,0.03301482043,0.4266177533,-0.06775993636,0.014058976,-0.0289610415,-0.02447485763,0.9,11,1.119366322,0.0124299771,0.01134397784,0.008628979682,0.2857142857,0.4240757272,0.0001848611247,0.0007118665836,-0.01506503844
long,recent,EJR_gate,2019-01,2026-08,92,0.06258813991,0.02504982207,1.385111479,-0.02152536494,0.03391540081,-0.01189629931,-0.006193817688,0.9239130435,3,1.59269051,0.03301607779,0.03241652911,0.03091765741,0.4130434783,1.53521852,0.0005512076279,0.001026817626,0.01086264024
long,post2021,EJR_gate,2022-01,2026-08,56,0.09079511053,0.02539173032,1.84559585,-0.002115108378,0.0487350326,-0.002115108378,-0.001251169906,0.9642857143,1,1.500150572,0.04768910753,0.04699182416,0.04524861571,0.5,2.055692956,0.000711476486,0.001240741706,0.02636320903
long,all,Size_structure,2013-03,2026-08,162,0.04968093757,0.03418154673,0.920297715,-0.0810465626,0.03116977705,-0.0289612116,-0.01874882618,0.7407407407,16,1.924304034,0.02944908971,0.02830196481,0.02543415258,0.6565653128,0.954420085,0.0003679371979,0.001634944095,-0.008012777402
long,early,Size_structure,2013-03,2018-12,70,0.02917513883,0.03860921077,0.612609669,-0.0810465626,0.02370217021,-0.0289612116,-0.02437172652,0.6571428571,16,1.18264438,0.02145673882,0.01995978456,0.01621739891,0.7465751486,0.8860790765,0.0003928129386,0.001859144558,0.008440770809
long,recent,Size_structure,2019-01,2026-08,92,0.06555644163,0.02988841804,1.236534543,-0.03368528823,0.03685165181,-0.01997621131,-0.01375893118,0.8043478261,6,1.627119755,0.03551938051,0.03463119965,0.03241074749,0.5880795681,1.006418678,0.000349010004,0.001464356786,0.01750621226
long,post2021,Size_structure,2022-01,2026-08,56,0.09114792076,0.03324555272,1.441006862,-0.03368528823,0.04928800581,-0.01997621131,-0.01548001226,0.8214285714,5,1.502416245,0.04753314912,0.04636324466,0.04343848351,0.6810734097,1.366534234,0.0004594574237,0.001695764993,0.0253971045
long,all,Gate_price,2013-03,2026-08,162,0.03719773422,0.01822130781,1.073131939,-0.007188978079,0.01874785044,-0.007188978079,-0.0002281515385,0.962962963,3,1.637310517,0.01829003759,0.01798482903,0.01722180761,0.2037037037,1.039270398,0.0004409705123,0.000506623721,-0.001564859765
long,early,Gate_price,2013-03,2018-12,70,0.01141075066,0.007971834688,0.7126325779,-0.001377217633,0.005558492779,-0.001377217633,6.280806428e-05,0.9857142857,1,1.068425224,0.005467234136,0.005406395041,0.005254297303,0.07857142857,0.52427853,0.0002642338847,0.0001954042965,0
long,recent,Gate_price,2019-01,2026-08,92,0.05725781118,0.02160192093,1.321753983,-0.007188978079,0.02878323127,-0.007188978079,-0.003186932971,0.9456521739,3,1.532452136,0.02807190459,0.02759768681,0.02641214234,0.2989130435,1.431112037,0.0005754440333,0.0007434211092,0.009005862574
long,post2021,Gate_price,2022-01,2026-08,56,0.07782384577,0.02236000556,1.532153533,-0.002115108378,0.03662132705,-0.002115108378,-0.001250693176,0.9642857143,1,1.418697083,0.03576437832,0.03519307916,0.03376483128,0.3571428571,1.894383914,0.0007562241596,0.0008865792649,0.009005862574
long,all,Cohort_long,2013-03,2026-08,162,0.0398498476,0.04131534457,0.5397566677,-0.09920645941,0.02199293225,-0.03750296609,-0.02249004606,0.5925925926,31,1.69474179,0.01950257587,0.01784233829,0.01369174433,0.9657921811,0.5804691591,0.0002234385566,0.002408821615,-0.02537025806
long,early,Cohort_long,2013-03,2018-12,70,0.01476014445,0.04347580541,0.2245627278,-0.08430241475,0.009765588407,-0.02939459606,-0.02512642026,0.4714285714,19,1.089230623,0.006928892769,0.005037762344,0.0003099362812,0.9208333333,0.5515245296,0.0002221789791,0.002295148635,-0.009207863461
long,recent,Cohort_long,2019-01,2026-08,92,0.05935458759,0.03898248073,0.8117200816,-0.09920645941,0.03129634604,-0.03750296609,-0.01957810312,0.6847826087,31,1.55590722,0.02906654585,0.02758001238,0.02386367873,1,0.6024922468,0.0002243969308,0.002495311926,-0.005438241467
long,post2021,Cohort_long,2022-01,2026-08,56,0.09419093509,0.03446510993,1.460404236,-0.03233304857,0.05213430185,-0.01875755054,-0.01593540409,0.8214285714,5,1.522069646,0.05022272301,0.04894833711,0.04576237237,1,0.730251794,0.0002586393156,0.002494222155,0.0194080194
long,all,Commodity_blend,2013-03,2026-08,162,0.04078652414,0.03979611749,0.5838039244,-0.08438347972,0.02283621632,-0.04663413911,-0.02265982785,0.6728395062,30,1.71546719,0.02054109559,0.0190110151,0.01518581389,0.7923222763,1.230158072,0.0004491028576,0.001977717515,-0.01942677437
long,early,Commodity_blend,2013-03,2018-12,70,0.01266025715,0.04055167327,0.1868905746,-0.08103014485,0.00757049495,-0.0289612116,-0.02437172652,0.6428571429,19,1.076147914,0.005109192361,0.003468323968,-0.0006338470131,0.6259708269,0.6297234042,0.0002785499838,0.001564113948,-0.01649578066
long,recent,Commodity_blend,2019-01,2026-08,92,0.06270911653,0.03834249643,0.9089533879,-0.08438347972,0.0344514391,-0.04663413911,-0.02064808262,0.6956521739,30,1.594081229,0.0322965607,0.03085997509,0.02726851108,0.9188940314,1.687010536,0.0005788713485,0.002292415881,0.0004999508772
long,post2021,Commodity_blend,2022-01,2026-08,56,0.09574204034,0.03324035093,1.562517928,-0.03368528823,0.05352091046,-0.01997621131,-0.0149033011,0.8035714286,5,1.53216492,0.0517610095,0.0505877422,0.04765457395,0.9445712704,2.024754175,0.0006428125142,0.002356262921,0.02447800627
long,all,Two_modules,2013-03,2026-08,162,0.04355311345,0.02245270936,1.139280289,-0.04089999273,0.02496262566,-0.01443000805,-0.008885545632,0.7592592593,13,1.778060503,0.02424249613,0.02376240978,0.02256219389,0.4301345082,0.982701897,0.0004006419416,0.001070783908,-0.004006241052
long,early,Two_modules,2013-03,2018-12,70,0.02043992348,0.02035449512,0.7172544539,-0.04089999273,0.01463077454,-0.01443000805,-0.01213423269,0.6571428571,13,1.125278641,0.01400663832,0.0135905475,0.01255032047,0.4125732886,0.6992971154,0.0003280803685,0.001027274427,0.004218113876
long,recent,Two_modules,2019-01,2026-08,92,0.06148931068,0.02281712556,1.436883927,-0.01406310282,0.03282381673,-0.008704872439,-0.005762821392,0.8369565217,6,1.580106863,0.03204106138,0.03151922448,0.03021463223,0.4434963058,1.19833597,0.0004558518342,0.001103888948,0.01704836871
long,post2021,Two_modules,2022-01,2026-08,56,0.0845805045,0.02468136123,1.651080723,-0.01406310282,0.04296517617,-0.008704872439,-0.00612015539,0.8928571429,3,1.460679846,0.04194942381,0.04127225557,0.03957933497,0.5191081334,1.598938861,0.0005973310546,0.001291172129,0.01720793654
common,all,Cash,2018-04,2026-08,101,0.02678870048,0.005431628045,,0,0,0.0001041070355,0.0001041070355,1,0,1.249201306,0,0,0,0,0,0,0,0
common,recent,Cash,2019-01,2026-08,92,0.02757869496,0.005641261931,,0,0,0.0001041070355,0.0001041070355,1,0,1.231919606,0,0,0,0,0,0,0,0
common,post2021,Cash,2022-01,2026-08,56,0.03948588874,0.004306887131,,0,0,0.0001041070355,0.0001041070355,1,0,1.198082683,0,0,0,0,0,0,0,0
common,all,Carry,2018-04,2026-08,101,0.05779677398,0.04114523588,0.7536926591,-0.09092810581,0.0306772053,-0.04651420384,-0.0198940789,0.6732673267,31,1.604669155,0.02819216021,0.02653546348,0.02239372165,1,1.275191768,0.0004042623559,0.002493251945,-0.00861221044
common,recent,Carry,2019-01,2026-08,92,0.06183214131,0.03996052488,0.8520787464,-0.09092810581,0.03368439226,-0.04651420384,-0.02110235462,0.6956521739,31,1.584023602,0.0313402216,0.02977744116,0.02587049006,1,1.242475197,0.0003730485307,0.00249448679,-0.001083274596
common,post2021,Carry,2022-01,2026-08,56,0.09541670259,0.03433117831,1.507234843,-0.03368528823,0.05325789909,-0.01997621131,-0.01488271919,0.8035714286,5,1.530043132,0.05138507292,0.05013652214,0.04701514519,1,1.782552246,0.0005049471588,0.0024940264,0.02391321373
common,all,EJR_rank,2018-04,2026-08,101,0.02511032212,0.03774081333,-0.02532728733,-0.07006781514,-0.0009475648084,-0.0324218487,-0.02397809351,0.6138613861,36,1.23211886,-0.003047141537,-0.004446859356,-0.007946153904,1,2.352342211,0.0006311954248,0.002496944743,-0.02399339608
common,recent,EJR_rank,2019-01,2026-08,92,0.02648246687,0.03614034483,-0.01226122729,-0.07006781514,-0.000438984937,-0.02736560782,-0.02228934247,0.6195652174,36,1.221879674,-0.002361734004,-0.003643566716,-0.006848148495,1,1.978492584,0.0005239669255,0.002499334247,-0.0166626203
common,post2021,EJR_rank,2022-01,2026-08,56,0.04944685167,0.02954645232,0.3311845002,-0.02172280379,0.00999049494,-0.02172280379,-0.01574827019,0.7321428571,5,1.252608714,0.008625518167,0.007715533652,0.005440572365,1,1.822165258,0.0005044977703,0.002498206893,-0.009392859339
common,all,EJR_size,2018-04,2026-08,101,0.05918754161,0.04034155201,0.8022469459,-0.08834540297,0.03196487437,-0.04658703782,-0.01957703589,0.6831683168,30,1.62251332,0.02958353595,0.02799597701,0.02402707965,0.9626938205,1.549728615,0.000532254856,0.002399861882,-0.007515702597
common,recent,EJR_size,2019-01,2026-08,92,0.06327776772,0.03906814533,0.9076637797,-0.08834540297,0.0350168508,-0.04658703782,-0.02072190302,0.7065217391,30,1.600632465,0.03278433049,0.03129598361,0.02757511641,0.9596596109,1.537871788,0.0005118105395,0.002393516229,-0.0001893426624
common,post2021,EJR_size,2022-01,2026-08,56,0.09721172362,0.0333568196,1.598808923,-0.03368528823,0.05487540434,-0.01997621131,-0.01490440565,0.8214285714,5,1.541778731,0.05310833497,0.05193028872,0.04898517311,0.9630015332,1.947914016,0.0006030560269,0.002401552071,0.02667334406
common,all,EJR_gate,2018-04,2026-08,101,0.05860619282,0.02415439093,1.313182853,-0.02152536494,0.03089323638,-0.01189629931,-0.005451932803,0.9306930693,3,1.615033201,0.03006306517,0.0295096177,0.02812599902,0.3762376238,1.398416869,0.0005020901165,0.0009353190253,0.003153337577
common,recent,EJR_gate,2019-01,2026-08,92,0.06258813991,0.02504982207,1.385111479,-0.02152536494,0.03391540081,-0.01189629931,-0.006193817688,0.9239130435,3,1.59269051,0.03301607779,0.03241652911,0.03091765741,0.4130434783,1.53521852,0.0005512076279,0.001026817626,0.01086264024
common,post2021,EJR_gate,2022-01,2026-08,56,0.09079511053,0.02539173032,1.84559585,-0.002115108378,0.0487350326,-0.002115108378,-0.001251169906,0.9642857143,1,1.500150572,0.04768910753,0.04699182416,0.04524861571,0.5,2.055692956,0.000711476486,0.001240741706,0.02636320903
common,all,Size_structure,2018-04,2026-08,101,0.06129952526,0.02875937229,1.174014889,-0.03368528823,0.03356784125,-0.01997621131,-0.0125458366,0.8217821782,6,1.649945429,0.03234155778,0.03152403547,0.02948022968,0.5356764383,0.9167378061,0.0003179101026,0.001333869548,0.006052625857
common,recent,Size_structure,2019-01,2026-08,92,0.06555644163,0.02988841804,1.236534543,-0.03368528823,0.03685165181,-0.01997621131,-0.01375893118,0.8043478261,6,1.627119755,0.03551938051,0.03463119965,0.03241074749,0.5880795681,1.006418678,0.000349010004,0.001464356786,0.01750621226
common,post2021,Size_structure,2022-01,2026-08,56,0.09114792076,0.03324555272,1.441006862,-0.03368528823,0.04928800581,-0.01997621131,-0.01548001226,0.8214285714,5,1.502416245,0.04753314912,0.04636324466,0.04343848351,0.6810734097,1.366534234,0.0004594574237,0.001695764993,0.0253971045
common,all,Gate_price,2018-04,2026-08,101,0.05376795575,0.02083878097,1.253911506,-0.007188978079,0.02621838888,-0.007188978079,-0.0008100707442,0.9504950495,3,1.553949787,0.02556259179,0.02512539373,0.02403239858,0.2722772277,1.303587202,0.0005241668422,0.0006771756638,0.008881335183
common,recent,Gate_price,2019-01,2026-08,92,0.05725781118,0.02160192093,1.321753983,-0.007188978079,0.02878323127,-0.007188978079,-0.003186932971,0.9456521739,3,1.532452136,0.02807190459,0.02759768681,0.02641214234,0.2989130435,1.431112037,0.0005754440333,0.0007434211092,0.009005862574
common,post2021,Gate_price,2022-01,2026-08,56,0.07782384577,0.02236000556,1.532153533,-0.002115108378,0.03662132705,-0.002115108378,-0.001250693176,0.9642857143,1,1.418697083,0.03576437832,0.03519307916,0.03376483128,0.3571428571,1.894383914,0.0007562241596,0.0008865792649,0.009005862574
common,all,Cohort_base,2018-04,2026-08,101,0.05487517269,0.03801958114,0.7395713366,-0.09920645941,0.02777529802,-0.03750296609,-0.01839033698,0.6732673267,31,1.567745926,0.02565962488,0.02424917613,0.02072305423,0.9455445545,0.6644450998,0.0002523713142,0.002359342062,-0.01457831584
common,recent,Cohort_base,2019-01,2026-08,92,0.05871716414,0.03864429115,0.8029335558,-0.09920645941,0.03067889306,-0.03750296609,-0.01957810312,0.6847826087,31,1.548744037,0.02848905796,0.02702916789,0.02337944271,0.9972826087,0.6287642564,0.0002345858348,0.002488555456,-0.00549838548
common,post2021,Cohort_base,2022-01,2026-08,56,0.09419093509,0.03446510993,1.460404236,-0.03233304857,0.05213430185,-0.01875755054,-0.01593540409,0.8214285714,5,1.522069646,0.05022272301,0.04894833711,0.04576237237,1,0.730251794,0.0002586393156,0.002494222155,0.0194080194
common,all,Cohort_long,2018-04,2026-08,101,0.05554833508,0.04026567689,0.7156305353,-0.09920645941,0.02850195527,-0.03750296609,-0.01862386931,0.6633663366,31,1.576186316,0.02612258056,0.02453633076,0.02057070624,1,0.6922370016,0.0002688569382,0.002494003553,-0.01296717731
common,recent,Cohort_long,2019-01,2026-08,92,0.05935458759,0.03898248073,0.8117200816,-0.09920645941,0.03129634604,-0.03750296609,-0.01957810312,0.6847826087,31,1.55590722,0.02906654585,0.02758001238,0.02386367873,1,0.6024922468,0.0002243969308,0.002495311926,-0.005438241467
common,post2021,Cohort_long,2022-01,2026-08,56,0.09419093509,0.03446510993,1.460404236,-0.03233304857,0.05213430185,-0.01875755054,-0.01593540409,0.8214285714,5,1.522069646,0.05022272301,0.04894833711,0.04576237237,1,0.730251794,0.0002586393156,0.002494222155,0.0194080194
common,all,Cohort_risk,2018-04,2026-08,101,0.06297592505,0.02742518133,1.288776917,-0.01716708479,0.03511696362,-0.01478064839,-0.009684113154,0.7722772277,9,1.672009945,0.03400325988,0.03326079073,0.03140461783,0.6328382838,0.9346855225,0.0003006246002,0.001577620977,0.005275024917
common,recent,Cohort_risk,2019-01,2026-08,92,0.06782478272,0.02834025235,1.378229883,-0.01716708479,0.03894501577,-0.01478064839,-0.01030074208,0.7717391304,9,1.653864668,0.0377473057,0.03694883231,0.03495264886,0.6802536232,0.9542831201,0.0003056586027,0.001695789651,0.0176842386
common,post2021,Cohort_risk,2022-01,2026-08,56,0.09485717811,0.03021599164,1.663723907,-0.01611006423,0.05261265824,-0.01478064839,-0.01181411956,0.8392857143,4,1.526399424,0.05111259616,0.05011255477,0.04761245129,0.7760416667,1.045296718,0.0003247641274,0.001934642538,0.01834662
common,all,Integrated_cohort,2018-04,2026-08,101,0.05748016962,0.02467513045,1.214312498,-0.01647932121,0.02983731076,-0.01389248657,-0.008052522842,0.8415841584,5,1.60063123,0.02893168308,0.0283279313,0.02681855185,0.3922525586,0.4995245444,0.0001756447399,0.0009755656535,0.008431135359
common,recent,Integrated_cohort,2019-01,2026-08,92,0.06134737697,0.02561575401,1.279490998,-0.01647932121,0.03275617811,-0.01389248657,-0.008878707014,0.8260869565,5,1.578487779,0.03177306557,0.03111765721,0.0294791363,0.4306250916,0.5483910759,0.0001928273775,0.001071001424,0.01325168437
common,post2021,Integrated_cohort,2022-01,2026-08,56,0.08695308077,0.02955165646,1.464439577,-0.01647932121,0.04529478123,-0.01389248657,-0.01123924787,0.8392857143,4,1.475651226,0.0438598051,0.04290315435,0.04051152746,0.5194852001,0.6864381519,0.0002375000727,0.001292165415,0.01801077598
common,all,All_filters,2018-04,2026-08,101,0.05331737199,0.02455744443,1.04104211,-0.03368528823,0.02587313362,-0.0199762113,-0.01041055872,0.900990099,9,1.548366126,0.02494661803,0.02432894098,0.02278474834,0.3309817599,1.159295648,0.0004008106378,0.0008241317834,0.005397512217
common,recent,All_filters,2019-01,2026-08,92,0.05676152074,0.02554141969,1.095138213,-0.03368528823,0.02840420104,-0.0199762113,-0.01211244618,0.8913043478,9,1.52694572,0.02739513742,0.02672242834,0.02504065564,0.3633604104,1.272705005,0.0004400203741,0.0009047533709,0.007292002112
common,post2021,All_filters,2022-01,2026-08,56,0.07682922125,0.02794487542,1.219562398,-0.03368528823,0.03583119545,-0.0199762113,-0.01188653342,0.9107142857,5,1.412597881,0.03453638617,0.03367317998,0.03151516451,0.3565347933,1.598286457,0.000567830826,0.0008885661231,0.007292002112
common,all,Commodity_blend,2018-04,2026-08,101,0.05899382204,0.03957322524,0.8115713318,-0.08438347972,0.03175073157,-0.04663413911,-0.01958118284,0.6732673267,30,1.620017378,0.02945487191,0.0279242988,0.02409786604,0.9203913407,1.730278109,0.0006099769289,0.002294929594,-0.006172354124
common,recent,Commodity_blend,2019-01,2026-08,92,0.06270911653,0.03834249643,0.9089533879,-0.08438347972,0.0344514391,-0.04663413911,-0.02064808262,0.6956521739,30,1.594081229,0.0322965607,0.03085997509,0.02726851108,0.9188940314,1.687010536,0.0005788713485,0.002292415881,0.0004999508772
common,post2021,Commodity_blend,2022-01,2026-08,56,0.09574204034,0.03324035093,1.562517928,-0.03368528823,0.05352091046,-0.01997621131,-0.0149033011,0.8035714286,5,1.53216492,0.0517610095,0.0505877422,0.04765457395,0.9445712704,2.024754175,0.0006428125142,0.002356262921,0.02447800627
common,all,Equal_modules,2018-04,2026-08,101,0.0594342267,0.02327794989,1.366978561,-0.01427455725,0.03165921972,-0.009036767515,-0.006024318001,0.8415841584,8,1.625696591,0.03085464151,0.03031825604,0.02897729236,0.4802639833,0.9569205212,0.0003560787125,0.001196222063,0.006741420284
common,recent,Equal_modules,2019-01,2026-08,92,0.06363980986,0.02408279633,1.449630476,-0.01427455725,0.03488721802,-0.009036767515,-0.006342423419,0.8260869565,8,1.604815617,0.03401843901,0.03343925301,0.03199128801,0.5224154116,1.026583867,0.0003827858158,0.001301189182,0.01726664168
common,post2021,Equal_modules,2022-01,2026-08,56,0.08805546958,0.02583362155,1.696936721,-0.01427455725,0.04621473138,-0.009036767515,-0.006936440865,0.875,3,1.482648389,0.04510217807,0.04436047586,0.04250622035,0.6047526445,1.277634117,0.0004727475592,0.001505662265,0.01761257825
common,all,Core_satellite,2018-04,2026-08,101,0.05873201233,0.03044062304,1.036151137,-0.0471284929,0.03118383797,-0.02568137809,-0.01236128274,0.6930693069,18,1.616649518,0.02982519867,0.02891943913,0.0266550403,0.7401319916,1.065471963,0.0003645450746,0.001844737004,-0.0007117701256
common,recent,Core_satellite,2019-01,2026-08,92,0.06283394765,0.03062656182,1.1306051,-0.0471284929,0.03430303868,-0.02568137809,-0.01331451627,0.7173913043,18,1.595517365,0.03292222664,0.03200168529,0.02970033189,0.7612077058,1.081134718,0.0003606836329,0.001897837986,0.009360551473
common,post2021,Core_satellite,2022-01,2026-08,56,0.09178006324,0.02955795331,1.617950494,-0.02400244675,0.04975795806,-0.01450654935,-0.01090902464,0.8392857143,3,1.506482453,0.04833927331,0.04739348347,0.04502900889,0.8023763222,1.467293434,0.0004672045341,0.001999844333,0.02078322668
common,all,Two_modules,2018-04,2026-08,101,0.05760898393,0.02203528635,1.361530879,-0.01406310282,0.02989892217,-0.008704872439,-0.005333706565,0.8514851485,6,1.602273027,0.02917557409,0.02869334203,0.0274877619,0.403976833,1.091553557,0.0004152313737,0.001005522606,0.007466662896
common,recent,Two_modules,2019-01,2026-08,92,0.06148931068,0.02281712556,1.436883927,-0.01406310282,0.03282381673,-0.008704872439,-0.005762821392,0.8369565217,6,1.580106863,0.03204106138,0.03151922448,0.03021463223,0.4434963058,1.19833597,0.0004558518342,0.001103888948,0.01704836871
common,post2021,Two_modules,2022-01,2026-08,56,0.0845805045,0.02468136123,1.651080723,-0.01406310282,0.04296517617,-0.008704872439,-0.00612015539,0.8928571429,3,1.460679846,0.04194942381,0.04127225557,0.03957933497,0.5191081334,1.598938861,0.0005973310546,0.001291172129,0.01720793654
