family,history,origin,last_return,chosen
long,36,2016-03,2016-02,EJR_size
long,36,2017-01,2016-12,EJR_size
long,36,2018-01,2017-12,Size_structure
long,36,2019-01,2018-12,Size_structure
long,36,2020-01,2019-12,Gate_price
long,36,2021-01,2020-12,Gate_price
long,36,2022-01,2021-12,Size_structure
long,36,2023-01,2022-12,Gate_price
long,36,2024-01,2023-12,Size_structure
long,36,2025-01,2024-12,EJR_size
long,36,2026-01,2025-12,Size_structure
long,60,2018-03,2018-02,Size_structure
long,60,2019-01,2018-12,Size_structure
long,60,2020-01,2019-12,Commodity_blend
long,60,2021-01,2020-12,Size_structure
long,60,2022-01,2021-12,Gate_price
long,60,2023-01,2022-12,Gate_price
long,60,2024-01,2023-12,Size_structure
long,60,2025-01,2024-12,Size_structure
long,60,2026-01,2025-12,Size_structure
common,36,2021-04,2021-03,Gate_price
common,36,2022-01,2021-12,Cohort_risk
common,36,2023-01,2022-12,Gate_price
common,36,2024-01,2023-12,Size_structure
common,36,2025-01,2024-12,Commodity_blend
common,36,2026-01,2025-12,Size_structure
common,60,2023-04,2023-03,Cohort_risk
common,60,2024-01,2023-12,Size_structure
common,60,2025-01,2024-12,Size_structure
common,60,2026-01,2025-12,Size_structure
